#include "anime_avatar_120x160.h"

const uint16_t gImage_anime_avatar_120x160[ANIME_AVATAR_WIDTH * ANIME_AVATAR_HEIGHT] = {
    0xFFDD, 0xFFFE, 0xFFFD, 0xFFFD, 0xFFDD, 0xFFDD, 0xFFDD, 0xFFDD, 0xFFDD, 0xFFDD, 0xFFDD, 0xFFDD,
    0xFFDD, 0xFFDD, 0xFFDD, 0xFFDD, 0xFFDD, 0xFFDD, 0xFFDD, 0xFFDD, 0xFFDD, 0xFFDD, 0xFFDD, 0xFFDD,
    0xFFDD, 0xFFDD, 0xFFDD, 0xFFDD, 0xFFDD, 0xFFDD, 0xFFDD, 0xFFDD, 0xFFDD, 0xFFDD, 0xFFDD, 0xFFDD,
    0xFFDD, 0xFFDD, 0xFFDD, 0xFFDD, 0xFFDD, 0xFFDD, 0xFFDD, 0xFFDD, 0xFFDD, 0xFFDD, 0xFFFD, 0xFFFD,
    0xFFDD, 0xFFDD, 0xFFDD, 0xFFFD, 0xFFFD, 0xFFFD, 0xFFDD, 0xFFDD, 0xFFDD, 0xFFDD, 0xFFDE, 0xFFDD,
    0xFFDD, 0xFFDD, 0xFFDD, 0xFFDD, 0xFFDD, 0xFFDD, 0xFFDD, 0xFFDD, 0xFFDD, 0xFFDD, 0xFFBD, 0xFFBD,
    0xFFBD, 0xFFBD, 0xFFBD, 0xFFBD, 0xFFBD, 0xFFBD, 0xFFBD, 0xFFBD, 0xFFBD, 0xFFBD, 0xFFBD, 0xFFBD,
    0xFFBD, 0xFFBD, 0xFFBD, 0xFFBD, 0xFFBD, 0xFFBD, 0xFFBD, 0xFFBD, 0xFFBD, 0xFFBD, 0xFFBE, 0xFFBE,
    0xFFBE, 0xFFBE, 0xFFBE, 0xFFBE, 0xFFBD, 0xFFBD, 0xFFBD, 0xFFBD, 0xFFBD, 0xFFBE, 0xFFBE, 0xFFBE,
    0xFFBE, 0xFFBE, 0xFFBE, 0xFFBE, 0xFFBE, 0xFFBE, 0xFFBE, 0xFFBE, 0xFFBE, 0xFFBE, 0xFFBE, 0xFFBE,
    0xFFDD, 0xFFDD, 0xFFDD, 0xFFDD, 0xFFDD, 0xFFDD, 0xFFDD, 0xFFDD, 0xFFDD, 0xFFDD, 0xFFDD, 0xFFDD,
    0xFFDD, 0xFFDD, 0xFFDD, 0xFFDD, 0xFFDD, 0xFFDD, 0xFFDD, 0xFFDD, 0xFFDD, 0xFFDD, 0xFFDD, 0xFFDD,
    0xFFDD, 0xFFDD, 0xFFDD, 0xFFDD, 0xFFDD, 0xFFDD, 0xFFDD, 0xFFDD, 0xFFDD, 0xFFDD, 0xFFDD, 0xFFDD,
    0xFFDD, 0xFFDD, 0xFFDD, 0xFFDD, 0xFFDD, 0xFFDD, 0xFFDE, 0xFFFD, 0xFFDD, 0xFFDD, 0xFFDD, 0xFFDD,
    0xFFDD, 0xFFDD, 0xFFDD, 0xFFDD, 0xFFDD, 0xFFDD, 0xFFDD, 0xFFDD, 0xFFDD, 0xFFDD, 0xFFDD, 0xFFDD,
    0xFFDD, 0xFFDD, 0xFFDD, 0xFFDD, 0xFFBD, 0xFFBD, 0xFFBD, 0xFFDD, 0xFFDD, 0xFFBD, 0xFFBD, 0xFFBD,
    0xFFBD, 0xFFBD, 0xFFBD, 0xFFBD, 0xFFBD, 0xFFBD, 0xFFBD, 0xFFBD, 0xFFBD, 0xFFBD, 0xFFBD, 0xFFBD,
    0xFFBD, 0xFFBD, 0xFFBD, 0xFFBD, 0xFFBD, 0xFFBD, 0xFFBD, 0xFFBD, 0xFFBD, 0xFFBD, 0xFFBE, 0xFFBE,
    0xFFBE, 0xFFBE, 0xFFBE, 0xFFBD, 0xFFBD, 0xFF9D, 0xFF9D, 0xFFBD, 0xFFBD, 0xFFBD, 0xFFBE, 0xFFBE,
    0xFFBE, 0xFFBD, 0xFFBE, 0xFFBE, 0xFFBE, 0xFFBE, 0xFFBE, 0xFFBD, 0xFFBD, 0xFFBD, 0xFFBD, 0xFFBE,
    0xFFDD, 0xFFDD, 0xFFDD, 0xFFDD, 0xFFDD, 0xFFDD, 0xFFDD, 0xFFDD, 0xFFDD, 0xFFDD, 0xFFDD, 0xFFDD,
    0xFFDD, 0xFFDD, 0xFFDD, 0xFFDD, 0xFFDD, 0xFFDD, 0xFFDD, 0xFFDD, 0xFFDD, 0xFFDD, 0xFFDD, 0xFFDD,
    0xFFDD, 0xFFDD, 0xFFDD, 0xFFDD, 0xFFDD, 0xFFDD, 0xFFDD, 0xFFDD, 0xFFDD, 0xFFDD, 0xFFDD, 0xFFDD,
    0xFFDD, 0xFFDD, 0xFFDD, 0xFFDD, 0xFFDD, 0xFFDE, 0xFFDD, 0xFFDD, 0xFFFE, 0xFFDD, 0xFFDD, 0xFFDD,
    0xFFDD, 0xFFDD, 0xFFDD, 0xFFDD, 0xFFDD, 0xFFDD, 0xFFDD, 0xFFDD, 0xFFDD, 0xFFDD, 0xFFDD, 0xFFDD,
    0xFFDD, 0xFFDD, 0xFFDD, 0xFFBD, 0xFFBD, 0xFFBD, 0xFFDD, 0xFFDD, 0xFFDD, 0xFFBD, 0xFFBD, 0xFFBD,
    0xFFBD, 0xFFBD, 0xFFBD, 0xFFBD, 0xFFBD, 0xFFBD, 0xFFBD, 0xFFBD, 0xFFBD, 0xFFBD, 0xFFBD, 0xFFBD,
    0xFFBD, 0xFFBD, 0xFFBD, 0xFFBD, 0xFFBD, 0xFFBD, 0xFFBD, 0xFFBE, 0xFFBD, 0xFFBE, 0xFFBE, 0xFFBE,
    0xFFBE, 0xFFBE, 0xFFBE, 0xFFBE, 0xFFBD, 0xFFBD, 0xFFBD, 0xFFBD, 0xFFBD, 0xFFBD, 0xFFBE, 0xFFBE,
    0xFFBE, 0xFFBE, 0xFFBE, 0xFFBD, 0xFFBE, 0xFFBE, 0xFFBE, 0xFFBD, 0xFFBD, 0xFFBD, 0xFFBD, 0xFFBE,
    0xFFDD, 0xFFDD, 0xFFDD, 0xFFDD, 0xFFDD, 0xFFDD, 0xFFDD, 0xFFDD, 0xFFDD, 0xFFDD, 0xFFDD, 0xFFDD,
    0xFFDD, 0xFFDD, 0xFFDD, 0xFFDD, 0xFFDD, 0xFFDD, 0xFFDD, 0xFFDD, 0xFFDD, 0xFFDD, 0xFFDD, 0xFFDD,
    0xFFDD, 0xFFDD, 0xFFDD, 0xFFDD, 0xFFDD, 0xFFDD, 0xFFDD, 0xFFDD, 0xFFDD, 0xFFDD, 0xFFDD, 0xFFDD,
    0xFFDD, 0xFFDD, 0xFFDD, 0xFFDD, 0xFFDD, 0xFFFE, 0xF79C, 0xCDB2, 0xE73A, 0xFFFE, 0xFFDD, 0xFFDD,
    0xFFDD, 0xFFDD, 0xFFDD, 0xFFDD, 0xFFDD, 0xFFDD, 0xFFDD, 0xFFDD, 0xFFDD, 0xFFDD, 0xFFDD, 0xFFDD,
    0xFFDD, 0xFFBD, 0xFFBD, 0xFFBD, 0xFFBD, 0xFFDD, 0xFFDD, 0xFFDD, 0xFFDD, 0xFFBD, 0xFFBD, 0xFFBD,
    0xFFBD, 0xFFBD, 0xFFBD, 0xFFBD, 0xFFBD, 0xFFBD, 0xFFBD, 0xFFBD, 0xFFBD, 0xFFBD, 0xFFBD, 0xFFBD,
    0xFFBD, 0xFFBD, 0xFFBD, 0xFFBD, 0xFFBD, 0xFFBD, 0xFFBD, 0xFFBE, 0xFFBE, 0xFFBE, 0xFFBE, 0xFFBE,
    0xFFBE, 0xFFBE, 0xFFBE, 0xFFBE, 0xFFBD, 0xFFBD, 0xFFBD, 0xFFBD, 0xFFBD, 0xFFBD, 0xFFBE, 0xFFBE,
    0xFFBE, 0xFFBE, 0xFFBE, 0xFFBD, 0xFFBE, 0xFFBE, 0xFF9E, 0xFFBD, 0xFFBD, 0xFFBD, 0xFFBD, 0xFFBD,
    0xFFDD, 0xFFDD, 0xFFDD, 0xFFDD, 0xFFDD, 0xFFDD, 0xFFDD, 0xFFDD, 0xFFDD, 0xFFDD, 0xFFDD, 0xFFDD,
    0xFFDD, 0xFFDD, 0xFFDD, 0xFFDD, 0xFFDD, 0xFFDD, 0xFFDD, 0xFFDD, 0xFFDD, 0xFFDD, 0xFFDD, 0xFFDD,
    0xFFDD, 0xFFDD, 0xFFDD, 0xFFDD, 0xFFDD, 0xFFDD, 0xFFDD, 0xFFDD, 0xFFDD, 0xFFDD, 0xFFDD, 0xFFDD,
    0xFFDD, 0xFFDD, 0xFFDD, 0xFFDD, 0xFFDD, 0xFFDD, 0xFFDE, 0xE692, 0xCD8F, 0xF75C, 0xFFFD, 0xFFDD,
    0xFFDD, 0xFFDD, 0xFFDD, 0xFFDD, 0xFFDD, 0xFFDD, 0xFFDD, 0xFFDD, 0xFFDD, 0xFFDD, 0xFFDD, 0xFFDD,
    0xFFBD, 0xFFBD, 0xFFDD, 0xFFDD, 0xFFBD, 0xFFDD, 0xFFDD, 0xFFDD, 0xFFDD, 0xFFBD, 0xFFBD, 0xFFBD,
    0xFFBD, 0xFFBD, 0xFFBD, 0xFFBD, 0xFFBD, 0xFFBD, 0xFFBD, 0xFFBD, 0xFFBD, 0xFFBD, 0xFFBD, 0xFFBD,
    0xFFBD, 0xFFBD, 0xFFBD, 0xFFBD, 0xFFBD, 0xFFBD, 0xFFBD, 0xFFBE, 0xFFBE, 0xFFBE, 0xFFBE, 0xFFBE,
    0xFFBE, 0xFFBE, 0xFFBE, 0xFFBE, 0xFFBD, 0xFFBD, 0xFFBD, 0xFFBD, 0xFFBD, 0xFFBD, 0xFFBD, 0xFFBE,
    0xFFBE, 0xFFBE, 0xFFBE, 0xFFBE, 0xFFBE, 0xFFBE, 0xFFBE, 0xFFBD, 0xFFBE, 0xFFBD, 0xFFBD, 0xFFBD,
    0xFFDD, 0xFFDD, 0xFFDD, 0xFFDE, 0xFFDD, 0xFFDD, 0xFFDD, 0xFFDD, 0xFFDD, 0xFFDD, 0xFFDD, 0xFFDD,
    0xFFDD, 0xFFDD, 0xFFDD, 0xFFDD, 0xFFDD, 0xFFDD, 0xFFDD, 0xFFDD, 0xFFDD, 0xFFDD, 0xFFDD, 0xFFDD,
    0xFFDD, 0xFFDD, 0xFFDD, 0xFFDD, 0xFFDD, 0xFFDD, 0xFFDD, 0xFFDD, 0xFFDD, 0xFFDD, 0xFFDD, 0xFFDD,
    0xFFDD, 0xFFDD, 0xFFDD, 0xFFDD, 0xFFDD, 0xFFDD, 0xFFDD, 0xEEB3, 0xEE6D, 0xCD92, 0xFFFF, 0xFFBD,
    0xFFDD, 0xFFDD, 0xFFDD, 0xFFDD, 0xFFDD, 0xFFDD, 0xFFDD, 0xFFDD, 0xFFDD, 0xFFDD, 0xFFDD, 0xFFDD,
    0xFFDD, 0xFFDD, 0xFFDD, 0xFFDD, 0xFFBD, 0xFFBD, 0xFFDD, 0xFFDD, 0xFFDD, 0xFFDD, 0xFFDD, 0xFFBD,
    0xFFBD, 0xFFBD, 0xFFBD, 0xFFBD, 0xFFBD, 0xFFBD, 0xFFBD, 0xFFBD, 0xFFBD, 0xFFBD, 0xFFBD, 0xFFBD,
    0xFFBD, 0xFFBD, 0xFFBD, 0xFFBD, 0xFFBD, 0xFFBD, 0xFFBD, 0xFFBD, 0xFFBD, 0xFFBE, 0xFFBE, 0xFFBE,
    0xFFBE, 0xFFBE, 0xFFBE, 0xFFBE, 0xFFBD, 0xFFBD, 0xFFBD, 0xFFBD, 0xFFBD, 0xFFBD, 0xFFBD, 0xFFBD,
    0xFFBD, 0xFFBE, 0xFFBE, 0xFFBE, 0xFFBE, 0xFFBE, 0xFFBE, 0xFFBE, 0xFFBE, 0xFFBE, 0xFFBE, 0xFFBD,
    0xFFDD, 0xFFDD, 0xFFDD, 0xFFDD, 0xFFDD, 0xFFDD, 0xFFDD, 0xFFDD, 0xFFDD, 0xFFDD, 0xFFDD, 0xFFDD,
    0xFFDD, 0xFFDD, 0xFFDD, 0xFFFD, 0xFFDD, 0xFFDD, 0xFFDD, 0xFFDD, 0xFFDD, 0xFFDD, 0xFFDD, 0xFFDD,
    0xFFDD, 0xFFDD, 0xFFDD, 0xFFDD, 0xFFDD, 0xFFDD, 0xFFDD, 0xFFDD, 0xFFDD, 0xFFDD, 0xFFDD, 0xFFDD,
    0xFFDD, 0xFFDD, 0xFFDD, 0xFFDD, 0xFFDD, 0xFFFD, 0xF7BC, 0xE671, 0xFF50, 0xBC6B, 0xF79C, 0xFFFE,
    0xFFDD, 0xFFDD, 0xFFDD, 0xFFDD, 0xFFDD, 0xFFDD, 0xFFDE, 0xFFDD, 0xFFDD, 0xFFDD, 0xFFDD, 0xFFDD,
    0xFFDD, 0xFFDD, 0xFFDD, 0xFFDD, 0xFFBD, 0xFFBD, 0xFFDD, 0xFFDD, 0xFFDD, 0xFFDD, 0xFFBD, 0xFFBD,
    0xFFBD, 0xFFBD, 0xFFBD, 0xFFBD, 0xFFBD, 0xFFBD, 0xFFBD, 0xFFBD, 0xFFBD, 0xFFBD, 0xFFBD, 0xFFBD,
    0xFFBD, 0xFFBD, 0xFFBD, 0xFFBD, 0xFFBD, 0xFFBD, 0xFFBD, 0xFFBD, 0xFFBD, 0xFFBE, 0xFFBE, 0xFFBE,
    0xFFBE, 0xFFBE, 0xFFBE, 0xFFBE, 0xFFBD, 0xFFBD, 0xFFBD, 0xFFBD, 0xFFBD, 0xFFBD, 0xFFBD, 0xFFBD,
    0xFFBE, 0xFFBE, 0xFFBE, 0xFFBE, 0xFFBE, 0xFFBE, 0xFFBE, 0xFFBE, 0xFFBE, 0xFFBE, 0xFFBE, 0xFFBE,
    0xFFDD, 0xFFDD, 0xFFDD, 0xFFDD, 0xFFDD, 0xFFDD, 0xFFDD, 0xFFDD, 0xFFDD, 0xFFDD, 0xFFDD, 0xFFDD,
    0xFFDD, 0xFFDD, 0xFFDD, 0xFFDD, 0xFFDD, 0xFFDD, 0xFFDD, 0xFFDD, 0xFFDD, 0xFFDD, 0xFFDD, 0xFFDD,
    0xFFDD, 0xFFDD, 0xFFDD, 0xFFDD, 0xFFDD, 0xFFDD, 0xFFDD, 0xFFDD, 0xFFDD, 0xFFDD, 0xFFDD, 0xFFDD,
    0xFFDD, 0xFFDD, 0xFFDD, 0xFFDD, 0xFFDD, 0xFFFE, 0xF75B, 0xEE90, 0xFF92, 0xC429, 0xE6B9, 0xFFFE,
    0xFFBD, 0xFFDD, 0xFFDD, 0xFFDD, 0xFFDD, 0xFFDD, 0xFFFD, 0xFFDD, 0xFFFD, 0xFFFE, 0xFFFE, 0xFFDD,
    0xFFDD, 0xFFDD, 0xFFDD, 0xFFDD, 0xFFDD, 0xFFFD, 0xFFFE, 0xFFDD, 0xFFDC, 0xFFBD, 0xFFBD, 0xFFDD,
    0xFFBD, 0xFFBD, 0xFFBD, 0xFFBD, 0xFFBD, 0xFFBD, 0xFFBD, 0xFFBD, 0xFFBD, 0xFFBD, 0xFFBD, 0xFFBD,
    0xFFBD, 0xFFBD, 0xFFBD, 0xFFBD, 0xFFBD, 0xFFBD, 0xFFBD, 0xFFBE, 0xFFBE, 0xFFBE, 0xFFBE, 0xFFBE,
    0xFFBE, 0xFFBE, 0xFFBE, 0xFFBE, 0xFFBE, 0xFFBD, 0xFFBD, 0xFFBD, 0xFFBE, 0xFFBD, 0xFFBE, 0xFFBE,
    0xFFBE, 0xFFBE, 0xFFBE, 0xFFBE, 0xFFBE, 0xFFBE, 0xFFBE, 0xFFBE, 0xFFBE, 0xFFBE, 0xFFBE, 0xFFBE,
    0xFFDD, 0xFFDD, 0xFFDD, 0xFFDD, 0xFFDD, 0xFFDD, 0xFFDD, 0xFFDD, 0xFFDD, 0xFFDD, 0xFFDD, 0xFFDD,
    0xFFDD, 0xFFDD, 0xFFDD, 0xFFDD, 0xFFDD, 0xFFDD, 0xFFDD, 0xFFDD, 0xFFDD, 0xFFDD, 0xFFDD, 0xFFDD,
    0xFFDD, 0xFFDD, 0xFFDD, 0xFFDD, 0xFFDD, 0xFFDD, 0xFFDD, 0xFFDD, 0xFFDD, 0xFFDD, 0xFFDD, 0xFFDD,
    0xFFDD, 0xFFDD, 0xFFDD, 0xFFDD, 0xFFDD, 0xFFFF, 0xE6B5, 0xF70F, 0xFF93, 0xC428, 0xD5F5, 0xFFFF,
    0xFFDD, 0xFFDD, 0xFFDD, 0xFFDD, 0xFFFE, 0xFFFD, 0xFFDD, 0xF79D, 0xF79D, 0xF79D, 0xFFBD, 0xFFFE,
    0xFFFE, 0xFFDD, 0xFFDD, 0xFFFE, 0xFFFE, 0xEF7C, 0xE73B, 0xEF5C, 0xF7BD, 0xFFFD, 0xFFFE, 0xFFDD,
    0xFFDD, 0xFFBD, 0xFFBD, 0xFFDE, 0xFFBD, 0xFFBD, 0xFFBD, 0xFFBD, 0xFFBD, 0xFFBD, 0xFFBD, 0xFFBD,
    0xFFBD, 0xFFBD, 0xFFBD, 0xFFBD, 0xFFBD, 0xFFBD, 0xFFBD, 0xFFBE, 0xFFBE, 0xFFBE, 0xFFBE, 0xFFBE,
    0xFFBE, 0xFFBE, 0xFFBE, 0xFFBE, 0xFFBE, 0xFFBE, 0xFFBD, 0xFFBE, 0xFFBE, 0xFFBD, 0xFFBE, 0xFFBE,
    0xFFBE, 0xFFBE, 0xFFBE, 0xFFBE, 0xFFBE, 0xFFBE, 0xFFBE, 0xFFBE, 0xFFBE, 0xFFBE, 0xFFBE, 0xFFBE,
    0xFFDD, 0xFFDD, 0xFFDD, 0xFFDD, 0xFFDD, 0xFFDD, 0xFFDD, 0xFFDD, 0xFFBC, 0xFFDD, 0xFFDD, 0xFFDD,
    0xFFDD, 0xFFDD, 0xFFDD, 0xFFDD, 0xFFDD, 0xFFDD, 0xFFDD, 0xFFDD, 0xFFDD, 0xFFDD, 0xFFDD, 0xFFDD,
    0xFFDD, 0xFFDD, 0xFFDD, 0xFFDD, 0xFFDD, 0xFFDD, 0xFFDD, 0xFFDD, 0xFFDD, 0xFFDD, 0xFFDD, 0xFFDD,
    0xFFDD, 0xFFFD, 0xFFDD, 0xFFDD, 0xFFFE, 0xF7BD, 0xD632, 0xFF51, 0xFF72, 0xBBA7, 0xCD94, 0xFFFF,
    0xFFDD, 0xFFDD, 0xFFFE, 0xFFDD, 0xF7BD, 0xEF5C, 0xE73B, 0xDEFB, 0xD679, 0xCE38, 0xC617, 0xD699,
    0xE73C, 0xFFFE, 0xFFFE, 0xC638, 0xA4D5, 0xAD56, 0xCE59, 0xD6BA, 0xD679, 0xCE79, 0xDEDA, 0xF79D,
    0xFFFE, 0xFFDD, 0xFFBD, 0xFFDD, 0xFFDD, 0xFFBD, 0xFFBD, 0xFFBD, 0xFFBD, 0xFFBD, 0xFFBD, 0xFFBD,
    0xFFBD, 0xFFBD, 0xFFBD, 0xFFBD, 0xFFBE, 0xFFBD, 0xFFBE, 0xFFBE, 0xFFBE, 0xFFBE, 0xFFBE, 0xFFBE,
    0xFFBE, 0xFFBE, 0xFFBE, 0xFFBE, 0xFFBE, 0xFFBE, 0xFFBE, 0xFFBE, 0xFFBE, 0xFFBE, 0xFFBE, 0xFFBE,
    0xFFBE, 0xFFBE, 0xFFBE, 0xFFBE, 0xFFBE, 0xFFBE, 0xFFBE, 0xFFBE, 0xFFBE, 0xFFBE, 0xFFBE, 0xFFBE,
    0xFFDD, 0xFFDD, 0xFFDD, 0xFFDD, 0xFFDD, 0xFFDD, 0xFFDD, 0xFFDD, 0xFFDD, 0xFFDD, 0xFFDD, 0xFFDD,
    0xFFDD, 0xFFDD, 0xFFDD, 0xFFDD, 0xFFDD, 0xFFDD, 0xFFDD, 0xFFDD, 0xFFDD, 0xFFDD, 0xFFDD, 0xFFDD,
    0xFFDD, 0xFFDD, 0xFFDD, 0xFFDD, 0xFFDD, 0xFFDD, 0xFFDD, 0xFFDD, 0xFFDD, 0xFFDD, 0xFFDD, 0xFFDD,
    0xFFDD, 0xFFFD, 0xFFDD, 0xFFDE, 0xFFFD, 0xE6B8, 0xE6D7, 0xFF51, 0xFF11, 0xAB26, 0xD5F6, 0xFFFF,
    0xFFDD, 0xFFFD, 0xF7BD, 0xE73B, 0xD679, 0xBD96, 0xB514, 0xAC93, 0xA473, 0xA453, 0x9C12, 0x93F1,
    0x8C11, 0xBDB6, 0x9453, 0x6AED, 0x9C72, 0xB535, 0xBD76, 0xCE38, 0xE71B, 0xF7BD, 0xE73C, 0xCE79,
    0xD6BA, 0xF7BD, 0xFFDE, 0xFFBD, 0xFFDD, 0xFFBE, 0xFFBD, 0xFFBD, 0xFFBD, 0xFFBD, 0xFFBD, 0xFFBD,
    0xFFBD, 0xFFBD, 0xFFBD, 0xFFBD, 0xFFBD, 0xFFBE, 0xFFBE, 0xFFBE, 0xFFBD, 0xFFBE, 0xFFBE, 0xFFBE,
    0xFFBE, 0xFF9E, 0xFFBE, 0xFFBE, 0xFFBE, 0xFFBE, 0xFFBE, 0xFFBE, 0xFFBE, 0xFFBE, 0xFFBE, 0xFFBE,
    0xFFBE, 0xFFBE, 0xFFBE, 0xFFBD, 0xFFBD, 0xFFBE, 0xFFBE, 0xFFBE, 0xFFBE, 0xFFBE, 0xFFBE, 0xFFBE,
    0xFFDD, 0xFFDD, 0xFFDD, 0xFFDD, 0xFFDD, 0xFFDD, 0xFFDD, 0xFFDD, 0xFFDD, 0xFFDD, 0xFFDD, 0xFFDD,
    0xFFDD, 0xFFDD, 0xFFDD, 0xFFDD, 0xFFDD, 0xFFDD, 0xFFDD, 0xFFDD, 0xFFDD, 0xFFDD, 0xFFDD, 0xFFDD,
    0xFFDD, 0xFFDD, 0xFFDD, 0xFFDD, 0xFFDD, 0xFFDD, 0xFFDD, 0xFFDD, 0xFFDD, 0xFFDD, 0xFFDE, 0xFFFD,
    0xFFDD, 0xFFDD, 0xFFDD, 0xFFFF, 0xE6D8, 0xE71B, 0xEF58, 0xFF51, 0xE650, 0xA2A5, 0xDE57, 0xFFFF,
    0xFFFE, 0xD6B9, 0xB555, 0xA493, 0xA432, 0xAC53, 0xAC53, 0xAC53, 0xAC33, 0x9BF2, 0xAC54, 0xA433,
    0x9BF3, 0x93D1, 0x8B50, 0xA432, 0xA412, 0x9B71, 0x832F, 0x72CE, 0x526C, 0x6B4F, 0xBDB6, 0xEF7C,
    0xF79D, 0xD6BA, 0xE71A, 0xFFDE, 0xFFDE, 0xFFDD, 0xFFDE, 0xFFDE, 0xFFDE, 0xFFBD, 0xFFBD, 0xFFBD,
    0xFFBE, 0xFFBE, 0xFFBE, 0xFFBE, 0xFFBE, 0xFFBE, 0xFFBE, 0xFFBD, 0xFFBE, 0xFFBE, 0xFFBE, 0xFFBE,
    0xFFBE, 0xFFBE, 0xFFBE, 0xFFBE, 0xFFBE, 0xFFBE, 0xFFBE, 0xFFBE, 0xFFBE, 0xFFBE, 0xFFBE, 0xFFBE,
    0xFFBE, 0xFFBE, 0xFFBD, 0xFFBD, 0xFFBD, 0xFFBE, 0xFFBE, 0xFFBE, 0xFFBE, 0xFFBE, 0xFFBE, 0xFFBE,
    0xFFDD, 0xFFDD, 0xFFDD, 0xFFDD, 0xFFDD, 0xFFDD, 0xFFDD, 0xFFDD, 0xFFDD, 0xFFDD, 0xFFDD, 0xFFDD,
    0xFFDD, 0xFFDD, 0xFFDD, 0xFFDD, 0xFFDD, 0xFFDD, 0xFFDD, 0xFFDD, 0xFFDD, 0xFFDD, 0xFFDD, 0xFFDD,
    0xFFDD, 0xFFDD, 0xFFDD, 0xFFDD, 0xFFDD, 0xFFDD, 0xFFDD, 0xFFDD, 0xFFDD, 0xFFDD, 0xFFDD, 0xFFDD,
    0xFFFD, 0xFFFE, 0xFFFF, 0xE719, 0xDEB8, 0xFFFF, 0xE6D5, 0xFFB2, 0xCCCB, 0xA2C6, 0xEF5C, 0xD6B9,
    0x9451, 0x93B0, 0x9BF2, 0xB474, 0xBCB4, 0xBCB4, 0xB4B4, 0xB493, 0xB493, 0x9390, 0x4A0B, 0x5A6D,
    0x316A, 0x62AE, 0x9BF2, 0x8B91, 0xA433, 0xAC33, 0x9BD2, 0xA412, 0x9391, 0x39AB, 0x2129, 0x4A4C,
    0x9CD4, 0xEF7C, 0xEF5D, 0xD6BA, 0xF7BD, 0xFFFE, 0xFFDE, 0xFFDE, 0xFFDE, 0xFFDE, 0xFFDE, 0xFFDE,
    0xFFDE, 0xFFBE, 0xFFBE, 0xFFBE, 0xFFBE, 0xFFBE, 0xFFBE, 0xFFBD, 0xFFBD, 0xFFBD, 0xFFBE, 0xFFBD,
    0xFFBD, 0xFFBD, 0xFFBE, 0xFFBE, 0xFF9E, 0xFFBE, 0xFFBE, 0xFFBE, 0xFFBE, 0xFFBE, 0xFFBE, 0xFFBE,
    0xFFBE, 0xFFBE, 0xFFBD, 0xFFBD, 0xFFBD, 0xFFBD, 0xFFBD, 0xFFBE, 0xFFBE, 0xFFBE, 0xFFBE, 0xFFBE,
    0xFFDD, 0xFFDD, 0xFFDD, 0xFFDD, 0xFFDD, 0xFFDD, 0xFFDD, 0xFFDD, 0xFFDD, 0xFFDD, 0xFFDD, 0xFFDD,
    0xFFDD, 0xFFDD, 0xFFDD, 0xFFDD, 0xFFDD, 0xFFDD, 0xFFDD, 0xFFDD, 0xFFDD, 0xFFDD, 0xFFDD, 0xFFDD,
    0xFFDD, 0xFFDD, 0xFFDD, 0xFFDD, 0xFFDD, 0xFFDD, 0xFFDD, 0xFFDD, 0xFFDD, 0xFFDD, 0xFFDE, 0xFFFE,
    0xF7BC, 0xE6D8, 0xDE77, 0xE6D9, 0xFFFF, 0xF79E, 0xEED3, 0xF752, 0xAB67, 0x9B4A, 0xA514, 0x8BAF,
    0xA412, 0xB495, 0xBCB4, 0xB494, 0xB494, 0xB4B4, 0xBCD4, 0xC4F5, 0x9BF1, 0x626D, 0x398A, 0x18E8,
    0x398A, 0x2107, 0x2969, 0x6B0E, 0xA3F2, 0xA3D2, 0x9BD2, 0x93B1, 0x9BD2, 0x8B70, 0x318A, 0x2109,
    0x294B, 0x422C, 0xA535, 0xEF7D, 0xDEDA, 0xEF3C, 0xFFFE, 0xFFDE, 0xFFDE, 0xFFDE, 0xFFDE, 0xFFDE,
    0xFFDE, 0xFFDE, 0xFFBE, 0xFFBE, 0xFFBE, 0xFFBE, 0xFFBE, 0xFFBD, 0xFFBD, 0xFFBD, 0xFFBD, 0xFFBD,
    0xFFBE, 0xFFBE, 0xFFBE, 0xFFBE, 0xFFBE, 0xFFBE, 0xFFBE, 0xFFBE, 0xFFBE, 0xFFBE, 0xFFBE, 0xFFBE,
    0xFFBE, 0xFFBE, 0xFFBE, 0xFFBE, 0xFFBD, 0xFFBD, 0xFFBD, 0xFFBE, 0xFFBE, 0xFFBE, 0xFFBE, 0xFFBE,
    0xFFDD, 0xFFDD, 0xFFDD, 0xFFDD, 0xFFDD, 0xFFDD, 0xFFBD, 0xFFBC, 0xFFBC, 0xFFBD, 0xFFBD, 0xFFDD,
    0xFFDD, 0xFFDD, 0xFFDD, 0xFFDD, 0xFFDD, 0xFFDD, 0xFFDD, 0xFFDD, 0xFFDD, 0xFFDD, 0xFFDD, 0xFFDD,
    0xFFDD, 0xFFDD, 0xFFDD, 0xFFDD, 0xFFDE, 0xFFDE, 0xFFFD, 0xFFFD, 0xFFDD, 0xFFFE, 0xFFDD, 0xEEF9,
    0xE6B9, 0xCE35, 0xE6F9, 0xFFFF, 0xFFFF, 0xEF3B, 0xF752, 0xDDCE, 0xA2A5, 0x832C, 0x8BD0, 0x6AAD,
    0x3189, 0x7B0F, 0xC4B4, 0xB493, 0xB4B4, 0xB4B4, 0x9C11, 0x832E, 0x6AAD, 0x522B, 0x49CB, 0x2129,
    0x20E8, 0x2148, 0x520C, 0x8BB1, 0x8370, 0x9390, 0x93B0, 0x93B1, 0x93B1, 0x9BB1, 0x82EF, 0x3168,
    0x1107, 0x214A, 0x214A, 0x630F, 0xDEBA, 0xE6FB, 0xDEFB, 0xFFFE, 0xFFDE, 0xFFDE, 0xFFDE, 0xFFDE,
    0xFFDE, 0xFFBE, 0xFFBE, 0xFFBE, 0xFFBE, 0xFFBE, 0xFFBE, 0xFFBE, 0xFFBE, 0xFFBE, 0xFFBE, 0xFFBE,
    0xFFBE, 0xFFBE, 0xFFBE, 0xFFBE, 0xFFBE, 0xFFBE, 0xFFBE, 0xFFBE, 0xFFBE, 0xFFBE, 0xFFBE, 0xFFBE,
    0xFFBE, 0xFFBE, 0xFFBE, 0xFFBE, 0xFFBE, 0xFFBE, 0xFFBE, 0xFFBE, 0xFFBE, 0xFFBE, 0xFFBE, 0xFFBE,
    0xFFDD, 0xFFDD, 0xFFDD, 0xFFBD, 0xFFBD, 0xFFBD, 0xFFBD, 0xFFBC, 0xFFBC, 0xFFBD, 0xFFBD, 0xFFDD,
    0xFFDD, 0xFFDD, 0xFFDD, 0xFFDD, 0xFFDD, 0xFFDD, 0xFFDD, 0xFFDD, 0xFFDD, 0xFFDD, 0xFFDD, 0xFFDD,
    0xFFDD, 0xFFDD, 0xFFDD, 0xFFDD, 0xFFDD, 0xFFDE, 0xFFFE, 0xFFFE, 0xFFFE, 0xF77B, 0xE6D8, 0xE6F9,
    0xE71B, 0xFFBD, 0xFFFF, 0xFFDE, 0xFFFF, 0xE6D5, 0xF732, 0xBBC8, 0x9286, 0x41C9, 0x2127, 0x0065,
    0x20C6, 0xA412, 0xBCB5, 0xB494, 0x9BF1, 0x832E, 0x834F, 0x93B1, 0xA433, 0xB4B5, 0x7B50, 0x526D,
    0x39CB, 0x18E7, 0x49CA, 0x8B8F, 0x9390, 0x9BF2, 0x93B1, 0x834F, 0x626C, 0x41C9, 0x3988, 0x49EA,
    0x3989, 0x18E6, 0x2149, 0x214A, 0x31CA, 0xAD76, 0xE73B, 0xE6FB, 0xFFFE, 0xFFDD, 0xFFDE, 0xFFDE,
    0xFFDE, 0xFFDE, 0xFFDE, 0xFFDE, 0xFFBE, 0xFFBE, 0xFFBE, 0xFFBE, 0xFFBE, 0xFFBE, 0xFFBE, 0xFFBE,
    0xFFBE, 0xFFBE, 0xFFBE, 0xFFBE, 0xFFBE, 0xFFBE, 0xFF9E, 0xFFBE, 0xFFBE, 0xFFBE, 0xFFBE, 0xFFBE,
    0xFFBE, 0xFFBE, 0xFFBE, 0xFFBE, 0xFFBE, 0xFFBE, 0xFFBE, 0xFFBE, 0xFFBE, 0xFFBE, 0xFFBE, 0xFFBE,
    0xFFDD, 0xFFDD, 0xFFDD, 0xFFDD, 0xFFBD, 0xFFDD, 0xFFBD, 0xFFBD, 0xFFDD, 0xFFBD, 0xFFBD, 0xFFDD,
    0xFFDD, 0xFFDD, 0xFFDD, 0xFFDD, 0xFFDD, 0xFFDD, 0xFFDD, 0xFFDD, 0xFFDD, 0xFFDD, 0xFFDD, 0xFFDD,
    0xFFDD, 0xFFDD, 0xFFDD, 0xFFDD, 0xFFDD, 0xFFFE, 0xFFFE, 0xFFFF, 0xEF19, 0xE6D8, 0xEF3C, 0xF77D,
    0xFFBE, 0xFFBE, 0xFFBE, 0xFFFE, 0xEF5D, 0xEF33, 0xD58D, 0xB306, 0x51C6, 0x0065, 0x10C6, 0x10C5,
    0x93B1, 0xBCF5, 0x9412, 0x838F, 0x8BB0, 0xA433, 0xAC74, 0xB495, 0xB474, 0x7B0F, 0x524C, 0x39CB,
    0x39CC, 0x39CA, 0x7B2F, 0xA432, 0xBC75, 0xA433, 0xAC13, 0x9BD2, 0x9390, 0x72ED, 0x39A9, 0x10A5,
    0x3147, 0x2128, 0x18E6, 0x18E6, 0x2149, 0x2149, 0x8C32, 0xDEFB, 0xE73C, 0xFFDE, 0xFFBE, 0xFFDE,
    0xFFDE, 0xFFDE, 0xFFDE, 0xFFDE, 0xFFBE, 0xFFBE, 0xFFBE, 0xFFBE, 0xFFBE, 0xFFBE, 0xFFBE, 0xFFBE,
    0xFFBE, 0xFFBE, 0xFFBE, 0xFFBE, 0xFFBE, 0xFFBE, 0xFF9E, 0xFF9E, 0xFFBE, 0xFFBE, 0xFFBE, 0xFFBE,
    0xFFBE, 0xFFBE, 0xFFBE, 0xFFBE, 0xFFBE, 0xFFBE, 0xFFBE, 0xFFBE, 0xFFBE, 0xFFBE, 0xFFBE, 0xFFBE,
    0xFFDD, 0xFFDD, 0xFFDD, 0xFFDC, 0xFFBD, 0xFFDD, 0xFFBD, 0xFFBD, 0xFFDD, 0xFFDD, 0xFFDD, 0xFFDD,
    0xFFDD, 0xFFDD, 0xFFDD, 0xFFDD, 0xFFDD, 0xFFDD, 0xFFDD, 0xFFDD, 0xFFDD, 0xFFDD, 0xFFDD, 0xFFDD,
    0xFFDD, 0xFFDD, 0xFFDD, 0xFFDD, 0xFFDD, 0xFFFE, 0xFFFF, 0xEEF8, 0xEEF8, 0xEF7D, 0xF77D, 0xFFBE,
    0xFFBE, 0xFF9D, 0xFFBE, 0xFFDF, 0xE6D6, 0xEF11, 0xB387, 0x9AC6, 0x10C5, 0x10E6, 0x0884, 0x832F,
    0xB4B4, 0x838F, 0x8BB1, 0xA433, 0xAC74, 0xA454, 0xAC74, 0xA433, 0x41C8, 0x0821, 0x0862, 0x18E6,
    0x39AA, 0x31AB, 0x8B90, 0xBC94, 0x626B, 0x18C4, 0x49C9, 0x93B1, 0x9391, 0x7B0F, 0x522B, 0x39C9,
    0x18C5, 0x18C6, 0x1907, 0x18E6, 0x18C6, 0x1948, 0x194A, 0x6B6F, 0xD679, 0xF77D, 0xFFDE, 0xFFDE,
    0xFFDE, 0xFFDE, 0xFFDE, 0xFFDE, 0xFFBE, 0xFFBE, 0xFFBE, 0xFFBE, 0xFFBE, 0xFFBE, 0xFFBE, 0xFFBE,
    0xFFBE, 0xFF9E, 0xFFBE, 0xFFBE, 0xFFBE, 0xFFBE, 0xFFBE, 0xFFBE, 0xFFBE, 0xFFBE, 0xFF9E, 0xFFBE,
    0xFFBE, 0xFFBE, 0xFFBE, 0xFFBE, 0xFFBE, 0xFFBE, 0xFF9E, 0xFFBE, 0xFFBE, 0xFFBE, 0xFFBE, 0xFFBE,
    0xFFDD, 0xFFDD, 0xFFDD, 0xFFDC, 0xFFBD, 0xFFBD, 0xFFDD, 0xFFDD, 0xFFDD, 0xFFDD, 0xFFDD, 0xFFDD,
    0xFFDD, 0xFFDD, 0xFFDD, 0xFFDD, 0xFFDD, 0xFFDD, 0xFFDD, 0xFFDD, 0xFFDD, 0xFFDD, 0xFFDD, 0xFFDD,
    0xFFDD, 0xFFDD, 0xFFDD, 0xFFDD, 0xFFDD, 0xFFFF, 0xEF19, 0xEF19, 0xF7BF, 0xFF7E, 0xFF9E, 0xFF9E,
    0xFFBE, 0xFFBE, 0xF79E, 0xE6DA, 0xEF33, 0xC4CB, 0xAB26, 0x4185, 0x0885, 0x0864, 0x6ACD, 0xA473,
    0x8B90, 0xA433, 0xAC54, 0xA454, 0xA433, 0xB474, 0xA412, 0x2906, 0x0021, 0x1083, 0x10A4, 0x0864,
    0x0884, 0x5A6C, 0x9390, 0x3146, 0x0022, 0x18A5, 0x0843, 0x2946, 0x730E, 0x41CA, 0x3168, 0x2127,
    0x31C9, 0x1927, 0x18C6, 0x18E6, 0x18E7, 0x18E6, 0x2128, 0x194A, 0x5AED, 0xD679, 0xFFFE, 0xFFDE,
    0xFFDE, 0xFFDE, 0xFFDE, 0xFFDE, 0xFFDE, 0xFFBE, 0xFFBE, 0xFFBE, 0xFFBE, 0xFFBE, 0xFFBE, 0xFFBE,
    0xFFBE, 0xFFBE, 0xFF9E, 0xFFBE, 0xFFBE, 0xFFBE, 0xFFBE, 0xFFBE, 0xFFBE, 0xFFBE, 0xFF9E, 0xFFBE,
    0xFFBE, 0xFFBE, 0xFFBE, 0xFFBE, 0xFFBE, 0xFFBE, 0xFF9E, 0xFFBE, 0xFFBE, 0xFFBE, 0xFFBE, 0xFFBE,
    0xFFDD, 0xFFDD, 0xFFDD, 0xFFBC, 0xFFBD, 0xFFDD, 0xFFDD, 0xFFDD, 0xFFDD, 0xFFDD, 0xFFDD, 0xFFDD,
    0xFFDD, 0xFFDD, 0xFFDD, 0xFFDD, 0xFFDD, 0xFFDD, 0xFFDD, 0xFFDD, 0xFFDD, 0xFFDD, 0xFFDD, 0xFFDD,
    0xFFDD, 0xFFDD, 0xFFDD, 0xFFDE, 0xFFFE, 0xEF3A, 0xE6D8, 0xFFFF, 0xF77D, 0xFF7E, 0xFFBE, 0xFFDE,
    0xF77D, 0xDF1D, 0xDEFC, 0xE6F4, 0xDE30, 0xB327, 0x6A06, 0x0884, 0x0883, 0x524B, 0xA433, 0x93F1,
    0xAC95, 0xAC54, 0xA434, 0xA434, 0xB474, 0x9C12, 0x20E4, 0x0821, 0x1082, 0x0842, 0x1083, 0x20E5,
    0x18C6, 0x41A9, 0x6A8C, 0x18C4, 0x1906, 0x10C5, 0x10C4, 0x0042, 0x3146, 0x4A0B, 0x2107, 0x2107,
    0x18C6, 0x2168, 0x1948, 0x10C6, 0x18E6, 0x18E7, 0x18E6, 0x1928, 0x214B, 0x5AED, 0xE6FB, 0xFFFF,
    0xFFDE, 0xFFDE, 0xFFDE, 0xFFDE, 0xFFDE, 0xFFBE, 0xFFBE, 0xFFBE, 0xFFBE, 0xFFBE, 0xFFBE, 0xFFBE,
    0xFFBE, 0xFFBE, 0xFFBE, 0xFFBE, 0xFFBE, 0xFFBE, 0xFFBE, 0xFFBE, 0xFFBE, 0xFFBE, 0xFFBE, 0xFFBE,
    0xFFBE, 0xFFBE, 0xFFBE, 0xFFBE, 0xFFBE, 0xFFBE, 0xFFBE, 0xFFBE, 0xFFBE, 0xFFBE, 0xFFBE, 0xFFBE,
    0xFFDD, 0xFFDD, 0xFFDD, 0xFFBD, 0xFFDD, 0xFFDD, 0xFFDD, 0xFFDD, 0xFFDD, 0xFFDD, 0xFFDD, 0xFFDD,
    0xFFDD, 0xFFDD, 0xFFDD, 0xFFDD, 0xFFDD, 0xFFDD, 0xFFDD, 0xFFDD, 0xFFDD, 0xFFDD, 0xFFDD, 0xFFDD,
    0xFFDD, 0xFFDD, 0xFFDD, 0xFFFE, 0xF7BC, 0xDE96, 0xFFFF, 0xF7BE, 0xFF5D, 0xFFBE, 0xEF5D, 0xCE7B,
    0xC67C, 0xD69C, 0xDE94, 0xEF12, 0xB3A9, 0x7A46, 0x1083, 0x0843, 0x4A2A, 0xA453, 0xA412, 0xAC54,
    0xA434, 0xAC54, 0xA454, 0xAC74, 0xA413, 0x2905, 0x0041, 0x0862, 0x0884, 0x39A9, 0x524C, 0x5A6D,
    0x8371, 0x93B2, 0x9BD2, 0x93D2, 0x8390, 0x628C, 0x2926, 0x0862, 0x0001, 0x3987, 0x3169, 0x18E7,
    0x18E6, 0x18C6, 0x1948, 0x1948, 0x18C6, 0x18E6, 0x18E6, 0x18E7, 0x2169, 0x21CC, 0x632E, 0xF79D,
    0xFFFF, 0xFFDE, 0xFFDE, 0xFFDE, 0xFFDE, 0xFFBE, 0xFFBE, 0xFFBE, 0xFFBE, 0xFFBE, 0xFFBE, 0xFFBE,
    0xFFBE, 0xFFBE, 0xFFBE, 0xFFBE, 0xFFBE, 0xFFBE, 0xFFBE, 0xFFBE, 0xFFBE, 0xFFBE, 0xFFBE, 0xFF9E,
    0xFFBE, 0xFFBE, 0xFFBE, 0xFFBE, 0xFFBE, 0xFFBE, 0xFFBE, 0xFFBE, 0xFFBE, 0xFFBE, 0xFFBE, 0xFFBE,
    0xFFDD, 0xFFDD, 0xFFDD, 0xFFBD, 0xFFBD, 0xFFDD, 0xFFDD, 0xFFDD, 0xFFDD, 0xFFDD, 0xFFDD, 0xFFDD,
    0xFFDD, 0xFFDD, 0xFFDD, 0xFFDD, 0xFFDD, 0xFFDD, 0xFFDD, 0xFFDD, 0xFFDD, 0xFFDD, 0xFFDD, 0xFFDD,
    0xFFDD, 0xFFDD, 0xFFDD, 0xFFFE, 0xE6D8, 0xF79C, 0xFFFF, 0xFF9E, 0xFF7E, 0xDEDD, 0xC63B, 0xDF3D,
    0xE71B, 0xDE93, 0xF752, 0xC42B, 0x7A46, 0x18A3, 0x0023, 0x522B, 0xAC74, 0xA433, 0xAC74, 0xA434,
    0xA454, 0xA434, 0xA454, 0xAC54, 0x3167, 0x0000, 0x1083, 0x41AA, 0x8B71, 0x8B91, 0x524C, 0x730E,
    0x8B70, 0x9BF2, 0x9BF2, 0x8350, 0x93B1, 0xA413, 0x8BB1, 0x524A, 0x18C4, 0x0021, 0x31A8, 0x18E7,
    0x18E6, 0x18E6, 0x18C6, 0x1927, 0x2108, 0x18C6, 0x18C6, 0x18E7, 0x1928, 0x21CC, 0x21AC, 0x7BCF,
    0xFFDE, 0xFFDE, 0xFFDE, 0xFFDE, 0xFFDE, 0xFFDE, 0xFFDE, 0xFFBE, 0xFFBE, 0xFFBE, 0xFFBE, 0xFFBE,
    0xFFBE, 0xFFBE, 0xFFBE, 0xFFBE, 0xFFBE, 0xFFBE, 0xFFBE, 0xFFBE, 0xFFBE, 0xFFBE, 0xFFBE, 0xFFBE,
    0xFFBE, 0xFFBE, 0xFF9E, 0xFF9E, 0xFF9E, 0xFFBE, 0xFFBE, 0xFFBE, 0xFFBE, 0xFFBE, 0xFFBE, 0xFFBE,
    0xFFDD, 0xFFDD, 0xFFDD, 0xFFBD, 0xFFBD, 0xFFDD, 0xFFDD, 0xFFDD, 0xFFDD, 0xFFDD, 0xFFDD, 0xFFBD,
    0xFFBD, 0xFFDD, 0xFFDD, 0xFFDD, 0xFFDD, 0xFFDD, 0xFFDD, 0xFFDD, 0xFFDD, 0xFFDD, 0xFFDD, 0xFFDD,
    0xFFDD, 0xFFDD, 0xFFFF, 0xF77C, 0xEEFA, 0xFFFF, 0xF7DD, 0xF75D, 0xD6BC, 0xD6FC, 0xFFFF, 0xD638,
    0xCDD1, 0xF753, 0xCC6A, 0x6A05, 0x10A3, 0x0043, 0x524B, 0xAC94, 0xA412, 0xBCB4, 0xAC54, 0xA454,
    0xA454, 0xA433, 0xB495, 0x522A, 0x0000, 0x3167, 0x7B10, 0xAC54, 0xA3F2, 0x628D, 0x9412, 0x836F,
    0x9BF2, 0x9C13, 0xA433, 0x93F1, 0x5A6B, 0x730D, 0x9390, 0x72EE, 0x4A0A, 0x18C3, 0x0882, 0x2148,
    0x18C6, 0x18E6, 0x18E6, 0x10E6, 0x1907, 0x2128, 0x18E7, 0x10C6, 0x10E6, 0x2149, 0x220C, 0x320C,
    0xB596, 0xFFDE, 0xFFDE, 0xFFDE, 0xFFDE, 0xFFDE, 0xFFDE, 0xFFBE, 0xFFBE, 0xFFBE, 0xFFBE, 0xFFBE,
    0xFFBE, 0xFFBE, 0xFFBE, 0xFFBE, 0xFFBE, 0xFFBE, 0xFFBE, 0xFF9E, 0xFFBE, 0xFFBE, 0xFFBE, 0xFFBE,
    0xFFBE, 0xFFBE, 0xFF9E, 0xFF9E, 0xFF9E, 0xFFBE, 0xFFBE, 0xFFBE, 0xFFBE, 0xFF9E, 0xFFBE, 0xFFBE,
    0xFFDD, 0xFFDD, 0xFFDD, 0xFFBD, 0xFFBD, 0xFFDD, 0xFFDD, 0xFFDD, 0xFFDD, 0xFFBD, 0xFFBD, 0xFFBD,
    0xFFBD, 0xFFDD, 0xFFDD, 0xFFDD, 0xFFDD, 0xFFDD, 0xFFDD, 0xFFDD, 0xFFDD, 0xFFDE, 0xFFDD, 0xFFDD,
    0xFFDE, 0xFFDD, 0xFFFE, 0xE6D9, 0xFFBD, 0xFFFF, 0xEF5C, 0xDEBB, 0xEF5D, 0xFFFF, 0xCDB4, 0xBD0F,
    0xF6F3, 0xB3A9, 0x4964, 0x0883, 0x0863, 0x5A6C, 0xB4B4, 0x9C12, 0xC4F4, 0xC4B3, 0xA434, 0xA454,
    0xA434, 0xB495, 0x72EE, 0x0001, 0x524B, 0xA3F3, 0xAC53, 0xA412, 0x8350, 0xAC54, 0x9BD1, 0x6AEE,
    0x836F, 0x8B2F, 0x7ACD, 0x93B0, 0x626C, 0x3188, 0x6A6C, 0x49A9, 0x2926, 0x2106, 0x0862, 0x10A4,
    0x1907, 0x18C6, 0x18E6, 0x18E6, 0x18C5, 0x1907, 0x1907, 0x18C6, 0x10C6, 0x1929, 0x21AB, 0x21ED,
    0x634F, 0xCE78, 0xFFDE, 0xFFDE, 0xFFDE, 0xFFDE, 0xFFBE, 0xFFBE, 0xFFBE, 0xFFBE, 0xFFBE, 0xFFBE,
    0xFFBE, 0xFFBE, 0xFFBE, 0xFFBE, 0xFF9E, 0xFF9E, 0xFFBE, 0xFFBE, 0xFFBE, 0xFFBE, 0xFFBE, 0xFFBE,
    0xFFBE, 0xFFBE, 0xFFBE, 0xFFBE, 0xFF9E, 0xFFBE, 0xFFBE, 0xFFBE, 0xFFBE, 0xFFBE, 0xFFBE, 0xFFBE,
    0xFFDD, 0xFFBD, 0xFFDD, 0xFFBD, 0xFFBD, 0xFFDD, 0xFFDD, 0xFFDD, 0xFFDD, 0xFFBD, 0xFFBD, 0xFFBD,
    0xFFDD, 0xFFDD, 0xFFDD, 0xFFDD, 0xFFDD, 0xFFDD, 0xFFDD, 0xFFDD, 0xFFDD, 0xFFDE, 0xFFDE, 0xFFDE,
    0xFFDD, 0xFFFE, 0xF79C, 0xE6FA, 0xFFFF, 0xF7BE, 0xEF3B, 0xF77C, 0xFFFF, 0xD635, 0xCD6F, 0xF692,
    0x8AC6, 0x20C3, 0x0083, 0x10A5, 0x4A2B, 0xB494, 0x9C12, 0xBCD3, 0xD552, 0xAC73, 0xA434, 0xA454,
    0xAC75, 0x93F2, 0x1063, 0x730E, 0xAC75, 0xA433, 0xA432, 0x9BD2, 0xAC54, 0xA3F3, 0x832F, 0x49EA,
    0x51C9, 0x28E6, 0x20E7, 0x20E7, 0x3169, 0x2107, 0x20C6, 0x18C6, 0x18A5, 0x10C5, 0x18C6, 0x0862,
    0x18C5, 0x18E7, 0x18C6, 0x18C6, 0x18C5, 0x18E6, 0x1948, 0x18E7, 0x10C5, 0x10E7, 0x218A, 0x21EC,
    0x29ED, 0x9CD3, 0xDEBA, 0xFFFE, 0xFFDE, 0xFFDE, 0xFFBE, 0xFFBE, 0xFFBE, 0xFFBE, 0xFFBE, 0xFFBE,
    0xFFBE, 0xFFBE, 0xFF9E, 0xFFBE, 0xFF9E, 0xFF9E, 0xFF9E, 0xFF9E, 0xFFBE, 0xFFBE, 0xFFBE, 0xFFBE,
    0xFFBE, 0xFFBE, 0xFF9E, 0xFF9E, 0xFF9E, 0xFFBE, 0xFFBE, 0xFFBE, 0xFFBE, 0xFFBE, 0xFFBE, 0xFFBE,
    0xFFBD, 0xFFBD, 0xFFBD, 0xFFBD, 0xFFBD, 0xFFDD, 0xFFDD, 0xFFDD, 0xFFDD, 0xFFDD, 0xFFDD, 0xFFDD,
    0xFFDD, 0xFFDD, 0xFFDD, 0xFFDD, 0xFFDD, 0xFFDD, 0xFFDD, 0xFFDD, 0xFFDD, 0xFFDE, 0xFFDE, 0xFFDE,
    0xFFDD, 0xFFFE, 0xEF3B, 0xF79D, 0xFFFF, 0xEF7D, 0xF79B, 0xFFDE, 0xF7BE, 0xC50E, 0xE653, 0x69E4,
    0x0862, 0x0883, 0x1906, 0x3189, 0xAC53, 0x9BF2, 0xB4B3, 0xD552, 0xCD32, 0xA453, 0xA434, 0xA454,
    0xAC75, 0x3147, 0x72EE, 0xB495, 0x9C13, 0x9C33, 0xA433, 0xAC53, 0xA3F2, 0x834F, 0x522C, 0x3127,
    0x2107, 0x10C6, 0x10C6, 0x10C6, 0x18E6, 0x2907, 0x10A5, 0x18C6, 0x18C6, 0x10C6, 0x18C6, 0x18A5,
    0x1064, 0x18E6, 0x18C6, 0x18C5, 0x18C6, 0x18C5, 0x1948, 0x1948, 0x10C6, 0x10C5, 0x2169, 0x21AB,
    0x21CD, 0x52EF, 0xC618, 0xDEDB, 0xFFFF, 0xFFBE, 0xFFBE, 0xFFBE, 0xFFBE, 0xFFBE, 0xFFBE, 0xFFBE,
    0xFFBE, 0xFFBE, 0xFFBE, 0xFFBE, 0xFF9E, 0xFF9D, 0xFF9D, 0xFF9E, 0xFFBE, 0xFFBE, 0xFFBE, 0xFFBE,
    0xFFBE, 0xFFBE, 0xFFBE, 0xFFBE, 0xFF9E, 0xFFBE, 0xFFBE, 0xFFBE, 0xFFBE, 0xFFBE, 0xFFBE, 0xFFBE,
    0xFFDD, 0xFFDD, 0xFFBD, 0xFFBD, 0xFFBD, 0xFFDD, 0xFFDD, 0xFFDD, 0xFFDD, 0xFFDD, 0xFFDD, 0xFFDD,
    0xFFDD, 0xFFDD, 0xFFDD, 0xFFDD, 0xFFDD, 0xFFDD, 0xFFDD, 0xFFDD, 0xFFDD, 0xFFDE, 0xFFDD, 0xFFDE,
    0xFFDE, 0xFFFE, 0xE71A, 0xFFDF, 0xF7BE, 0xEF5C, 0xFFBE, 0xEEB8, 0xBC8C, 0xCD6F, 0x8B29, 0x7AC9,
    0x1083, 0x2106, 0x18E7, 0x8BB1, 0x9BF2, 0xA473, 0xC513, 0xCD12, 0xD552, 0xBCB3, 0xA454, 0xC516,
    0x626B, 0x5A8C, 0xB495, 0x9BF3, 0xA434, 0xA434, 0xA473, 0x8330, 0x624C, 0x7AEE, 0x3968, 0x20C6,
    0x18E6, 0x18E6, 0x18C6, 0x18C6, 0x18C6, 0x18E6, 0x10A6, 0x18C5, 0x18C5, 0x18C5, 0x18C5, 0x18C6,
    0x10A5, 0x10A5, 0x18C6, 0x18C5, 0x18C6, 0x18C5, 0x18E6, 0x218A, 0x18E7, 0x18C5, 0x1969, 0x21AB,
    0x220D, 0x21AD, 0x9CF5, 0xD699, 0xF77C, 0xFFDE, 0xFFDE, 0xFFBE, 0xFFBE, 0xFFBE, 0xFFBE, 0xFFBE,
    0xFFBE, 0xFFBE, 0xFFBE, 0xFFBE, 0xFF9E, 0xFF9E, 0xFF9E, 0xFF9E, 0xFFBE, 0xFFBE, 0xFFBE, 0xFFBE,
    0xFFBE, 0xFFBE, 0xFFBE, 0xFF9E, 0xFFBE, 0xFF9E, 0xFFBE, 0xFFBE, 0xFFBE, 0xFFBE, 0xFFBE, 0xFFBE,
    0xFFDD, 0xFFDD, 0xFFDD, 0xFFDD, 0xFFDD, 0xFFDD, 0xFFDD, 0xFFDD, 0xFFDD, 0xFFDD, 0xFFDD, 0xFFDD,
    0xFFDD, 0xFFDD, 0xFFDD, 0xFFDD, 0xFFDD, 0xFFDD, 0xFFDD, 0xFFDD, 0xFFDD, 0xFFDE, 0xFFDE, 0xFFDD,
    0xFFFE, 0xFFBD, 0xCED9, 0xCF5C, 0xE73C, 0xFFFF, 0xFF59, 0xD52D, 0xEEFA, 0xA3A9, 0x9B47, 0xB3E9,
    0x18C6, 0x10A6, 0x62CD, 0x93F1, 0x9C13, 0xAC94, 0xBCF3, 0xC4F3, 0xCD32, 0xBCD3, 0xCD56, 0x9BF0,
    0x41EA, 0xB4B5, 0xA432, 0x9C13, 0xAC54, 0x9C12, 0x5A4C, 0x4189, 0x41A9, 0x51EB, 0x2927, 0x10A6,
    0x18C6, 0x18C6, 0x18C6, 0x18C6, 0x18C6, 0x18C6, 0x18C6, 0x10C5, 0x18C5, 0x18C5, 0x18C5, 0x18C6,
    0x18C6, 0x10A4, 0x18C5, 0x18E6, 0x18C5, 0x10C5, 0x10C6, 0x218A, 0x1969, 0x18E6, 0x1928, 0x218A,
    0x21CB, 0x21ED, 0x42AE, 0xDEFB, 0xCE79, 0xFFFF, 0xFFBE, 0xFFBE, 0xFFBE, 0xFFBE, 0xFFBE, 0xFFBE,
    0xFFBE, 0xFFBE, 0xFFBE, 0xFF9E, 0xFFBE, 0xFFBE, 0xFFBE, 0xFFBE, 0xFFBE, 0xFFBE, 0xFFBE, 0xFFBE,
    0xFFBE, 0xFFBE, 0xFFBE, 0xFFBE, 0xFFBE, 0xFFBE, 0xFFBE, 0xFFBE, 0xFFBE, 0xFFBE, 0xFFBE, 0xFFBE,
    0xFFDD, 0xFFDD, 0xFFDD, 0xFFDD, 0xFFDD, 0xFFDD, 0xFFDD, 0xFFDD, 0xFFDD, 0xFFDD, 0xFFDD, 0xFFDD,
    0xFFDD, 0xFFDD, 0xFFDD, 0xFFDD, 0xFFDD, 0xFFDD, 0xFFDD, 0xFFDE, 0xFFDE, 0xFFDE, 0xFFDE, 0xFFDD,
    0xFFFE, 0xF77C, 0xC6B9, 0xA73C, 0x7618, 0xBEFC, 0xB5D4, 0xEF19, 0xDE55, 0xC50F, 0xEED9, 0x9B8B,
    0x0844, 0x39CA, 0x8390, 0x93D1, 0xA454, 0xAC73, 0xB494, 0xB4B3, 0xA453, 0xAC74, 0xCD35, 0x49E9,
    0x9413, 0xB473, 0xA432, 0xAC74, 0x8350, 0x49A9, 0x18E6, 0x4189, 0x2927, 0x2928, 0x18C6, 0x18C6,
    0x18E6, 0x18C6, 0x18C6, 0x18E6, 0x18E6, 0x18E6, 0x18E6, 0x18C5, 0x18C6, 0x18E6, 0x18E7, 0x18E7,
    0x18E7, 0x18C6, 0x10A4, 0x2148, 0x2128, 0x10E5, 0x21CA, 0x21CB, 0x1948, 0x1949, 0x1928, 0x1969,
    0x21AB, 0x21CC, 0x19AB, 0x9D15, 0xDEFB, 0xE71B, 0xFFFE, 0xFFBE, 0xFFBE, 0xFFBE, 0xFFBE, 0xFFBE,
    0xFFBE, 0xFFBE, 0xFFBE, 0xFFBE, 0xFFBE, 0xFFBE, 0xFFBE, 0xFFBE, 0xFFBE, 0xFFBE, 0xFFBE, 0xFFBE,
    0xFF9E, 0xFFBE, 0xFFBE, 0xFFBE, 0xFFBE, 0xFFBE, 0xFFBE, 0xFFBE, 0xFFBE, 0xFFBE, 0xFFBE, 0xFFBE,
    0xFFDD, 0xFFDD, 0xFFDD, 0xFFDD, 0xFFDD, 0xFFDD, 0xFFDD, 0xFFDD, 0xFFDD, 0xFFDD, 0xFFDD, 0xFFDD,
    0xFFDD, 0xFFDD, 0xFFDD, 0xFFDD, 0xFFDD, 0xFFDD, 0xFFDD, 0xFFDE, 0xFFDE, 0xFFDE, 0xFFDE, 0xFFDD,
    0xFFFE, 0xEF1A, 0xB678, 0x7E9B, 0x2517, 0x0373, 0x4472, 0xE5F2, 0xCD71, 0xFFFF, 0xFFFF, 0xB4F2,
    0x1884, 0x6AED, 0x7B4F, 0xA454, 0x9413, 0xA454, 0xA434, 0x9C33, 0x9413, 0xC536, 0x7B4D, 0x6AAD,
    0xBCD4, 0x9BF0, 0xCD33, 0x72CE, 0x2107, 0x2107, 0x2106, 0x3989, 0x18E6, 0x20E7, 0x18C6, 0x18C6,
    0x18C6, 0x18C6, 0x18E6, 0x18E6, 0x18E6, 0x18E6, 0x18E7, 0x18C6, 0x18C6, 0x1907, 0x18E7, 0x18E7,
    0x18E7, 0x18C7, 0x10A6, 0x18E6, 0x29EA, 0x1927, 0x21AA, 0x21CB, 0x1927, 0x1908, 0x1927, 0x1948,
    0x218A, 0x21AB, 0x21CC, 0x4AAD, 0xE73C, 0xCE79, 0xFFFF, 0xFFDE, 0xFFBE, 0xFFBE, 0xFFBE, 0xFFBE,
    0xFFBE, 0xFFBE, 0xFFBE, 0xFFBE, 0xFFBE, 0xFFBE, 0xFFBE, 0xFFBE, 0xFFBE, 0xFFBE, 0xFFBE, 0xFFBE,
    0xFFBE, 0xFFBE, 0xFFBE, 0xFFBE, 0xFFBE, 0xFF9E, 0xFFBE, 0xFFBE, 0xFFBE, 0xFFBE, 0xFFBE, 0xFFBE,
    0xFFDD, 0xFFDD, 0xFFBD, 0xFFBD, 0xFFBD, 0xFFBD, 0xFFDD, 0xFFDD, 0xFFDD, 0xFFDD, 0xFFDD, 0xFFDD,
    0xFFDD, 0xFFDD, 0xFFDD, 0xFFDD, 0xFFDD, 0xFFDD, 0xFFDD, 0xFFDE, 0xFFDE, 0xFFDE, 0xFFDD, 0xFFDD,
    0xFFFE, 0xF719, 0x8618, 0x3DB8, 0x03D3, 0x54B4, 0xACF0, 0xCCAB, 0xFFDE, 0xFFBE, 0xFFFF, 0xBD75,
    0x41A8, 0x526C, 0xA435, 0x9C34, 0x9C33, 0x9C14, 0x9C13, 0x9C13, 0xAC54, 0xB494, 0x41C9, 0xAC73,
    0x93D1, 0xB450, 0xC470, 0x41A8, 0x18E7, 0x18E7, 0x2927, 0x3148, 0x18E7, 0x2127, 0x18E6, 0x18C6,
    0x18E6, 0x18E6, 0x18E6, 0x18E6, 0x18E6, 0x1907, 0x1907, 0x18E7, 0x18C6, 0x2107, 0x1907, 0x18E7,
    0x18E7, 0x20E7, 0x10A5, 0x2146, 0x1948, 0x21CA, 0x18C6, 0x1907, 0x18E7, 0x18E6, 0x18E6, 0x1948,
    0x1949, 0x218A, 0x21AA, 0x196A, 0xAD76, 0xDEFB, 0xEF5C, 0xFFFE, 0xFFDE, 0xFFDE, 0xFFDE, 0xFFBE,
    0xFFBE, 0xFFBE, 0xFFBE, 0xFF9E, 0xFFBE, 0xFFBE, 0xFFBE, 0xFFBE, 0xFFBE, 0xFF9E, 0xFFBE, 0xFFBE,
    0xFFBE, 0xFFBE, 0xFFBE, 0xFFBE, 0xFFBE, 0xFFBE, 0xFFBE, 0xFFBE, 0xFFBE, 0xFFBE, 0xFFBE, 0xFFBE,
    0xFFDD, 0xFFDD, 0xFFBD, 0xFFBD, 0xFFDD, 0xFFBD, 0xFFDD, 0xFFBD, 0xFFDD, 0xFFDD, 0xFFDD, 0xFFDD,
    0xFFDD, 0xFFDD, 0xFFDD, 0xFFDD, 0xFFDD, 0xFFDD, 0xFFDD, 0xFFDE, 0xFFDE, 0xFFDD, 0xFFDE, 0xFFFD,
    0xFFFE, 0xFFBD, 0x9638, 0x1D18, 0x3C53, 0xF75C, 0xD5D7, 0xC5B4, 0xFFFF, 0xF77D, 0xFFFF, 0x9451,
    0x18A6, 0x7B51, 0xA472, 0x9C33, 0x9C34, 0x9C33, 0x9C33, 0x9C33, 0xAC95, 0x62AC, 0x626C, 0xAC53,
    0x6AAD, 0xBC0C, 0x8A69, 0x6A8C, 0x3969, 0x2947, 0x2947, 0x2928, 0x1907, 0x3169, 0x2107, 0x18E7,
    0x2107, 0x2107, 0x2107, 0x2108, 0x2108, 0x2108, 0x1908, 0x1908, 0x18E6, 0x2107, 0x1907, 0x1907,
    0x18E6, 0x2108, 0x18C6, 0x1967, 0x2169, 0x2189, 0x1928, 0x10E7, 0x18E7, 0x18E7, 0x18E6, 0x1907,
    0x1948, 0x1949, 0x216A, 0x194A, 0x52AE, 0xE71B, 0xDEDA, 0xFFFE, 0xFFDE, 0xFFDE, 0xFFDE, 0xFFBE,
    0xFFBE, 0xFFBE, 0xFFBE, 0xFFBE, 0xFFBE, 0xFF9E, 0xFFBE, 0xFF9E, 0xFFBE, 0xFFBE, 0xFFBE, 0xFFBE,
    0xFFBE, 0xFF9E, 0xFF9E, 0xFFBE, 0xFFBE, 0xFF9E, 0xFFBE, 0xFFBE, 0xFFBE, 0xFFBE, 0xFFBE, 0xFFBE,
    0xFFDD, 0xFFBD, 0xFFBD, 0xFFBD, 0xFFDD, 0xFFBD, 0xFFDD, 0xFFBD, 0xFFDD, 0xFFDD, 0xFFBD, 0xFFBD,
    0xFFDD, 0xFFDD, 0xFFDD, 0xFFDD, 0xFFDD, 0xFFDD, 0xFFDD, 0xFFDE, 0xFFDE, 0xFFDE, 0xFFDD, 0xFFFE,
    0xF7BC, 0xE6F9, 0xB5D5, 0x0C33, 0x8DD8, 0xFF5E, 0xEEFD, 0xEEFB, 0xFFBD, 0xFFFF, 0xEF5C, 0x18E5,
    0x3129, 0xB513, 0xA46E, 0x8BB2, 0x9C54, 0x9C34, 0x9C33, 0x9C34, 0x9C33, 0x3148, 0x9BF2, 0x526D,
    0x82EB, 0x9288, 0x3968, 0x2928, 0x6A6C, 0x49CA, 0x49A9, 0x3989, 0x2107, 0x3189, 0x2928, 0x2108,
    0x2108, 0x2108, 0x2108, 0x2108, 0x2108, 0x2108, 0x1908, 0x2128, 0x18E6, 0x1907, 0x1908, 0x1907,
    0x18E6, 0x2149, 0x2129, 0x18E5, 0x326C, 0x1107, 0x18E7, 0x18E7, 0x18E7, 0x18E7, 0x18E7, 0x18E6,
    0x1928, 0x1949, 0x1969, 0x2189, 0x1109, 0x94B4, 0xE71C, 0xFFDE, 0xFFDE, 0xFFDE, 0xFFDE, 0xFFDE,
    0xFFDE, 0xFFBE, 0xFFBE, 0xFFBE, 0xFFBE, 0xFF9E, 0xFFBE, 0xFFBE, 0xFFBE, 0xFFBE, 0xFFBE, 0xFFBE,
    0xFFBE, 0xFF9E, 0xFFBE, 0xFFBE, 0xFFBE, 0xFFBE, 0xFF9E, 0xFFBE, 0xFFBE, 0xFFBE, 0xFFBE, 0xFFBE,
    0xFFDD, 0xFFBD, 0xFFBD, 0xFFBD, 0xFFBD, 0xFFBD, 0xFFBD, 0xFFBD, 0xFFDD, 0xFFBD, 0xFFBD, 0xFFBD,
    0xFFDD, 0xFFDD, 0xFFDD, 0xFFDD, 0xFFDD, 0xFFDD, 0xFFDD, 0xFFDE, 0xFFDE, 0xFFDE, 0xFFDD, 0xFFFE,
    0xEF1A, 0xE6FA, 0xF77D, 0x8D96, 0xB5F7, 0xFF5E, 0xE6DD, 0xE6FB, 0xFFBE, 0xE6FA, 0x4A08, 0x2906,
    0xBDD3, 0xEE92, 0x6269, 0x9415, 0x9C54, 0x9C34, 0x9C13, 0xA475, 0x62CD, 0x39A8, 0x8BB1, 0x3169,
    0x82CA, 0x3127, 0x18E8, 0x3189, 0x5A0A, 0x2107, 0x622B, 0x4A0B, 0x1907, 0x49EA, 0x41CA, 0x1907,
    0x2127, 0x2128, 0x2108, 0x2108, 0x2108, 0x2128, 0x2128, 0x1907, 0x1907, 0x1907, 0x1908, 0x18E7,
    0x2128, 0x298B, 0x2149, 0x18A6, 0x222B, 0x224C, 0x10A5, 0x18E7, 0x18E7, 0x18E7, 0x18E7, 0x18E7,
    0x1907, 0x1949, 0x1948, 0x1948, 0x1929, 0x29AA, 0xC5F8, 0xFFDE, 0xFFDE, 0xFFDE, 0xFFDE, 0xFFDE,
    0xFFDE, 0xFFBE, 0xFFBE, 0xFFBE, 0xFFBE, 0xFFBE, 0xFFBE, 0xFFBE, 0xFFBE, 0xFFBE, 0xFFBE, 0xFFBE,
    0xFFBE, 0xFFBE, 0xFFBE, 0xFFBE, 0xFFBE, 0xFFBE, 0xFF9E, 0xFFBE, 0xFFBE, 0xFFBE, 0xFFBE, 0xFFBE,
    0xFFDD, 0xFFDD, 0xFFBD, 0xFFBD, 0xFFDD, 0xFFBD, 0xFFBD, 0xFFBD, 0xFFBD, 0xFFBD, 0xFFDD, 0xFFDD,
    0xFFDD, 0xFFDD, 0xFFDD, 0xFFDD, 0xFFDD, 0xFFDD, 0xFFDD, 0xFFDE, 0xFFDE, 0xFFDE, 0xFFDE, 0xFFFE,
    0xEF1A, 0xEEFB, 0xFFDF, 0xFF9F, 0xE6FD, 0xE698, 0xE60B, 0xD5D3, 0xE73D, 0xE6BB, 0xACD2, 0xD693,
    0xFFD6, 0x82C6, 0x62CF, 0xAC96, 0x9C34, 0x9C33, 0x9414, 0xA475, 0x2926, 0x6AED, 0x41EB, 0x49C9,
    0x3968, 0x18E7, 0x2127, 0x3968, 0x2927, 0x2107, 0x5A2B, 0x5A6D, 0x39CB, 0x49EB, 0x624A, 0x1907,
    0x2968, 0x2108, 0x2128, 0x2108, 0x20E7, 0x2948, 0x1907, 0x2948, 0x2928, 0x2149, 0x298B, 0x29AC,
    0x29CE, 0x29CC, 0x2129, 0x18C7, 0x1947, 0x3391, 0x1907, 0x18E6, 0x18E7, 0x18E7, 0x18E7, 0x18E7,
    0x1907, 0x1948, 0x1949, 0x1949, 0x1927, 0x10E7, 0x5AEE, 0xFFFF, 0xFFDE, 0xFFDE, 0xFFDE, 0xFFBE,
    0xFFBE, 0xFFBE, 0xFFBE, 0xFFBE, 0xFFBE, 0xFFBE, 0xFFBE, 0xFFBE, 0xFFBE, 0xFFBE, 0xFFBE, 0xFFBE,
    0xFFBE, 0xFFBE, 0xFFBE, 0xFFBE, 0xFFBE, 0xFFBE, 0xFFBE, 0xFFBE, 0xFFBE, 0xFFBE, 0xFFBE, 0xFFBE,
    0xFFDD, 0xFFDD, 0xFFDD, 0xFFBD, 0xFFBD, 0xFFDD, 0xFFDD, 0xFFBD, 0xFFBD, 0xFFBD, 0xFFDD, 0xFFDD,
    0xFFDD, 0xFFDD, 0xFFDD, 0xFFDD, 0xFFDD, 0xFFDD, 0xFFDD, 0xFFDD, 0xFFDD, 0xFFDD, 0xFFFE, 0xFFFE,
    0xF79D, 0xDE99, 0xFFBF, 0xFF5F, 0xF77C, 0xEE71, 0xDCC5, 0xE677, 0xEF3E, 0xF75F, 0xF7BD, 0xEEB3,
    0xB3A8, 0x49C8, 0x9C76, 0x9C34, 0x9C34, 0x9413, 0x9C75, 0x7B91, 0x2106, 0x6AEE, 0x2107, 0x3967,
    0x18C7, 0x1907, 0x2107, 0x20E6, 0x20E6, 0x2107, 0x4A0A, 0x49CB, 0x5A8E, 0x4A2C, 0x624B, 0x39A9,
    0x5A6D, 0x2928, 0x2108, 0x2148, 0x2948, 0x2969, 0x39AB, 0x522C, 0x2948, 0x2129, 0x31EE, 0x31CE,
    0x216B, 0x1929, 0x1907, 0x18E7, 0x10C5, 0x2B90, 0x226C, 0x10A5, 0x18E7, 0x1907, 0x18E7, 0x10C7,
    0x1907, 0x1927, 0x2149, 0x2149, 0x2149, 0x10C5, 0x10A6, 0xC618, 0xFFFF, 0xFFBE, 0xFFDE, 0xFFDE,
    0xFFDE, 0xFFDE, 0xFFDE, 0xFFBE, 0xFFBE, 0xFFBE, 0xFFBE, 0xFFBE, 0xFFBE, 0xFFBE, 0xFFBE, 0xFFBE,
    0xFFBE, 0xFFBE, 0xFFBE, 0xFFBE, 0xFFBE, 0xFFBE, 0xFFBE, 0xFFBE, 0xFFBE, 0xFFBE, 0xFFBE, 0xFFBE,
    0xFFDD, 0xFFDD, 0xFFDD, 0xFFDD, 0xFFDD, 0xFFDD, 0xFFDD, 0xFFDD, 0xFFDD, 0xFFDD, 0xFFDD, 0xFFDD,
    0xFFDD, 0xFFDD, 0xFFDD, 0xFFDD, 0xFFDD, 0xFFDD, 0xFFDD, 0xFFDD, 0xFFDD, 0xFFDE, 0xFFFE, 0xFFFD,
    0xFFFF, 0xE6F9, 0xDE79, 0xEEDB, 0xDE96, 0xE675, 0xDE59, 0xEF1D, 0xE6FE, 0xF7BD, 0xCDB1, 0xC3C8,
    0x4985, 0x7BB2, 0xA455, 0x9414, 0x9C34, 0x93F3, 0x9CD6, 0x422A, 0x39C8, 0x41CA, 0x18E6, 0x20E6,
    0x18E7, 0x2107, 0x20E7, 0x18E7, 0x20E7, 0x1907, 0x41CA, 0x2108, 0x4A2C, 0x420C, 0x5A4C, 0x49CA,
    0x5A8D, 0x5A6D, 0x5A2C, 0x5A6D, 0x39CB, 0x41CB, 0x522D, 0x4A0C, 0x2948, 0x2107, 0x29AC, 0x1928,
    0x18E7, 0x18E7, 0x18E6, 0x18E7, 0x10A6, 0x22AD, 0x2BF3, 0x1907, 0x18E7, 0x18E7, 0x1907, 0x10E7,
    0x18E7, 0x1908, 0x2148, 0x2149, 0x2169, 0x31E9, 0x10C5, 0x422B, 0xFFDE, 0xFFDE, 0xFFDE, 0xFFDE,
    0xFFDE, 0xFFDE, 0xFFDE, 0xFFBE, 0xFFBE, 0xFFBE, 0xFFBE, 0xFFBE, 0xFFBE, 0xFFBE, 0xFFBE, 0xFFBE,
    0xFFBE, 0xFFBE, 0xFFBE, 0xFFBE, 0xFFBE, 0xFFBE, 0xFFBE, 0xFFBE, 0xFFBE, 0xFFBE, 0xFFBE, 0xFFBE,
    0xFFDD, 0xFFDD, 0xFFDD, 0xFFDD, 0xFFDD, 0xFFDD, 0xFFDD, 0xFFBD, 0xFFBD, 0xFFBD, 0xFFDD, 0xFFDD,
    0xFFDD, 0xFFDE, 0xFFDE, 0xFFDE, 0xFFDE, 0xFFDE, 0xFFDE, 0xFFDE, 0xFFDE, 0xFFDE, 0xFFFE, 0xFFFE,
    0xFFFE, 0xFFFE, 0xD636, 0xD637, 0xEF3D, 0xE71F, 0xCE7C, 0xE6FD, 0xF7BE, 0xCD70, 0xC326, 0x59C4,
    0x5AAE, 0xA495, 0x9414, 0x9C34, 0x9433, 0x9433, 0x84B4, 0x2127, 0x41C9, 0x2107, 0x1907, 0x18E6,
    0x2107, 0x2107, 0x2108, 0x2108, 0x1907, 0x18E6, 0x3989, 0x18C7, 0x3148, 0x2127, 0x41EB, 0x520B,
    0x41EB, 0x524D, 0x5A4E, 0x4A0D, 0x39AB, 0x41CC, 0x398B, 0x2949, 0x2128, 0x2107, 0x2128, 0x18E7,
    0x20E7, 0x18E7, 0x18E7, 0x18E7, 0x18C6, 0x19CA, 0x3474, 0x224C, 0x10A6, 0x18E7, 0x1907, 0x1907,
    0x10C7, 0x1907, 0x1947, 0x1928, 0x1949, 0x3A2B, 0x8410, 0x0002, 0xAD56, 0xFFFF, 0xFFBE, 0xFFDE,
    0xFFDE, 0xFFDE, 0xFFDE, 0xFFBE, 0xFFBE, 0xFFBE, 0xFFBE, 0xFFBE, 0xFFBE, 0xFFBE, 0xFFBE, 0xFFBE,
    0xFFBE, 0xFFBE, 0xFFBE, 0xFFBE, 0xFFBE, 0xFFBE, 0xFFBE, 0xFFBE, 0xFFBE, 0xFFBE, 0xFFBE, 0xFFBE,
    0xFFDD, 0xFFDD, 0xFFDD, 0xFFDD, 0xFFDD, 0xFFBD, 0xFFDD, 0xFFDD, 0xFFDD, 0xFFDD, 0xFFDD, 0xFFDD,
    0xFFDE, 0xFFDE, 0xFFDE, 0xFFDE, 0xFFDE, 0xFFDE, 0xFFDE, 0xFFDE, 0xFFDE, 0xFFDE, 0xFFFE, 0xFFDE,
    0xFFFE, 0xEF5B, 0xE6F8, 0xFFFF, 0xEF3E, 0xE6DD, 0xCE18, 0xFF9D, 0xD52E, 0xAAE5, 0x5184, 0x3A0B,
    0xA475, 0x9434, 0x9434, 0x9434, 0x9413, 0x9495, 0x5C11, 0x18C6, 0x3168, 0x18E7, 0x1907, 0x2107,
    0x2108, 0x1908, 0x2108, 0x2128, 0x1907, 0x18E7, 0x3989, 0x2108, 0x2107, 0x2128, 0x2928, 0x524C,
    0x2128, 0x2948, 0x2969, 0x2949, 0x318A, 0x294A, 0x2928, 0x2128, 0x2128, 0x2107, 0x2107, 0x2108,
    0x2107, 0x2107, 0x18E7, 0x1907, 0x18E7, 0x1147, 0x2BF2, 0x2B91, 0x1907, 0x18E6, 0x10E7, 0x1928,
    0x18E6, 0x18E7, 0x1928, 0x1927, 0x2149, 0x10E7, 0xAD55, 0x6B2E, 0x2147, 0xFFBE, 0xFFDF, 0xFFDE,
    0xFFBE, 0xFFBE, 0xFFDE, 0xFFDE, 0xFFDE, 0xFFBE, 0xFFBE, 0xFFBE, 0xFFBE, 0xFFBE, 0xFFBE, 0xFFBE,
    0xFFBE, 0xFFBE, 0xFFBE, 0xFFBE, 0xFFBE, 0xFFBE, 0xFFBE, 0xFFBE, 0xFFBE, 0xFFBE, 0xFFBE, 0xFFBE,
    0xFFDD, 0xFFDD, 0xFFDD, 0xFFDD, 0xFFBD, 0xFFBD, 0xFFDD, 0xFFDD, 0xFFDD, 0xFFDD, 0xFFDD, 0xFFDD,
    0xFFDE, 0xFFDE, 0xFFDE, 0xFFDE, 0xFFDE, 0xFFDE, 0xFFDE, 0xFFDE, 0xFFDE, 0xFFFE, 0xFFFE, 0xFFFE,
    0xFFFE, 0xF77C, 0xD614, 0xF7BE, 0xF77F, 0xCE19, 0x62A9, 0x9B48, 0x8245, 0x28E3, 0x39CA, 0x9C75,
    0x9434, 0x9434, 0x9434, 0x9434, 0x9413, 0x8536, 0x3B0E, 0x18A5, 0x2148, 0x20E8, 0x1907, 0x2128,
    0x1908, 0x1908, 0x2128, 0x2128, 0x1906, 0x18E7, 0x3169, 0x2128, 0x1907, 0x2108, 0x18E7, 0x39AA,
    0x3168, 0x2107, 0x2128, 0x2948, 0x2108, 0x2128, 0x2128, 0x2128, 0x2108, 0x2107, 0x2107, 0x2108,
    0x2107, 0x2107, 0x2107, 0x1907, 0x18E7, 0x10E5, 0x2B70, 0x2C13, 0x224C, 0x10C6, 0x10E7, 0x10E7,
    0x1907, 0x18C6, 0x1907, 0x1906, 0x1907, 0x1108, 0x6B6E, 0xF79E, 0x18E6, 0x94B3, 0xFFFF, 0xFFBE,
    0xFFFE, 0xFFDE, 0xFFDE, 0xFFDE, 0xFFDE, 0xFFDE, 0xFFDE, 0xFFBE, 0xFFBE, 0xFFBE, 0xFFBE, 0xFFBE,
    0xFFBE, 0xFFBE, 0xFFBE, 0xFFBE, 0xFFBE, 0xFFBE, 0xFFBE, 0xFFBE, 0xFFBE, 0xFFBE, 0xFFBE, 0xFFBE,
    0xFFDD, 0xFFDD, 0xFFDD, 0xFFDD, 0xFFDD, 0xFFDD, 0xFFDD, 0xFFDD, 0xFFDD, 0xFFDD, 0xFFFD, 0xFFDD,
    0xFFDE, 0xFFDE, 0xFFDE, 0xFFDE, 0xFFDE, 0xFFDE, 0xFFDE, 0xFFDE, 0xFFDE, 0xFFFE, 0xFFFE, 0xFFFE,
    0xFFFE, 0xFFFF, 0xD657, 0xC5B5, 0xCDD8, 0xC5B8, 0x7BB0, 0x0802, 0x08A5, 0x1927, 0x9C54, 0x9434,
    0x9413, 0x9434, 0x9434, 0x9414, 0x9433, 0x6D76, 0x2A0A, 0x1085, 0x2108, 0x20E7, 0x2108, 0x2128,
    0x1908, 0x1908, 0x1908, 0x2128, 0x18C6, 0x2107, 0x2949, 0x2128, 0x2108, 0x2108, 0x2107, 0x2107,
    0x39A9, 0x2107, 0x2949, 0x2928, 0x2128, 0x2128, 0x2128, 0x2128, 0x2128, 0x2106, 0x2128, 0x2108,
    0x2107, 0x2107, 0x2107, 0x2107, 0x18E7, 0x10A5, 0x2AAE, 0x2C13, 0x2B50, 0x1928, 0x10E7, 0x10E7,
    0x1928, 0x18E6, 0x18E7, 0x1906, 0x18E6, 0x1929, 0x424B, 0xFFDE, 0x9CF4, 0x31C8, 0xEF7D, 0xE71C,
    0xEF5C, 0xF77D, 0xF77D, 0xFFBE, 0xFFDE, 0xFFDE, 0xFFDE, 0xFFDE, 0xFFBE, 0xFFBE, 0xFFBE, 0xFFBE,
    0xFFBE, 0xFFBE, 0xFFBE, 0xFFBE, 0xFFBE, 0xFFBE, 0xFFBE, 0xFFBE, 0xFFBE, 0xFFBE, 0xFFBE, 0xFFBE,
    0xFFDD, 0xFFDD, 0xFFDD, 0xFFDD, 0xFFDD, 0xFFDD, 0xFFDD, 0xFFDE, 0xFFDD, 0xFFDE, 0xFFDD, 0xFFDD,
    0xFFDE, 0xFFDE, 0xFFDE, 0xFFDE, 0xFFDE, 0xFFDE, 0xFFDE, 0xFFDE, 0xFFDE, 0xFFFE, 0xFFFE, 0xFFFE,
    0xFFFF, 0xEF3B, 0xD637, 0xF77C, 0xD659, 0xF71E, 0x8C11, 0x0043, 0x1906, 0x7BD1, 0x9C54, 0x9413,
    0x9413, 0x9454, 0x9C34, 0x9413, 0x7C94, 0x5D15, 0x1948, 0x18A6, 0x2108, 0x2107, 0x2128, 0x1908,
    0x1908, 0x1908, 0x2108, 0x2128, 0x10A4, 0x2128, 0x2108, 0x2108, 0x2108, 0x2108, 0x2128, 0x2128,
    0x2928, 0x2968, 0x2948, 0x2929, 0x2128, 0x2128, 0x2128, 0x2128, 0x2128, 0x18E6, 0x2128, 0x2928,
    0x2108, 0x2107, 0x2107, 0x2107, 0x1907, 0x10A5, 0x222B, 0x3413, 0x2BB2, 0x2A4C, 0x10C6, 0x10E7,
    0x1907, 0x1928, 0x10C5, 0x1907, 0x10C5, 0x1928, 0x31AB, 0xCE78, 0xFFDF, 0x420A, 0xC618, 0xFFFF,
    0xF77D, 0xF77D, 0xFFBE, 0xFFDE, 0xFFDE, 0xFFDE, 0xFFDE, 0xFFDE, 0xFFBE, 0xFFBE, 0xFFBE, 0xFFBE,
    0xFFBE, 0xFFBE, 0xFFBE, 0xFFBE, 0xFFBE, 0xFFBE, 0xFFBE, 0xFFBE, 0xFFBE, 0xFFBE, 0xFFBE, 0xFFBE,
    0xFFDD, 0xFFDD, 0xFFDD, 0xFFDD, 0xFFDD, 0xFFDE, 0xFFDE, 0xFFFE, 0xFFDE, 0xFFDE, 0xFFDD, 0xFFDE,
    0xFFDE, 0xFFDE, 0xFFDE, 0xFFDE, 0xFFDE, 0xFFDE, 0xFFDE, 0xFFFE, 0xFFFE, 0xFFFD, 0xFFFE, 0xFFFE,
    0xE6DA, 0xDE78, 0xFFDE, 0xF79E, 0xDE9C, 0xEEFE, 0x5AAB, 0x0042, 0x62EE, 0x9C75, 0x9413, 0x9433,
    0x9433, 0x8C75, 0x9414, 0x9433, 0x5C93, 0x5493, 0x18C6, 0x18E7, 0x1907, 0x1907, 0x1928, 0x1908,
    0x1908, 0x2107, 0x2108, 0x2107, 0x3125, 0x2128, 0x2128, 0x2108, 0x2128, 0x2108, 0x2949, 0x2948,
    0x18C7, 0x2948, 0x2948, 0x2949, 0x2949, 0x2928, 0x2929, 0x2127, 0x2148, 0x20E7, 0x2148, 0x2949,
    0x2149, 0x2129, 0x2128, 0x1908, 0x1907, 0x18C6, 0x19CA, 0x33F4, 0x2BB2, 0x2B50, 0x1927, 0x18E7,
    0x10E7, 0x2189, 0x1107, 0x18E6, 0x1906, 0x10E7, 0x216A, 0xAD55, 0xFFFF, 0x9CF4, 0x73D0, 0xFFFF,
    0xFFDE, 0xFFDE, 0xFFDE, 0xFFDE, 0xFFDE, 0xFFDE, 0xFFDE, 0xFFDE, 0xFFDE, 0xFFBE, 0xFFBE, 0xFFBE,
    0xFFBE, 0xFFBE, 0xFFBE, 0xFFBE, 0xFFBE, 0xFFBE, 0xFFBE, 0xFFBE, 0xFFBE, 0xFFBE, 0xFFBE, 0xFFBE,
    0xFFDD, 0xFFDD, 0xFFDD, 0xFFDD, 0xFFDD, 0xFFDE, 0xFFDE, 0xFFFE, 0xFFDE, 0xFFDE, 0xFFDE, 0xFFDE,
    0xFFDE, 0xFFDE, 0xFFDD, 0xFFDE, 0xFFDE, 0xFFDE, 0xFFDE, 0xFFFE, 0xFFDE, 0xFFFF, 0xFFDE, 0xDEB8,
    0xE6F9, 0xFFFF, 0xFFFF, 0xE6BB, 0xDE3C, 0xD65B, 0x18E3, 0x3168, 0x9455, 0x8BF3, 0x9433, 0x9413,
    0x8474, 0x8C74, 0x9C34, 0x7C33, 0x3C93, 0x4C12, 0x10C5, 0x1907, 0x1907, 0x2128, 0x1928, 0x1908,
    0x2128, 0x18E6, 0x1908, 0x3126, 0x7289, 0x1907, 0x2928, 0x2949, 0x2128, 0x2128, 0x2968, 0x2128,
    0x2928, 0x18E7, 0x2948, 0x2949, 0x2949, 0x2949, 0x2949, 0x2127, 0x2149, 0x18E5, 0x2128, 0x2149,
    0x2949, 0x296A, 0x2149, 0x2128, 0x2128, 0x10E6, 0x1948, 0x33F3, 0x2BD2, 0x2BD1, 0x220B, 0x10C6,
    0x10E7, 0x1928, 0x21AB, 0x1106, 0x1927, 0x18E6, 0x1108, 0x9493, 0xEF7D, 0xE73D, 0x7C11, 0xF77D,
    0xFFFF, 0xFFDE, 0xFFDE, 0xFFDE, 0xFFDE, 0xFFDE, 0xFFDE, 0xFFBE, 0xFFBE, 0xFFBE, 0xFFBE, 0xFFBE,
    0xFFBE, 0xFFBE, 0xFFBE, 0xFFBE, 0xFFBE, 0xFFBE, 0xFFBE, 0xFFBE, 0xFFBE, 0xFFDE, 0xFFBE, 0xFFBE,
    0xFFDD, 0xFFDD, 0xFFDD, 0xFFDD, 0xFFDD, 0xFFDE, 0xFFDD, 0xFFDE, 0xFFDE, 0xFFDE, 0xFFDE, 0xFFDD,
    0xFFDD, 0xFFDE, 0xFFDE, 0xFFDE, 0xFFDE, 0xFFDE, 0xFFFE, 0xFFFE, 0xFFFE, 0xF7BD, 0xE6D9, 0xF77C,
    0xFFFF, 0xFFFF, 0xFFDE, 0xDE5B, 0xEEFE, 0x83F1, 0x0022, 0x7B70, 0x83D2, 0x9414, 0x9412, 0x8C33,
    0x6C73, 0x9454, 0x9C54, 0x4BF2, 0x3473, 0x4390, 0x18C5, 0x2107, 0x1907, 0x1929, 0x1909, 0x2108,
    0x2127, 0x18E6, 0x10E7, 0x6249, 0xA38B, 0x10C8, 0x2948, 0x2949, 0x2969, 0x3189, 0x2949, 0x2949,
    0x39A9, 0x2128, 0x2127, 0x2127, 0x2969, 0x2969, 0x2969, 0x2128, 0x2168, 0x2125, 0x2107, 0x2149,
    0x2149, 0x2169, 0x2149, 0x2107, 0x2128, 0x18E7, 0x1906, 0x2BD2, 0x2BD2, 0x2BB2, 0x2B50, 0x1927,
    0x10E6, 0x10C6, 0x19AA, 0x218A, 0x1907, 0x2127, 0x08A6, 0x73D0, 0xD6BA, 0xF79D, 0xAD55, 0xCE38,
    0xFFFF, 0xFFBE, 0xFFDE, 0xFFDE, 0xFFDE, 0xFFDE, 0xFFBE, 0xFFBE, 0xFFBE, 0xFFBE, 0xFFBE, 0xFFBE,
    0xFFBE, 0xFFBE, 0xFFBE, 0xFFBE, 0xFFBE, 0xFFBE, 0xFFBE, 0xFFBE, 0xFFBE, 0xFFDE, 0xFFDE, 0xFFBE,
    0xFFDD, 0xFFDD, 0xFFDD, 0xFFDD, 0xFFDD, 0xFFDD, 0xFFDD, 0xFFDE, 0xFFDD, 0xFFDD, 0xFFDD, 0xFFDD,
    0xFFDD, 0xFFDE, 0xFFDE, 0xFFDE, 0xFFDE, 0xFFDE, 0xFFFD, 0xFFFE, 0xF79D, 0xE6F9, 0xFFDE, 0xFFFF,
    0xFFFE, 0xFFDF, 0xE6FD, 0xE67C, 0x9C73, 0x1909, 0x4229, 0x83B1, 0x8BD2, 0x9454, 0x9C33, 0x5C53,
    0x6C53, 0xA434, 0x8C74, 0x33B1, 0x3453, 0x3B4F, 0x18A5, 0x18E7, 0x1907, 0x1928, 0x2108, 0x2129,
    0x1907, 0x20E6, 0x10E7, 0xB40D, 0xAC2E, 0x18C7, 0x2948, 0x3189, 0x31C9, 0x2969, 0x316A, 0x2948,
    0x4A09, 0x2128, 0x294A, 0x2948, 0x2127, 0x31A9, 0x318A, 0x2127, 0x1928, 0x59E8, 0x4188, 0x1928,
    0x2128, 0x2949, 0x2949, 0x2127, 0x1928, 0x1907, 0x10E6, 0x33B1, 0x2BD2, 0x2B91, 0x2BB1, 0x224C,
    0x10C6, 0x10C7, 0x1126, 0x21AA, 0x214A, 0x216A, 0x08A6, 0x6B8E, 0xBDB6, 0xFFDE, 0xD69A, 0xB576,
    0xFFFF, 0xFFBE, 0xFFDE, 0xFFDE, 0xFFDE, 0xFFDE, 0xFFBE, 0xFFBE, 0xFFBE, 0xFFBE, 0xFFBE, 0xFFBE,
    0xFFBE, 0xFFBE, 0xFFBE, 0xFFBE, 0xFFBE, 0xFFBE, 0xFFBE, 0xFFBE, 0xFFBE, 0xFFDE, 0xFFDE, 0xFFBE,
    0xFFDD, 0xFFDD, 0xFFDD, 0xFFDD, 0xFFDD, 0xFFDD, 0xFFDD, 0xFFDD, 0xFFDD, 0xFFDD, 0xFFDD, 0xFFDD,
    0xFFDE, 0xFFDD, 0xFFDD, 0xFFDD, 0xFFDD, 0xFFDE, 0xFFFE, 0xF79C, 0xE6FA, 0xFFFF, 0xFFFF, 0xF7BE,
    0xEF3E, 0xDE5B, 0xC5B8, 0x9C92, 0x39EB, 0x31CC, 0x6B2E, 0x7B91, 0x9C54, 0x9C13, 0x7C74, 0x3412,
    0x8433, 0x9C73, 0x6C33, 0x2371, 0x3413, 0x32EE, 0x18A5, 0x18E7, 0x2128, 0x2128, 0x2128, 0x2128,
    0x3966, 0x3968, 0x2907, 0xEDD3, 0xBCF1, 0x2907, 0x3168, 0x3189, 0x318A, 0x318A, 0x3189, 0x2929,
    0x5A6A, 0x2948, 0x3149, 0x398A, 0x3168, 0x2927, 0x3989, 0x3167, 0x1107, 0x7AEB, 0x82EA, 0x10C7,
    0x2128, 0x2949, 0x2948, 0x2128, 0x2108, 0x1907, 0x10E5, 0x3370, 0x2BD2, 0x2BB1, 0x2B70, 0x2B70,
    0x1948, 0x10C6, 0x10C6, 0x1968, 0x1948, 0x21AA, 0x1929, 0x424A, 0xCE59, 0xF7DE, 0xEF5C, 0xB596,
    0xFFFF, 0xFFDE, 0xFFDE, 0xFFDE, 0xFFBE, 0xFFBE, 0xFFBE, 0xFFBE, 0xFFBE, 0xFFBE, 0xFFBE, 0xFFBE,
    0xFFBE, 0xFFBE, 0xFFBE, 0xFFBE, 0xFFBE, 0xFFBE, 0xFFBE, 0xFFBE, 0xFFBE, 0xFFDE, 0xFFBE, 0xFFBE,
    0xFFDD, 0xFFDD, 0xFFDD, 0xFFDD, 0xFFDD, 0xFFDD, 0xFFDD, 0xFFDD, 0xFFDD, 0xFFDD, 0xFFDD, 0xFFDD,
    0xFFDD, 0xFFDD, 0xFFDD, 0xFFDE, 0xFFFD, 0xFFFE, 0xFFBD, 0xEF3A, 0xFFFF, 0xEF7E, 0xDE9D, 0xD5FB,
    0xCDB9, 0xBD55, 0xB595, 0xAD14, 0x318B, 0x4A8E, 0x734F, 0x9C74, 0x9C13, 0x9494, 0x3433, 0x3C12,
    0x8C33, 0x9494, 0x3BD1, 0x2350, 0x3412, 0x32CE, 0x10A4, 0x1906, 0x2128, 0x2128, 0x2969, 0x18E7,
    0x82C9, 0x2968, 0x5A29, 0xFF38, 0xCD73, 0x3148, 0x31A9, 0x3148, 0x31AA, 0x31AA, 0x39AA, 0x3149,
    0x5A6A, 0x39CA, 0x3149, 0x398A, 0x398A, 0x3989, 0x3147, 0x3167, 0x10E6, 0x836D, 0xCD10, 0x18C7,
    0x2108, 0x2108, 0x2128, 0x2128, 0x2108, 0x2107, 0x10C5, 0x2B4F, 0x2BB2, 0x2BB2, 0x2350, 0x2B71,
    0x228D, 0x10C6, 0x10C6, 0x1106, 0x1927, 0x1907, 0x194A, 0x422B, 0xFFFE, 0xE73C, 0xFFDE, 0xAD35,
    0xF7BE, 0xFFDF, 0xFFDE, 0xFFDE, 0xFFBE, 0xFFBE, 0xFFBE, 0xFFBE, 0xFFBE, 0xFFBE, 0xFFBE, 0xFFBE,
    0xFFBE, 0xFFBE, 0xFFBE, 0xFFBE, 0xFFBE, 0xFFBE, 0xFFBE, 0xFFBE, 0xFFBE, 0xFFBE, 0xFFBE, 0xFFBE,
    0xFFDD, 0xFFDD, 0xFFDD, 0xFFDD, 0xFFDD, 0xFFDD, 0xFFDD, 0xFFDD, 0xFFDD, 0xFFDD, 0xFFDD, 0xFFDD,
    0xFFDD, 0xFFDD, 0xFFDD, 0xFFDD, 0xFFDE, 0xFFDD, 0xD678, 0xDE99, 0xD619, 0xC5B8, 0xCDF8, 0xD678,
    0xEF3B, 0xD6BA, 0xE71B, 0x9432, 0x39AA, 0x734F, 0x9C74, 0x9C53, 0x9C94, 0x4C74, 0x23F2, 0x5C12,
    0x8C12, 0x7CB4, 0x2BB1, 0x2350, 0x3C13, 0x32CE, 0x10A4, 0x1907, 0x2107, 0x2948, 0x2948, 0x49C8,
    0xCD31, 0x18C7, 0xACB1, 0xFFFB, 0xE655, 0x49C9, 0x41EA, 0x49E9, 0x318A, 0x39AA, 0x41CA, 0x3989,
    0x522A, 0x5A4B, 0x316A, 0x41A9, 0x3989, 0x3989, 0x41C9, 0x41C8, 0x10A5, 0x9C0E, 0xF6D6, 0x4187,
    0x20E7, 0x20E7, 0x2128, 0x2948, 0x2127, 0x2108, 0x10C4, 0x2B4F, 0x2B70, 0x2B91, 0x2B71, 0x2330,
    0x2B70, 0x21C9, 0x10E6, 0x10C6, 0x1948, 0x10C6, 0x2128, 0x1929, 0x7C12, 0xFFFF, 0xFFFF, 0x9CF4,
    0xFFBE, 0xFFDF, 0xFFDE, 0xFFDE, 0xFFDE, 0xFFDE, 0xFFBE, 0xFFBE, 0xFFBE, 0xFFBE, 0xFFBE, 0xFFBE,
    0xFFBE, 0xFFBE, 0xFFBE, 0xFFBE, 0xFFBE, 0xFFBE, 0xFFBE, 0xFFBE, 0xFFBE, 0xFFBE, 0xFFBE, 0xFFBE,
    0xFFDD, 0xFFDD, 0xFFDD, 0xFFDD, 0xFFDD, 0xFFDD, 0xFFDD, 0xFFDD, 0xFFDD, 0xFFDD, 0xFFDE, 0xFFDE,
    0xFFDE, 0xFFDD, 0xFFDE, 0xFFDE, 0xFFDE, 0xFFBE, 0xE6F9, 0xEF3B, 0xF77C, 0xFFBD, 0xFFFE, 0xFFFF,
    0xFFFF, 0xCE59, 0xF79D, 0x7B8F, 0x5ACD, 0xA474, 0x9C53, 0x9C94, 0x5453, 0x3453, 0x332F, 0x7371,
    0x8C94, 0x6D15, 0x2B91, 0x2350, 0x3BD2, 0x32EF, 0x1084, 0x18E6, 0x2106, 0x3168, 0x18C6, 0x832B,
    0xB4B0, 0x20C7, 0xB4B1, 0xD5F5, 0xDDF5, 0x62AB, 0x41CA, 0x6AAB, 0x3989, 0x49EA, 0x49CA, 0x41CA,
    0x41C9, 0x6AAC, 0x398A, 0x41CA, 0x41AA, 0x3989, 0x5A4A, 0x5209, 0x2906, 0xCD73, 0xFFFB, 0xA44F,
    0x2906, 0x3147, 0x2127, 0x2949, 0x2107, 0x1907, 0x10A4, 0x2B4F, 0x2B2F, 0x2B50, 0x2B91, 0x232F,
    0x2370, 0x2B2F, 0x1947, 0x10C5, 0x1127, 0x1927, 0x10A5, 0x1948, 0x10E8, 0xA535, 0xF7BE, 0x94B3,
    0xFFFF, 0xFFDE, 0xFFDE, 0xFFDE, 0xFFDE, 0xFFDE, 0xFFDE, 0xFFDE, 0xFFBE, 0xFFBE, 0xFFBE, 0xFFBE,
    0xFFBE, 0xFFBE, 0xFFBE, 0xFFBE, 0xFFBE, 0xFFBE, 0xFFBE, 0xFFBE, 0xFFBE, 0xFFBE, 0xFFBE, 0xFFBE,
    0xFFDD, 0xFFDD, 0xFFDD, 0xFFDD, 0xFFDD, 0xFFDD, 0xFFDD, 0xFFDD, 0xFFDD, 0xFFDD, 0xFFDE, 0xFFDE,
    0xFFDE, 0xFFDE, 0xFFDE, 0xFFDE, 0xFFDE, 0xFFFE, 0xFFFE, 0xFFFE, 0xFFFF, 0xFFFE, 0xFFFE, 0xFFFE,
    0xFFDE, 0xD679, 0xF7DD, 0x7BAF, 0x9453, 0xA474, 0x8CB4, 0x5CF5, 0x4CD4, 0x4BF1, 0x1926, 0x9433,
    0x8576, 0x64F5, 0x2B70, 0x2B50, 0x3391, 0x330F, 0x1063, 0x18C5, 0x2126, 0x2106, 0x4186, 0xC531,
    0x9C2F, 0x3968, 0xB470, 0xA3EE, 0x9BAD, 0x6A8B, 0x316A, 0x7B2C, 0x49C9, 0x520B, 0x520B, 0x520B,
    0x41A9, 0x730D, 0x49CA, 0x41AA, 0x49CA, 0x4189, 0x728A, 0x41A8, 0x2927, 0xA3EF, 0xACB1, 0xA450,
    0x3127, 0x4A08, 0x2106, 0x2928, 0x2927, 0x18E5, 0x10A4, 0x2B6F, 0x2B50, 0x2AEE, 0x2BB2, 0x2330,
    0x232F, 0x2391, 0x22CD, 0x10C6, 0x10E5, 0x1947, 0x10C6, 0x10C6, 0x1908, 0x1948, 0x5B0E, 0xD69A,
    0xFFFF, 0xFFBE, 0xFFDE, 0xFFDE, 0xFFFF, 0xFFDE, 0xFFDE, 0xFFDE, 0xFFBE, 0xFFBE, 0xFFBE, 0xFFBE,
    0xFFBE, 0xFFBE, 0xFFBE, 0xFFBE, 0xFFBE, 0xFFBE, 0xFFBE, 0xFFBE, 0xFFBE, 0xFFBE, 0xFFBE, 0xFFBE,
    0xFFDE, 0xFFDE, 0xFFDE, 0xFFDD, 0xFFDD, 0xFFDD, 0xFFDD, 0xFFDE, 0xFFDE, 0xFFDE, 0xFFDE, 0xFFDE,
    0xFFDE, 0xFFDE, 0xFFDE, 0xFFDE, 0xFFFD, 0xFFFE, 0xFFDE, 0xFFDE, 0xFFFE, 0xFFFE, 0xFFFE, 0xFFFE,
    0xFFFF, 0xCE59, 0xA4D4, 0x9C54, 0xA494, 0x8D15, 0x6DF8, 0x6536, 0x4B91, 0x1927, 0x20C4, 0xA5D8,
    0x53D0, 0x5CB4, 0x2B70, 0x2B50, 0x2B90, 0x332F, 0x0883, 0x20C5, 0x2927, 0x3146, 0xC4F0, 0xFF9A,
    0xD5D4, 0x5A69, 0xFF58, 0xFEF7, 0xFEF7, 0xC4F1, 0x3148, 0x8B6D, 0x624A, 0x49EA, 0x5A4C, 0x5A4B,
    0x49EB, 0x6A8B, 0x5A2B, 0x41AA, 0x51EA, 0x49C9, 0x728A, 0x3126, 0x5A28, 0xCD12, 0xC511, 0xCD52,
    0x7B2B, 0x41A8, 0x5A69, 0x10A4, 0x2947, 0x20E5, 0x10A4, 0x2B4F, 0x2BB1, 0x2AAD, 0x33B2, 0x232F,
    0x232F, 0x234F, 0x2BB0, 0x228D, 0x1084, 0x1927, 0x10E6, 0x10C6, 0x10E6, 0x1928, 0x10C7, 0x52CD,
    0xCE5A, 0xFFFF, 0xFFFF, 0xFFDE, 0xE6FB, 0xFFBE, 0xFFDE, 0xFFDE, 0xFFDE, 0xFFBE, 0xFFBE, 0xFFBE,
    0xFFBE, 0xFFBE, 0xFFBE, 0xFFBE, 0xFFBE, 0xFFBE, 0xFFBE, 0xFFBE, 0xFFBE, 0xFFBE, 0xFFBE, 0xFFBE,
    0xFFDE, 0xFFDE, 0xFFDE, 0xFFDE, 0xFFDE, 0xFFDE, 0xFFDE, 0xFFDE, 0xFFDE, 0xFFDE, 0xFFDE, 0xFFDE,
    0xFFDE, 0xFFDE, 0xFFDE, 0xFFDE, 0xFFDE, 0xFFDE, 0xFFBE, 0xFFFE, 0xFFDE, 0xFFFE, 0xFFFF, 0xFFFE,
    0xD699, 0x9494, 0x8475, 0x94F6, 0x8D36, 0x6D56, 0x4C13, 0x328E, 0x1106, 0x0000, 0x532D, 0x85B7,
    0x1946, 0x64D4, 0x2B50, 0x2B70, 0x2B70, 0x334F, 0x10C4, 0x18C6, 0x3126, 0xBCEF, 0xDDB3, 0xFE34,
    0xED91, 0x8B4B, 0xFE54, 0xF634, 0xFE96, 0xF675, 0x5A2A, 0x836D, 0xAC6F, 0x4149, 0x626C, 0x624C,
    0x622C, 0x5A0B, 0x5A0A, 0x59E9, 0x49CA, 0x72AC, 0xA42E, 0x3127, 0xAC50, 0xFF18, 0xFEB7, 0xFEF7,
    0xFE96, 0x51E9, 0x93EF, 0x3966, 0x2106, 0x20E6, 0x10A4, 0x3370, 0x2BD2, 0x2AAC, 0x330E, 0x2B92,
    0x1A8D, 0x232F, 0x234F, 0x2B71, 0x226D, 0x10E6, 0x10C5, 0x10E6, 0x10E6, 0x10C6, 0x31CA, 0x52CD,
    0x31C9, 0x5AEE, 0x9493, 0xB5B6, 0xE6FB, 0xFFDF, 0xFFDE, 0xFFDE, 0xFFDE, 0xFFBE, 0xFFBE, 0xFFBE,
    0xFFBE, 0xFFBE, 0xFFBE, 0xFFBE, 0xFFBE, 0xFFBE, 0xFFBE, 0xFFBE, 0xFFBE, 0xFFBE, 0xFFBE, 0xFFBE,
    0xFFFE, 0xFFDE, 0xFFDE, 0xFFDE, 0xFFDE, 0xFFDE, 0xFFDE, 0xFFDE, 0xFFDE, 0xFFDE, 0xFFDD, 0xFFDD,
    0xFFDE, 0xFFDE, 0xFFDE, 0xFFDE, 0xFFDE, 0xFFDE, 0xE71B, 0xE73C, 0xFFFE, 0xFFDE, 0xDEFB, 0xAD36,
    0x8BB2, 0x8C14, 0x8454, 0x6C13, 0x432F, 0x2A2D, 0x218A, 0x10A5, 0x10C4, 0x3A8A, 0x8596, 0x432E,
    0x0882, 0x5CB4, 0x2B70, 0x2B71, 0x2B50, 0x3390, 0x1926, 0x10A4, 0x938B, 0xFDD0, 0xB389, 0x69C4,
    0x9AC7, 0x7A47, 0xB3AB, 0xD4EE, 0xED50, 0xF5F1, 0xACB0, 0x59E9, 0xE5F3, 0x6209, 0x5A0A, 0x6A6C,
    0x6A6C, 0x5A0B, 0x6229, 0x6A8B, 0x4189, 0xB470, 0x834C, 0x51C8, 0xE571, 0xF613, 0xF5B2, 0xF5B1,
    0xDD30, 0xCC8E, 0x8B8C, 0x9C2F, 0x10A4, 0x2106, 0x18E5, 0x3390, 0x33D1, 0x2330, 0x220A, 0x33B1,
    0x228D, 0x1A8E, 0x2B0F, 0x232E, 0x2370, 0x2ACE, 0x1927, 0x10A5, 0x10C6, 0x10E6, 0x10C5, 0x8411,
    0xF79E, 0xDEFB, 0xDEDB, 0xF7BD, 0xFFFF, 0xFFDE, 0xFFDE, 0xFFDE, 0xFFDE, 0xFFDE, 0xFFBE, 0xFFBE,
    0xFFBE, 0xFFBE, 0xFFBE, 0xFFBE, 0xFFBE, 0xFFBE, 0xFFDE, 0xFFBE, 0xFFBE, 0xFFBE, 0xFFBE, 0xFFBE,
    0xFFDE, 0xFFDE, 0xFFDE, 0xFFDE, 0xFFDD, 0xFFDD, 0xFFDE, 0xFFDD, 0xFFDE, 0xFFDE, 0xFFDE, 0xFFDE,
    0xFFDD, 0xFFDE, 0xFFDE, 0xFFDE, 0xFFDE, 0xFFDE, 0xFFDE, 0xBDD8, 0x9C54, 0x9434, 0x9413, 0x9414,
    0x9C55, 0x9C34, 0x9414, 0x8372, 0x4A6D, 0x3A2B, 0x2166, 0x31C7, 0x4AEC, 0x426B, 0x7536, 0x1926,
    0x0021, 0x5411, 0x3390, 0x2B71, 0x2B71, 0x3BB1, 0x1988, 0x9AC9, 0xB309, 0x5963, 0x30A1, 0x0841,
    0x1841, 0x28C3, 0x2062, 0x4123, 0x9329, 0xE570, 0xEDF2, 0x728A, 0xC512, 0xB490, 0x5A29, 0x6A4C,
    0x728C, 0x6A6C, 0x624A, 0x49C9, 0x72AB, 0xE614, 0x51C8, 0xB42D, 0xE56F, 0xABAB, 0x7206, 0x69C5,
    0x40E3, 0x92C8, 0x8AA7, 0xABCC, 0x8B2A, 0x1084, 0x1926, 0x3390, 0x33B1, 0x2B92, 0x1A0A, 0x2AAC,
    0x224B, 0x1A2C, 0x1A8E, 0x22EE, 0x2AEE, 0x2330, 0x2B30, 0x224B, 0x1968, 0x1906, 0x1907, 0x0865,
    0x5AED, 0xEF5C, 0xFFFF, 0xFFFF, 0xFFFF, 0xFFFF, 0xF79D, 0xFFBE, 0xFFDF, 0xFFDE, 0xFFBE, 0xFFBE,
    0xFFBE, 0xFFBE, 0xFFBE, 0xFFBE, 0xFFBE, 0xFFBE, 0xFFDE, 0xFFDE, 0xFFBE, 0xFFBE, 0xFFBE, 0xFFBE,
    0xFFDD, 0xFFDD, 0xFFDD, 0xFFDD, 0xFFDD, 0xFFDD, 0xFFDD, 0xFFDE, 0xFFDE, 0xFFDD, 0xFFDD, 0xFFDE,
    0xFFDE, 0xFFDE, 0xFFDE, 0xFFDE, 0xFFDE, 0xFFDE, 0xFFFE, 0xFFFE, 0xD67A, 0x8BF2, 0x7330, 0x6B30,
    0x6AF0, 0x6AF0, 0x5AEF, 0x6B4F, 0x83F2, 0x31C9, 0x31E9, 0x31EA, 0x1065, 0x4B2E, 0x6494, 0x0042,
    0x69E6, 0x6BAF, 0x3B90, 0x2B50, 0x33D1, 0x3B6F, 0x4249, 0xAA24, 0x5903, 0x0000, 0x3924, 0x3104,
    0x20C5, 0x49E8, 0x734D, 0x0823, 0x2841, 0x8A06, 0xF633, 0xD5D4, 0x8B4C, 0xEE96, 0x9BCD, 0x72AB,
    0x6A4B, 0x7AAC, 0x6A4B, 0x5A09, 0xDDF5, 0xBCF1, 0xB44E, 0xCC6C, 0x5123, 0x2062, 0x28C4, 0x2082,
    0x1881, 0x0801, 0x1000, 0x71C5, 0xC3AA, 0x7A67, 0x1947, 0x3B70, 0x33D1, 0x33B1, 0x230F, 0x21A8,
    0x2A2B, 0x08A4, 0x19C9, 0x1A2B, 0x1A8D, 0x22AD, 0x22AE, 0x22AE, 0x19CA, 0x1927, 0x1927, 0x2148,
    0x10A6, 0x2968, 0x8CB3, 0xD6BA, 0xDEFB, 0xC638, 0xD69A, 0xFFDE, 0xFFDE, 0xFFDE, 0xFFDE, 0xFFBE,
    0xFFBE, 0xFFBE, 0xFFBE, 0xFFDE, 0xFFDE, 0xFFDE, 0xFFDE, 0xFFDE, 0xFFDE, 0xFFBE, 0xFFBE, 0xFFBE,
    0xFFDE, 0xFFDD, 0xFFDD, 0xFFDE, 0xFFDD, 0xFFDD, 0xFFDD, 0xFFDE, 0xFFDE, 0xFFDE, 0xFFDE, 0xFFDE,
    0xFFDE, 0xFFDE, 0xFFDE, 0xFFDE, 0xFFDE, 0xFFDE, 0xFFDE, 0xFFDE, 0xFFFF, 0xFFDD, 0xCE59, 0x9CF4,
    0x94D4, 0xA555, 0x7B6F, 0x9C54, 0x39CA, 0x08C7, 0x2968, 0x18E7, 0x1886, 0x6CD4, 0x2A4B, 0x49E6,
    0xE42C, 0x6AEB, 0x43B1, 0x32ED, 0x3C12, 0x4390, 0x41E7, 0x38A2, 0x2020, 0x6A48, 0xDD94, 0x3905,
    0x5125, 0x61A6, 0x49A7, 0x4925, 0x6A8A, 0xB36B, 0xBB8A, 0xFF59, 0xBD12, 0xCD74, 0xDDF5, 0xAC6F,
    0x7AAB, 0x726B, 0x724B, 0xB491, 0xFF18, 0xE5F5, 0xD4CE, 0x71A4, 0x3925, 0x3106, 0x83CE, 0x41E9,
    0x20C6, 0x3945, 0x3945, 0x0000, 0x48E3, 0xC329, 0x5A08, 0x328D, 0x336F, 0x33D1, 0x2B91, 0x222A,
    0x21C8, 0x2146, 0x0822, 0x0864, 0x10E5, 0x1906, 0x1907, 0x1906, 0x39C9, 0x1927, 0x10C6, 0x10C7,
    0x1908, 0x10C7, 0x0045, 0x10A6, 0x528C, 0xBDF8, 0xFFDE, 0xFFDE, 0xFFDE, 0xFFDE, 0xFFDE, 0xFFDE,
    0xFFDE, 0xFFBE, 0xFFDE, 0xFFDE, 0xFFDE, 0xFFDE, 0xFFDE, 0xFFDE, 0xFFDE, 0xFFDE, 0xFFBE, 0xFFBE,
    0xFFDD, 0xFFDE, 0xFFDE, 0xFFDE, 0xFFDE, 0xFFDD, 0xFFDD, 0xFFDE, 0xFFDE, 0xFFDE, 0xFFDE, 0xFFDE,
    0xFFDE, 0xFFDE, 0xFFDE, 0xFFDE, 0xFFDE, 0xFFDE, 0xFFDE, 0xFFDE, 0xFFDE, 0xFFFE, 0xFFFF, 0xFFFF,
    0xFFFF, 0xCDF8, 0xA474, 0x526D, 0x10E8, 0x2128, 0x2128, 0x18C7, 0x2988, 0x6472, 0x10E6, 0x7B6A,
    0xDC4C, 0x6229, 0x4B4F, 0x3AEE, 0x3AEE, 0x4433, 0x332E, 0x9B6A, 0xA1A4, 0xBB8C, 0xFF1A, 0x7227,
    0xD325, 0xCB67, 0x9286, 0xDB85, 0xB3ED, 0xFF1A, 0xEDF4, 0xF697, 0xFF18, 0xD5D4, 0xEEB8, 0xD5F4,
    0xB490, 0x8AEB, 0x728B, 0x72AB, 0xEE36, 0xFED6, 0xD4B0, 0xE5F6, 0x7269, 0xAAC6, 0x5124, 0x71C5,
    0x79C7, 0x6208, 0xD5B5, 0x6208, 0x1000, 0x3861, 0x3946, 0x31E9, 0x32AD, 0x3390, 0x3391, 0x2B91,
    0x21C8, 0x1905, 0x2147, 0x1906, 0x10C5, 0x10C5, 0x21AA, 0x1928, 0x630D, 0x8C92, 0x7C11, 0x5B0E,
    0x3A2A, 0x4A4B, 0x7BD1, 0xAD76, 0xF79D, 0xFFFF, 0xFFDE, 0xFFDE, 0xFFDE, 0xFFDE, 0xFFBE, 0xFFBE,
    0xFFBE, 0xFFBE, 0xFFDE, 0xFFDE, 0xFFDE, 0xFFDE, 0xFFDE, 0xFFDE, 0xFFDE, 0xFFDE, 0xFFBE, 0xFFBE,
    0xFFDD, 0xFFDE, 0xFFDD, 0xFFDD, 0xFFDE, 0xFFDD, 0xFFDD, 0xFFDE, 0xFFDE, 0xFFDE, 0xFFDE, 0xFFDE,
    0xFFDE, 0xFFDE, 0xFFDE, 0xFFDE, 0xFFDE, 0xFFDE, 0xFFDE, 0xFFDE, 0xFFDE, 0xFFDE, 0xFFDE, 0xFFFE,
    0xE73B, 0xA453, 0x62EF, 0x1128, 0x10E7, 0x10C6, 0x2128, 0x1085, 0x3A8B, 0x430D, 0x0884, 0x62C9,
    0xCC8C, 0x7249, 0x3A2A, 0x42EE, 0x428D, 0x434F, 0x33B1, 0x834B, 0xF52E, 0xBA66, 0xF698, 0xD553,
    0xDC08, 0xFDCB, 0xFD8A, 0xEC87, 0xE592, 0xFED8, 0xFEB7, 0xFEB7, 0xFE97, 0xFEF8, 0xE676, 0xDE15,
    0xE635, 0xE676, 0xC4F1, 0x932D, 0x936D, 0xEE57, 0xFEF9, 0xFED9, 0xC40B, 0xFCE6, 0xCBE8, 0xE468,
    0xDBC4, 0xA36C, 0xFF3B, 0x9289, 0x91A4, 0xBC2C, 0x41EA, 0x39AA, 0x29C9, 0x2ACD, 0x336F, 0x2B91,
    0x3390, 0x08C5, 0x0863, 0x1106, 0x1948, 0x1906, 0x29CC, 0x21AC, 0x6B6F, 0xCE59, 0xC5F8, 0xCE59,
    0xDEDB, 0xFFBE, 0xFFFF, 0xFFFF, 0xFFFE, 0xFFDE, 0xFFDE, 0xFFDE, 0xFFDE, 0xFFDE, 0xFFBE, 0xFFBE,
    0xFFBE, 0xFFBE, 0xFFBE, 0xFFDE, 0xFFDE, 0xFFDE, 0xFFDE, 0xFFDE, 0xFFDE, 0xFFDE, 0xFFDE, 0xFFBE,
    0xFFDD, 0xFFDD, 0xFFDD, 0xFFDD, 0xFFDD, 0xFFDD, 0xFFDD, 0xFFDE, 0xFFDE, 0xFFDE, 0xFFDE, 0xFFDE,
    0xFFDE, 0xFFDD, 0xFFDD, 0xFFDE, 0xFFDE, 0xFFDE, 0xFFDE, 0xFFDE, 0xFFDE, 0xFFDE, 0xFFDE, 0xFFFF,
    0xCDD8, 0x8392, 0x1949, 0x10C7, 0x4A8C, 0x31A8, 0x320A, 0x2146, 0x42CC, 0x29C9, 0x0883, 0x2126,
    0xC4CD, 0x9B4B, 0x2107, 0x428C, 0x42AD, 0x4A8D, 0x4370, 0x5B2C, 0xF5B0, 0xECCD, 0xDB48, 0xED11,
    0xD44B, 0xECCA, 0xF5AE, 0xF5B0, 0xFE76, 0xFE96, 0xFE96, 0xFEB7, 0xFEB7, 0xF696, 0xF676, 0xFEB6,
    0xFEB7, 0xF697, 0xFED7, 0xF696, 0xDDB4, 0xDDB4, 0xF697, 0xFED8, 0xDD72, 0xED4B, 0xFE2C, 0xFD8B,
    0xCC6B, 0xE698, 0xED32, 0xB266, 0xFDB0, 0xBC6E, 0x3989, 0x39CA, 0x3126, 0x2167, 0x226B, 0x2AEE,
    0x2BB1, 0x3370, 0x10E4, 0x0022, 0x10E6, 0x10C5, 0x218A, 0x29ED, 0x3A0C, 0xEF5D, 0xFFFF, 0xFFFF,
    0xFFFF, 0xFFDF, 0xFFBE, 0xFFBE, 0xFFDE, 0xFFDE, 0xFFDE, 0xFFDE, 0xFFDE, 0xFFDE, 0xFFBE, 0xFFDE,
    0xFFBE, 0xFFBE, 0xFFDE, 0xFFDE, 0xFFDE, 0xFFDE, 0xFFDE, 0xFFDE, 0xFFDE, 0xFFDE, 0xFFDE, 0xFFBE,
    0xFFDD, 0xFFDD, 0xFFDD, 0xFFDD, 0xFFDD, 0xFFDD, 0xFFDE, 0xFFDE, 0xFFDE, 0xFFDE, 0xFFDE, 0xFFDE,
    0xFFDD, 0xFFDD, 0xFFDD, 0xFFDE, 0xFFDE, 0xFFDE, 0xFFDE, 0xFFDE, 0xFFDE, 0xFFDE, 0xFFDE, 0xFFDD,
    0xACD5, 0x39CB, 0x08C6, 0x8431, 0xDF7D, 0x63F1, 0x4B90, 0x10A4, 0x3AAC, 0x2146, 0x1084, 0x0885,
    0x7309, 0xC48E, 0x18A6, 0x2967, 0x426C, 0x4A8D, 0x4ACD, 0x4B2F, 0xCD10, 0xFE53, 0xECEE, 0xEC4A,
    0xF50E, 0xF570, 0xFE33, 0xFE75, 0xFE75, 0xFE96, 0xFE96, 0xFEB6, 0xFEB7, 0xFED7, 0xFEB6, 0xFEB7,
    0xFE76, 0xFE97, 0xFE97, 0xFE97, 0xFED7, 0xFEB7, 0xFE96, 0xFE96, 0xFE76, 0xFE12, 0xF52E, 0xE409,
    0xDC0C, 0xE3EC, 0xDB68, 0xF550, 0xFE33, 0x7AEC, 0x39AA, 0x3188, 0x2947, 0x1884, 0x1126, 0x228C,
    0x21EA, 0x2AAC, 0x330E, 0x21A8, 0x1927, 0x1947, 0x1928, 0x322D, 0x216B, 0x94D3, 0xFFFF, 0xFFBE,
    0xFFDE, 0xFFDE, 0xFFDE, 0xFFDE, 0xFFDE, 0xFFDE, 0xFFDE, 0xFFDE, 0xFFDE, 0xFFBE, 0xFFDE, 0xFFDE,
    0xFFBE, 0xFFBE, 0xFFDE, 0xFFDE, 0xFFDE, 0xFFDE, 0xFFDE, 0xFFDE, 0xFFDE, 0xFFDE, 0xFFDE, 0xFFDE,
    0xFFDE, 0xFFDE, 0xFFDD, 0xFFDD, 0xFFDD, 0xFFDD, 0xFFDE, 0xFFDE, 0xFFDE, 0xFFDE, 0xFFDE, 0xFFDE,
    0xFFDD, 0xFFDD, 0xFFDE, 0xFFDE, 0xFFDE, 0xFFDE, 0xFFDE, 0xFFDE, 0xFFDE, 0xFFDE, 0xFFFE, 0xEF1C,
    0x7B51, 0x18E7, 0x8CD3, 0xEF9E, 0xBE79, 0x6D15, 0x32AD, 0x1084, 0x29E9, 0x1926, 0x1083, 0x10C5,
    0x1906, 0x93CD, 0x420A, 0x10A6, 0x2146, 0x428D, 0x528E, 0x4AAD, 0x8BEF, 0xFE74, 0xFE33, 0xFE33,
    0xFE34, 0xFE54, 0xFE34, 0xFE54, 0xFE75, 0xFE76, 0xFE96, 0xFEB7, 0xFEB7, 0xFE96, 0xFF39, 0xFF9C,
    0xFE76, 0xFE75, 0xFE76, 0xFE76, 0xFE76, 0xFE96, 0xFE76, 0xFE75, 0xFE55, 0xFE55, 0xFE34, 0xFDD1,
    0xF52E, 0xECCD, 0xF570, 0xFE33, 0xE572, 0x520A, 0x39CA, 0x2906, 0x2147, 0x18C5, 0x1146, 0x1A2A,
    0x1062, 0x10C4, 0x10C4, 0x2147, 0x1106, 0x19AA, 0x1926, 0x2169, 0x29CC, 0x6B6F, 0xF7DE, 0xFFDE,
    0xFFDE, 0xFFDE, 0xFFDF, 0xFFDF, 0xFFDE, 0xFFDE, 0xFFDE, 0xFFDE, 0xFFDE, 0xFFBE, 0xFFBE, 0xFFBE,
    0xFFBE, 0xFFBE, 0xFFBE, 0xFFBE, 0xFFDE, 0xFFDE, 0xFFDE, 0xFFDE, 0xFFDE, 0xFFDE, 0xFFDE, 0xFFDE,
    0xFFDE, 0xFFDE, 0xFFDE, 0xFFDE, 0xFFDD, 0xFFDD, 0xFFDE, 0xFFDE, 0xFFDE, 0xFFDE, 0xFFDE, 0xFFDE,
    0xFFDD, 0xFFDD, 0xFFDE, 0xFFDE, 0xFFDE, 0xFFDE, 0xFFDE, 0xFFDE, 0xFFDE, 0xFFDE, 0xFFFE, 0xDEBB,
    0x398A, 0x8C72, 0xEF9D, 0xCEBB, 0xC6BA, 0x6556, 0x1968, 0x1947, 0x1927, 0x29A8, 0x1105, 0x10C4,
    0x2169, 0x3187, 0x526A, 0x1908, 0x18A5, 0x3167, 0x528D, 0x5AAE, 0x4A2A, 0xCD31, 0xFEB5, 0xFE13,
    0xFE34, 0xFE34, 0xFE54, 0xFE75, 0xFE75, 0xFE76, 0xFE96, 0xFEB7, 0xFEB7, 0xFF39, 0xFFDC, 0xFFDC,
    0xFE96, 0xFE34, 0xFE76, 0xFE76, 0xFE96, 0xFE76, 0xFE76, 0xFE55, 0xFE55, 0xFE34, 0xFE14, 0xFE34,
    0xFE34, 0xFE54, 0xFE13, 0xFE54, 0xA3EE, 0x39AA, 0x2906, 0x2947, 0x2989, 0x20C5, 0x1988, 0x220A,
    0x0821, 0x08A4, 0x10C5, 0x10A5, 0x1084, 0x19AA, 0x21EA, 0x18C6, 0x216A, 0x52AE, 0xFFDE, 0xFFFF,
    0xFFFF, 0xFFFF, 0xF77D, 0xFF9E, 0xFFDF, 0xFFDE, 0xFFDE, 0xFFDE, 0xFFBE, 0xFFBE, 0xFFBE, 0xFFBE,
    0xFFBE, 0xFFBE, 0xFFBE, 0xFFBE, 0xFFBE, 0xFFBE, 0xFFBE, 0xFFDE, 0xFFDE, 0xFFDE, 0xFFDE, 0xFFDE,
    0xFFDE, 0xFFDE, 0xFFDD, 0xFFDD, 0xFFDE, 0xFFDE, 0xFFDE, 0xFFDE, 0xFFDE, 0xFFDE, 0xFFDE, 0xFFDE,
    0xFFDE, 0xFFDE, 0xFFDE, 0xFFDE, 0xFFDE, 0xFFDE, 0xFFDE, 0xFFDE, 0xFFDE, 0xFFDE, 0xFFFF, 0xBDD8,
    0x528D, 0xFFDE, 0xF7BE, 0xC659, 0xBEDA, 0x4473, 0x1947, 0x21A8, 0x10E6, 0x1947, 0x18E5, 0x0884,
    0x52AD, 0x41EA, 0x2146, 0x39CA, 0x18E8, 0x28E5, 0x3146, 0x526D, 0x5AAD, 0x5249, 0xC551, 0xFE95,
    0xFE55, 0xFE35, 0xFE55, 0xFE75, 0xFE76, 0xFE96, 0xFE97, 0xFE97, 0xFED7, 0xFFBC, 0xFFBC, 0xFFBC,
    0xFE97, 0xFE35, 0xFE56, 0xFE76, 0xFE96, 0xFE76, 0xFE76, 0xFE55, 0xFE55, 0xFE34, 0xFE34, 0xFE34,
    0xFE34, 0xFE13, 0xFE14, 0xF5D3, 0x5A4B, 0x3967, 0x20C4, 0x2989, 0x3189, 0x18C5, 0x21C9, 0x1986,
    0x0842, 0x10A5, 0x10C4, 0x1927, 0x1085, 0x19EA, 0x1A4C, 0x73AF, 0x39EB, 0x2969, 0x8411, 0xAD76,
    0xC638, 0xCE59, 0xD6BA, 0xFFDE, 0xFFDE, 0xFFDE, 0xFFDE, 0xFFDE, 0xFFBE, 0xFFBE, 0xFFBE, 0xFFBE,
    0xFFBE, 0xFFBE, 0xFFBE, 0xFFBE, 0xFFBE, 0xFFBE, 0xFFDE, 0xFFDE, 0xFFDE, 0xFFDE, 0xFFDE, 0xFFDE,
    0xFFDD, 0xFFDD, 0xFFDE, 0xFFDE, 0xFFDE, 0xFFDD, 0xFFDE, 0xFFDE, 0xFFDE, 0xFFDE, 0xFFDE, 0xFFDE,
    0xFFDE, 0xFFDE, 0xFFDE, 0xFFDE, 0xFFDE, 0xFFDE, 0xFFDE, 0xFFDE, 0xFFDE, 0xFFDE, 0xFFFF, 0xB556,
    0xB576, 0xFFFF, 0xFFFE, 0xE75C, 0x8DF7, 0x2BF1, 0x1989, 0x21A9, 0x2126, 0x1906, 0x1906, 0x08C4,
    0x5B4F, 0x6ACE, 0x0865, 0x3167, 0x2949, 0x20E8, 0x8AE9, 0x7AA9, 0x4A0C, 0x62AD, 0xA44F, 0xBCF1,
    0xE5F4, 0xF655, 0xFE75, 0xFE76, 0xFE96, 0xFEB7, 0xFEB7, 0xFEB7, 0xFED7, 0xFF5A, 0xFFBC, 0xFF9B,
    0xFE56, 0xFE55, 0xFE76, 0xFE97, 0xFE97, 0xFE97, 0xFE96, 0xFE76, 0xFE56, 0xFE55, 0xFE55, 0xFE35,
    0xFE34, 0xFE35, 0xFE96, 0x832D, 0x38E6, 0x69C5, 0x3946, 0x2969, 0x3189, 0x18C5, 0x21C9, 0x10A3,
    0x10E6, 0x10A4, 0x10A4, 0x2168, 0x10C6, 0x220A, 0x12AE, 0xA575, 0xB5B7, 0x31EB, 0xC618, 0xB5B7,
    0xC618, 0xE71B, 0xFFFE, 0xFFDF, 0xFFDF, 0xFFDE, 0xFFDE, 0xFFDE, 0xFFBE, 0xFFBE, 0xFFBE, 0xFFBE,
    0xFFBE, 0xFFBE, 0xFFBE, 0xFFBE, 0xFFBE, 0xFFBE, 0xFFBE, 0xFFDE, 0xFFDE, 0xFFDE, 0xFFDE, 0xFFDE,
    0xFFDD, 0xFFDD, 0xFFDE, 0xFFDE, 0xFFDE, 0xFFDE, 0xFFDE, 0xFFDE, 0xFFDE, 0xFFDE, 0xFFDE, 0xFFDE,
    0xFFDE, 0xFFDE, 0xFFDE, 0xFFDE, 0xFFDE, 0xFFDE, 0xFFDE, 0xFFDE, 0xFFDE, 0xFFDE, 0xFFFF, 0xCE59,
    0xDEBA, 0xFFFF, 0xFFFE, 0xFFFF, 0x7D76, 0x2432, 0x1A6C, 0x2189, 0x2147, 0x1947, 0x21EB, 0x1968,
    0x530E, 0x8B51, 0x2106, 0x18C6, 0x2927, 0x1908, 0x7ACA, 0xFDD0, 0x82A9, 0x520A, 0x836E, 0xF6D8,
    0xFEB7, 0xFEB7, 0xFE96, 0xFE97, 0xFEB7, 0xFEB7, 0xFED7, 0xFED8, 0xFED8, 0xFED8, 0xFF3A, 0xF739,
    0xFE55, 0xFE75, 0xFE97, 0xFEB8, 0xFE97, 0xFE97, 0xFE97, 0xFE97, 0xFE76, 0xFE76, 0xFE55, 0xFE55,
    0xFE76, 0xF655, 0x93AE, 0x6249, 0x9AA8, 0xD42C, 0x3987, 0x2948, 0x318A, 0x1906, 0x2188, 0x1083,
    0x194A, 0x10A4, 0x10A4, 0x21A8, 0x1989, 0x222B, 0x1B2F, 0x84F4, 0xFFFF, 0x4A8D, 0xDEFB, 0xFFFF,
    0xFFFF, 0xFFFF, 0xFFDE, 0xFFDF, 0xFFDF, 0xFFDE, 0xFFDE, 0xFFDE, 0xFFBE, 0xFFBE, 0xFFBE, 0xFFBE,
    0xFFBE, 0xFFBE, 0xFFBE, 0xFFBE, 0xFFBE, 0xFFBE, 0xFFBE, 0xFFDE, 0xFFDE, 0xFFDE, 0xFFDE, 0xFFDE,
    0xFFDD, 0xFFDE, 0xFFDE, 0xFFDE, 0xFFDE, 0xFFDE, 0xFFDE, 0xFFDE, 0xFFDE, 0xFFDE, 0xFFDE, 0xFFDE,
    0xFFDE, 0xFFDE, 0xFFDE, 0xFFDE, 0xFFDE, 0xFFDE, 0xFFDE, 0xFFDE, 0xFFDE, 0xFFDE, 0xFFFF, 0xEF3C,
    0xDEDA, 0xFFFF, 0xFFFE, 0xFFFF, 0x6D14, 0x1C52, 0x33F1, 0xB5F7, 0x4A6B, 0x10E5, 0x21CB, 0x2ACF,
    0x530E, 0x9391, 0x41CA, 0x18C6, 0x2105, 0x18E5, 0x49C7, 0xE590, 0xDCAD, 0xCD72, 0x838E, 0x836C,
    0xDE35, 0xF6B7, 0xFEB7, 0xFEB7, 0xFEB7, 0xFEB7, 0xFED7, 0xFED7, 0xFED8, 0xFED8, 0xFED8, 0xF696,
    0xFE75, 0xFEB7, 0xFEB8, 0xFEB8, 0xFEB8, 0xFEB7, 0xFEB7, 0xFE97, 0xFE97, 0xFE96, 0xFE96, 0xF656,
    0xDDB4, 0xB490, 0xC534, 0xC42D, 0xECAD, 0xD48E, 0x2927, 0x31AA, 0x2969, 0x2188, 0x1946, 0x18E8,
    0x1969, 0x10A5, 0x1925, 0x6BD0, 0x224B, 0x232F, 0x1B50, 0x7493, 0xFFFF, 0x94D4, 0xBDD8, 0xFFFF,
    0xFFBE, 0xFFDE, 0xFFDE, 0xFFDE, 0xFFDE, 0xFFDE, 0xFFDE, 0xFFDE, 0xFFBE, 0xFFBE, 0xFFBE, 0xFFBE,
    0xFFBE, 0xFFBE, 0xFFBE, 0xFFBE, 0xFFBE, 0xFFBE, 0xFFBE, 0xFFBE, 0xFFDE, 0xFFDE, 0xFFDE, 0xFFDE,
    0xFFDD, 0xFFDE, 0xFFDE, 0xFFDE, 0xFFDE, 0xFFDE, 0xFFDE, 0xFFDE, 0xFFDE, 0xFFDE, 0xFFDE, 0xFFDE,
    0xFFDE, 0xFFDE, 0xFFDE, 0xFFDE, 0xFFDE, 0xFFDE, 0xFFDE, 0xFFDE, 0xFFDE, 0xFFDE, 0xFFDE, 0xFFDE,
    0xDEDA, 0xEF7C, 0xFFFE, 0xFFFF, 0x6514, 0x1BD0, 0x8D96, 0xFFFF, 0xA535, 0x1906, 0x2148, 0x2ACE,
    0x63B0, 0x7B0F, 0x6A8D, 0x18C6, 0x2106, 0x18E5, 0x18C3, 0x734B, 0x4ACB, 0xB490, 0xFFFE, 0xDE76,
    0xC572, 0xE635, 0xFEB7, 0xFED8, 0xFED8, 0xFED8, 0xFED8, 0xFED8, 0xFED8, 0xFED8, 0xFEF8, 0xFED7,
    0xFEB8, 0xFED8, 0xFED8, 0xFED8, 0xFED8, 0xFEB8, 0xFEB8, 0xFEB8, 0xFEB8, 0xFE97, 0xFE97, 0xF676,
    0xEE76, 0xFEF8, 0xE5F4, 0xB349, 0xD42B, 0x5A07, 0x2969, 0x31CB, 0x2969, 0x2167, 0x2168, 0x1109,
    0x19AA, 0x10C5, 0x1967, 0xC6BA, 0x9514, 0x1370, 0x1B90, 0x74B4, 0xFFFF, 0xCE59, 0xD67A, 0xFFFF,
    0xFFDE, 0xFFDE, 0xFFDE, 0xFFDE, 0xFFBE, 0xFFBE, 0xFFBE, 0xFFBE, 0xFFBE, 0xFFBE, 0xFFBE, 0xFFBE,
    0xFFBE, 0xFFBE, 0xFFBE, 0xFFBE, 0xFFBE, 0xFFBE, 0xFFBE, 0xFFBE, 0xFFDE, 0xFFDE, 0xFFDE, 0xFFDE,
    0xFFDE, 0xFFDE, 0xFFDE, 0xFFDE, 0xFFDE, 0xFFDE, 0xFFDE, 0xFFDE, 0xFFDE, 0xFFDE, 0xFFDE, 0xFFDE,
    0xFFDE, 0xFFDE, 0xFFDE, 0xFFDE, 0xFFDE, 0xFFDE, 0xFFDE, 0xFFDE, 0xFFDE, 0xFFDE, 0xFFDE, 0xFFDE,
    0xFFDE, 0xF77D, 0xFFDE, 0xFFFF, 0x6D35, 0x3C52, 0xE73C, 0xF79E, 0xFFDF, 0x73D0, 0x1107, 0x330E,
    0x7C52, 0x5A6C, 0x834F, 0x2948, 0x18E6, 0x2106, 0x2987, 0x6B49, 0x0B52, 0x532C, 0xFF5A, 0xFFFE,
    0xFF9A, 0xFEF7, 0xFEF8, 0xFED8, 0xFED8, 0xFED8, 0xFED8, 0xFED8, 0xFED8, 0xFED8, 0xFED8, 0xFED8,
    0xFED8, 0xFED8, 0xFED8, 0xFED8, 0xFED8, 0xFED8, 0xFEB8, 0xFEB8, 0xFEB8, 0xFEB8, 0xFEB7, 0xFEB7,
    0xF697, 0xFED8, 0x8B4B, 0x1989, 0x4A48, 0x10E6, 0x29AA, 0x31AA, 0x2148, 0x1906, 0x21EA, 0x112A,
    0x21CA, 0x0864, 0x4AED, 0xFFFF, 0xCE9A, 0x33B0, 0x1370, 0x8D56, 0xFFFF, 0xD69A, 0xEF5C, 0xFFFF,
    0xFFDE, 0xFFDE, 0xFFDE, 0xFFBE, 0xFFBE, 0xFFBE, 0xFFBE, 0xFFBE, 0xFFBE, 0xFFBE, 0xFFBE, 0xFFBE,
    0xFFBE, 0xFFBE, 0xFFBE, 0xFFBE, 0xFFBE, 0xFFBE, 0xFFBE, 0xFFBE, 0xFFBE, 0xFFDE, 0xFFDE, 0xFFDE,
    0xFFDE, 0xFFDE, 0xFFDE, 0xFFDE, 0xFFDE, 0xFFDE, 0xFFDE, 0xFFDE, 0xFFDE, 0xFFDE, 0xFFDE, 0xFFDE,
    0xFFDE, 0xFFDE, 0xFFDE, 0xFFDE, 0xFFDE, 0xFFDE, 0xFFDE, 0xFFDE, 0xFFDE, 0xFFDE, 0xFFDE, 0xFFDE,
    0xFFDE, 0xFFFE, 0xFFDE, 0xFFFF, 0x8DD7, 0x6514, 0xE75C, 0xEF7D, 0xF79E, 0xF7BE, 0x8CD3, 0x4411,
    0x8CB3, 0x41AA, 0x6B0F, 0x522B, 0x18E6, 0x18E5, 0x4249, 0x9BCA, 0x436E, 0x1AEF, 0xBD11, 0xFFFE,
    0xF79B, 0xFEF8, 0xFEF8, 0xFEF8, 0xFEF8, 0xFEF8, 0xFED8, 0xFEF8, 0xFEF8, 0xFED8, 0xFED8, 0xFED8,
    0xFED8, 0xFED8, 0xFED8, 0xFED8, 0xFED8, 0xFED8, 0xFED8, 0xFED8, 0xFED8, 0xFEB8, 0xFEB8, 0xF6B7,
    0xFEF9, 0xE593, 0x2167, 0x01EC, 0x6AC8, 0x2989, 0x29AB, 0x2969, 0x2189, 0x2189, 0x2A6C, 0x2A2C,
    0x1967, 0x2147, 0xCE9A, 0xDF5D, 0xC679, 0xA5D7, 0x0AEF, 0xB659, 0xFFDE, 0xD6BA, 0xFFDE, 0xFFDF,
    0xFFDE, 0xFFDE, 0xFFDE, 0xFFDE, 0xFFDE, 0xFFDE, 0xFFBE, 0xFFBE, 0xFFBE, 0xFFBE, 0xFFBE, 0xFFBE,
    0xFFBE, 0xFFBE, 0xFFBE, 0xFFBE, 0xFFBE, 0xFFBE, 0xFFBE, 0xFFBE, 0xFFDE, 0xFFDE, 0xFFDE, 0xFFDE,
    0xFFDE, 0xFFDE, 0xFFDE, 0xFFDE, 0xFFDE, 0xFFDE, 0xFFDE, 0xFFDE, 0xFFDE, 0xFFDE, 0xFFDE, 0xFFDE,
    0xFFDE, 0xFFDE, 0xFFDE, 0xFFDE, 0xFFDE, 0xFFDE, 0xFFDE, 0xFFDE, 0xFFDE, 0xFFDE, 0xFFDE, 0xFFDE,
    0xFFDE, 0xFFDE, 0xFFDE, 0xFFFF, 0xCEFB, 0x9596, 0xEF9D, 0xDF3C, 0xF7BE, 0xFFFF, 0xFFFF, 0x9E38,
    0xB515, 0x41CA, 0x420B, 0x6ACE, 0x2968, 0x10A6, 0x6B08, 0xD54E, 0x8BCC, 0x1B71, 0x4B0C, 0xE697,
    0xFFFE, 0xFF59, 0xFED8, 0xFEF8, 0xFED8, 0xFED8, 0xFEF8, 0xFEB8, 0xFED7, 0xFED8, 0xFEB7, 0xFED7,
    0xFEF8, 0xFEF9, 0xFF19, 0xFEF9, 0xFED8, 0xFED8, 0xFED8, 0xFED8, 0xFED8, 0xFED8, 0xFEB8, 0xFEB8,
    0xFEF8, 0x6AA9, 0x01CC, 0x732A, 0x9C8F, 0x526A, 0x2149, 0x2148, 0x332F, 0x19AA, 0x226C, 0x2AAE,
    0x21A8, 0xBDD7, 0xEF7D, 0xBE79, 0xFFFF, 0xCEDB, 0x2B90, 0xEF9D, 0xF79D, 0xF7BE, 0xFFFF, 0xFFDE,
    0xFFDE, 0xFFDE, 0xFFDE, 0xFFDE, 0xFFDE, 0xFFDE, 0xFFDE, 0xFFBE, 0xFFBE, 0xFFBE, 0xFFBE, 0xFFBE,
    0xFFBE, 0xFFBE, 0xFFBE, 0xFFBE, 0xFFBE, 0xFFBE, 0xFFBE, 0xFFBE, 0xFFDE, 0xFFDE, 0xFFDE, 0xFFDE,
    0xFFDE, 0xFFDE, 0xFFDE, 0xFFDE, 0xFFDE, 0xFFDE, 0xFFDE, 0xFFDE, 0xFFDE, 0xFFDE, 0xFFDE, 0xFFDE,
    0xFFDE, 0xFFDE, 0xFFDE, 0xFFDE, 0xFFDE, 0xFFDE, 0xFFDE, 0xFFDE, 0xFFDE, 0xFFDE, 0xFFDE, 0xFFDE,
    0xFFDE, 0xFFDE, 0xFFDE, 0xFFDE, 0xFFFF, 0xB617, 0xEF7C, 0xFFDE, 0xFFFE, 0xFFFE, 0xEF7C, 0xBEB9,
    0xBD35, 0x5A4C, 0x2168, 0x524C, 0x4A2C, 0x18E7, 0x3A29, 0x93EA, 0x436E, 0x2371, 0x2B6F, 0x736D,
    0xFF7B, 0xFFDD, 0xFF18, 0xFED8, 0xFED8, 0xFED8, 0xFEF8, 0xEE36, 0xDD30, 0xECEE, 0xF46C, 0xF4AD,
    0xF4CE, 0xF4EF, 0xF551, 0xE593, 0xEE77, 0xFEF8, 0xFED8, 0xFED8, 0xFEB8, 0xFEB8, 0xFEB8, 0xFF3A,
    0xA40E, 0x11EA, 0x126E, 0x7B08, 0xAC6C, 0x524A, 0x20E7, 0x220A, 0x33B2, 0x21A9, 0x21EA, 0x5411,
    0xD69A, 0xFFFF, 0xF79E, 0xFFFF, 0xF7BE, 0xC699, 0x7514, 0xFFFF, 0xFFDF, 0xFFDE, 0xFFDE, 0xFFDE,
    0xFFDE, 0xFFDE, 0xFFDE, 0xFFDE, 0xFFDE, 0xFFDE, 0xFFDE, 0xFFDE, 0xFFDE, 0xFFBE, 0xFFBE, 0xFFBE,
    0xFFBE, 0xFFBE, 0xFFBE, 0xFFBE, 0xFFBE, 0xFFBE, 0xFFBE, 0xFFBE, 0xFFDE, 0xFFDE, 0xFFDE, 0xFFDE,
    0xFFDE, 0xFFDE, 0xFFDE, 0xFFDE, 0xFFDE, 0xFFDE, 0xFFDE, 0xFFDE, 0xFFDE, 0xFFDE, 0xFFDE, 0xFFDE,
    0xFFDE, 0xFFDE, 0xFFDE, 0xFFDE, 0xFFDE, 0xFFDE, 0xFFDE, 0xFFDE, 0xFFDE, 0xFFDE, 0xFFDE, 0xFFDE,
    0xFFDE, 0xFFDE, 0xFFDE, 0xFFDE, 0xFFFE, 0xFFDE, 0xEF7C, 0xFFFE, 0xFFFE, 0xFFFE, 0xE75C, 0xBE99,
    0xACB4, 0x7330, 0x1108, 0x31A9, 0x41EB, 0x31AA, 0x7227, 0xA9E4, 0x230E, 0x2BD2, 0x33B0, 0x2BB1,
    0x842F, 0xFF9C, 0xFFDC, 0xFEB7, 0xFED8, 0xFEF8, 0xFED8, 0xFEF8, 0xFED7, 0xFDF2, 0xFD4F, 0xFD0E,
    0xFCCC, 0xFCCD, 0xF591, 0xF656, 0xFED8, 0xFED8, 0xFED8, 0xFED8, 0xFEB8, 0xFEB8, 0xFF39, 0xBC90,
    0x220B, 0x22AE, 0x1A8D, 0x1A6C, 0x72C9, 0x2968, 0x10E5, 0x2ACD, 0x33B2, 0x21CA, 0x1988, 0x7E17,
    0xFFFF, 0xFFFF, 0xFFFF, 0xEF7D, 0xE73C, 0xD6FB, 0xADF7, 0xFFFF, 0xFFDE, 0xFFDE, 0xFFDE, 0xFFDE,
    0xFFDE, 0xFFDE, 0xFFDE, 0xFFDE, 0xFFDE, 0xFFDE, 0xFFDE, 0xFFDE, 0xFFBE, 0xFFBE, 0xFFBE, 0xFFBE,
    0xFFBE, 0xFFBE, 0xFFBE, 0xFFBE, 0xFFBE, 0xFFBE, 0xFFBE, 0xFFBE, 0xFFDE, 0xFFDE, 0xFFDE, 0xFFDE,
    0xFFDE, 0xFFDE, 0xFFDE, 0xFFDE, 0xFFDE, 0xFFDE, 0xFFDE, 0xFFDE, 0xFFDE, 0xFFDE, 0xFFDE, 0xFFDE,
    0xFFDE, 0xFFDE, 0xFFFE, 0xFFDE, 0xFFDE, 0xFFDE, 0xFFDE, 0xFFDE, 0xFFDE, 0xFFDE, 0xFFDE, 0xFFDE,
    0xFFDE, 0xFFDE, 0xFFDE, 0xFFDE, 0xFFFE, 0xF7BE, 0xFFFF, 0xFFFE, 0xFFFE, 0xFFFE, 0xE73C, 0xC6DA,
    0x9C53, 0x93B1, 0x2949, 0x1948, 0x2147, 0x29CB, 0x9267, 0xE1A2, 0x3370, 0x23F2, 0x2BF1, 0x2C93,
    0x2C12, 0x7C10, 0xEF19, 0xFFBC, 0xFEB8, 0xFED8, 0xFED8, 0xFED8, 0xFED8, 0xFED8, 0xFE76, 0xFE34,
    0xFE34, 0xFE96, 0xFEF8, 0xFEF8, 0xFED8, 0xFED8, 0xFED8, 0xFEB8, 0xFEF8, 0xFEF8, 0xA42F, 0x2A6C,
    0x1B0F, 0x22AE, 0x12AE, 0x3A4B, 0x6986, 0x1927, 0x1946, 0x2B4F, 0x2B91, 0x222B, 0x18A6, 0x33D1,
    0xCF1B, 0xFFFF, 0xFFDE, 0xF7BE, 0xFFFF, 0xC679, 0xDEFB, 0xFFFF, 0xFFDE, 0xFFDE, 0xFFDE, 0xFFDE,
    0xFFDE, 0xFFDE, 0xFFDE, 0xFFDE, 0xFFDE, 0xFFDE, 0xFFDE, 0xFFDE, 0xFFBE, 0xFFBE, 0xFFBE, 0xFFBE,
    0xFFBE, 0xFFBE, 0xFFBE, 0xFFBE, 0xFFBE, 0xFFBE, 0xFFBE, 0xFFBE, 0xFFDE, 0xFFDE, 0xFFDE, 0xFFDE,
    0xFFDE, 0xFFDE, 0xFFDE, 0xFFDE, 0xFFDE, 0xFFDE, 0xFFDE, 0xFFDE, 0xFFDE, 0xFFDE, 0xFFDE, 0xFFDE,
    0xFFDE, 0xFFDE, 0xFFDE, 0xFFDE, 0xFFDE, 0xFFDE, 0xFFDE, 0xFFDE, 0xFFDE, 0xFFDE, 0xFFDE, 0xFFDE,
    0xFFDE, 0xFFDE, 0xFFDE, 0xFFDE, 0xFFFF, 0xDF3C, 0xD73C, 0xFFFF, 0xFFFF, 0xFFFF, 0xC6DA, 0x6DB6,
    0x9C33, 0x8BB2, 0x4A0C, 0x1109, 0x2128, 0x18E7, 0x3189, 0xB9E4, 0x4B8F, 0x1C34, 0x3493, 0x2C73,
    0x3475, 0x2C94, 0x734C, 0xE615, 0xFFBC, 0xFEF8, 0xFED8, 0xFEF8, 0xFED8, 0xFED8, 0xFED8, 0xFED8,
    0xFED8, 0xFED8, 0xFEB8, 0xFED8, 0xFED8, 0xFED8, 0xFED8, 0xFF39, 0xF635, 0x934C, 0x22AD, 0x2391,
    0x2370, 0x1AAE, 0x1ACE, 0x3A2A, 0x4106, 0x224A, 0x220A, 0x2B91, 0x2370, 0x222C, 0x18C6, 0x19CA,
    0x7D76, 0xFFFF, 0xFFDF, 0xFFFF, 0xEF7D, 0xCEBA, 0xFFFF, 0xFFDE, 0xFFDE, 0xFFDE, 0xFFDE, 0xFFDE,
    0xFFDE, 0xFFDE, 0xFFDE, 0xFFDE, 0xFFDE, 0xFFDE, 0xFFDE, 0xFFBE, 0xFFBE, 0xFFBE, 0xFFBE, 0xFFBE,
    0xFFBE, 0xFFBE, 0xFFBE, 0xFFBE, 0xFFDE, 0xFFDD, 0xFFDE, 0xFFDE, 0xFFDE, 0xFFDE, 0xFFDE, 0xFFDE,
    0xFFDE, 0xFFDE, 0xFFDE, 0xFFDE, 0xFFDE, 0xFFDE, 0xFFDE, 0xFFDE, 0xFFDE, 0xFFDE, 0xFFDE, 0xFFDE,
    0xFFDE, 0xFFDE, 0xFFDE, 0xFFDE, 0xFFDE, 0xFFDE, 0xFFDE, 0xFFDE, 0xFFDE, 0xFFDE, 0xFFDE, 0xFFDE,
    0xFFDE, 0xFFDE, 0xFFDE, 0xFFDE, 0xFFFE, 0xFFDE, 0xB6BA, 0xB6DA, 0xC71C, 0xAE58, 0x5D34, 0x5555,
    0xAC74, 0x7B70, 0x5A6E, 0x1949, 0x1948, 0x31C9, 0x31A8, 0x2947, 0x6BAE, 0x2CD4, 0x1C12, 0x3473,
    0x44B5, 0x34F5, 0x4432, 0xC46D, 0xDD51, 0xF75A, 0xFF19, 0xFED8, 0xFED8, 0xFED8, 0xFED8, 0xFED8,
    0xFED8, 0xFED8, 0xFED8, 0xFED8, 0xFEB8, 0xFEF9, 0xFF19, 0xD531, 0xD38A, 0x6A49, 0x23B2, 0x2B70,
    0x2B91, 0x2350, 0x226C, 0x2147, 0xA9E4, 0x5A8A, 0x124C, 0x2BB1, 0x2350, 0x224C, 0x39E9, 0x1906,
    0x222B, 0xB67A, 0xFFFF, 0xFFFF, 0xDF1C, 0xF7BF, 0xFFDF, 0xFFDE, 0xFFDE, 0xFFDE, 0xFFDE, 0xFFDE,
    0xFFDE, 0xFFDE, 0xFFDE, 0xFFDE, 0xFFDE, 0xFFDE, 0xFFDE, 0xFFBE, 0xFFBE, 0xFFBE, 0xFFBE, 0xFFBE,
    0xFFBE, 0xFFBE, 0xFFBE, 0xFFBE, 0xFFBE, 0xFFBE, 0xFFBE, 0xFFDE, 0xFFDE, 0xFFDE, 0xFFDE, 0xFFDE,
    0xFFDE, 0xFFDE, 0xFFDE, 0xFFDE, 0xFFDE, 0xFFDD, 0xFFDE, 0xFFDE, 0xFFDE, 0xFFDE, 0xFFDE, 0xFFDE,
    0xFFDE, 0xFFDE, 0xFFDE, 0xFFDE, 0xFFDE, 0xFFDE, 0xFFDE, 0xFFDE, 0xFFDE, 0xFFDE, 0xFFDE, 0xFFDE,
    0xFFDE, 0xFFDE, 0xFFDE, 0xFFDE, 0xFFDE, 0xFFFE, 0xFFDE, 0xCF3B, 0xAE99, 0x8DB6, 0xAE9A, 0xBE59,
    0x93F2, 0x734F, 0x524C, 0x31CB, 0x0907, 0x4AED, 0xDCAA, 0x7124, 0x1947, 0x53F1, 0x9619, 0x9E18,
    0x3CD4, 0x3D36, 0x3C52, 0xD656, 0xED0E, 0xD3EB, 0xE676, 0xFF39, 0xFEF8, 0xFED8, 0xFED8, 0xFED8,
    0xFED8, 0xFED8, 0xFED8, 0xFED8, 0xFF39, 0xEE76, 0xCC2D, 0xD3CB, 0xF4CF, 0x62EB, 0x1B91, 0x2390,
    0x2BB1, 0x2B0E, 0x1989, 0x5208, 0xFA62, 0x59E7, 0x1AEF, 0x2B91, 0x2B50, 0x11AA, 0x9D15, 0x8451,
    0x1948, 0x1968, 0x8452, 0xD6BA, 0xFFDF, 0xFFDF, 0xFFDE, 0xFFDE, 0xFFDE, 0xFFDE, 0xFFDE, 0xFFDE,
    0xFFDE, 0xFFDE, 0xFFDE, 0xFFDE, 0xFFDE, 0xFFDE, 0xFFBE, 0xFFBE, 0xFFBE, 0xFFBE, 0xFFBE, 0xFFBE,
    0xFFBE, 0xFFBE, 0xFFBE, 0xFFBE, 0xFFBE, 0xFFBE, 0xFFBE, 0xFFBE, 0xFFDE, 0xFFDE, 0xFFDE, 0xFFDE,
    0xFFDE, 0xFFDE, 0xFFDE, 0xFFDE, 0xFFDE, 0xFFDE, 0xFFDE, 0xFFDE, 0xFFDE, 0xFFDE, 0xFFDE, 0xFFDE,
    0xFFDE, 0xFFDE, 0xFFDE, 0xFFDE, 0xFFDE, 0xFFDE, 0xFFDE, 0xFFDE, 0xFFDE, 0xFFDE, 0xFFDE, 0xFFDE,
    0xFFDE, 0xFFDE, 0xFFDE, 0xFFDE, 0xFFDE, 0xFFDE, 0xFFFE, 0xFFFF, 0xFFFF, 0xE73C, 0xEF7D, 0xD659,
    0x8370, 0x52CE, 0x4A6C, 0x420B, 0x1108, 0x42AC, 0xEC09, 0xE1C3, 0xA4D3, 0x6B6E, 0x9C91, 0x6CD3,
    0x34F6, 0x3D16, 0x3C73, 0xC615, 0xFF99, 0xE3CA, 0xDB8A, 0xDD30, 0xF6D8, 0xFF19, 0xFED7, 0xFED8,
    0xFED8, 0xFEF8, 0xFF39, 0xF6D7, 0xD4F0, 0xC36A, 0xE3EC, 0xECCF, 0xEC8F, 0x62CA, 0x1350, 0x232F,
    0x228C, 0x2A6B, 0x1BD2, 0x52AB, 0xFA22, 0x7206, 0x1B51, 0x2B30, 0x2B4F, 0x1189, 0x8C52, 0xB5B6,
    0xAD96, 0xBDD7, 0xA556, 0xDEDB, 0xFFDE, 0xFFDE, 0xFFDE, 0xFFDE, 0xFFDE, 0xFFDE, 0xFFDE, 0xFFDE,
    0xFFDE, 0xFFDE, 0xFFDE, 0xFFDE, 0xFFDE, 0xFFDE, 0xFFDE, 0xFFBE, 0xFFBE, 0xFFBE, 0xFFBE, 0xFFBE,
    0xFFBE, 0xFFBE, 0xFFBE, 0xFFBE, 0xFFBE, 0xFFBE, 0xFFBE, 0xFFBE, 0xFFBE, 0xFFDE, 0xFFDE, 0xFFDE,
    0xFFDE, 0xFFDE, 0xFFDE, 0xFFDE, 0xFFDE, 0xFFDE, 0xFFDE, 0xFFDE, 0xFFDE, 0xFFDE, 0xFFDE, 0xFFDE,
    0xFFDE, 0xFFDE, 0xFFDE, 0xFFDE, 0xFFDE, 0xFFDE, 0xFFDE, 0xFFDE, 0xFFDE, 0xFFDE, 0xFFDE, 0xFFDE,
    0xFFDE, 0xFFDE, 0xFFDE, 0xFFDE, 0xFFDE, 0xFFDE, 0xFFDE, 0xFFFE, 0xFFFF, 0xCEBA, 0xE79E, 0xC597,
    0x8390, 0x320C, 0x5AEE, 0x39CA, 0x2189, 0x3A8B, 0xEB87, 0xD1A1, 0xEF1B, 0xFFFF, 0xB659, 0x24F4,
    0x5D77, 0x7DD7, 0x4472, 0xBD72, 0xFFFC, 0xEE32, 0xF3EB, 0xE3EC, 0xD3EC, 0xDDB3, 0xFEF9, 0xFF19,
    0xFF39, 0xF6B7, 0xD552, 0xC36A, 0xD309, 0xE42D, 0xEC8F, 0xE48F, 0xEC6E, 0xAC2F, 0x9E19, 0x2B70,
    0x2B8F, 0x3C73, 0x2475, 0x630B, 0xFA01, 0x7AA8, 0x1B72, 0x230F, 0x2B70, 0x1169, 0x7C11, 0xEF5C,
    0xB597, 0xFFFF, 0xFFFF, 0xFFFF, 0xFFDE, 0xFFDE, 0xFFDE, 0xFFDE, 0xFFDE, 0xFFDE, 0xFFDE, 0xFFDE,
    0xFFDE, 0xFFDE, 0xFFDE, 0xFFDE, 0xFFDE, 0xFFDE, 0xFFDE, 0xFFDE, 0xFFBE, 0xFFBE, 0xFFBE, 0xFFBE,
    0xFFBE, 0xFFBE, 0xFFBE, 0xFFBE, 0xFFBE, 0xFFBE, 0xFFBE, 0xFFBE, 0xFFDE, 0xFFDE, 0xFFDE, 0xFFDE,
    0xFFDE, 0xFFDE, 0xFFDE, 0xFFDE, 0xFFDE, 0xFFDE, 0xFFDE, 0xFFDE, 0xFFDE, 0xFFDE, 0xFFDE, 0xFFDE,
    0xFFDE, 0xFFDE, 0xFFDE, 0xFFDE, 0xFFDE, 0xFFDE, 0xFFDE, 0xFFDE, 0xFFDE, 0xFFDE, 0xFFDE, 0xFFDE,
    0xFFDE, 0xFFDE, 0xFFDE, 0xFFDE, 0xFFDE, 0xFFDE, 0xFFDE, 0xFFFE, 0xFFFF, 0xC6BA, 0xF7DF, 0xB4D5,
    0x6AEF, 0x29CA, 0x3B0E, 0x426C, 0x2969, 0x4AAB, 0xE2C6, 0xE202, 0xD678, 0xB6DA, 0x5576, 0x5576,
    0xDF5D, 0xF79D, 0x5B8D, 0xAD11, 0xFFFC, 0xFFBA, 0xECCE, 0xEC2D, 0xEC2D, 0xD36A, 0xD42C, 0xE593,
    0xDCF0, 0xC3AB, 0xCB09, 0xDBAA, 0xE44E, 0xEC8F, 0xF4CF, 0xF4AF, 0xDC0D, 0x51C7, 0x6BCF, 0x6515,
    0x3453, 0x4B10, 0x2A8D, 0x72A9, 0xFA01, 0x5AED, 0x1372, 0x2B0E, 0x2B70, 0x0949, 0x8C93, 0xFFFF,
    0xA515, 0xFFDE, 0xFFDE, 0xFFDF, 0xFFDF, 0xFFDE, 0xFFDE, 0xFFDE, 0xFFDE, 0xFFDE, 0xFFDE, 0xFFDE,
    0xFFDE, 0xFFDE, 0xFFDE, 0xFFDE, 0xFFDE, 0xFFDE, 0xFFDE, 0xFFDE, 0xFFDE, 0xFFBE, 0xFFBE, 0xFFBE,
    0xFFBE, 0xFFBE, 0xFFBE, 0xFFBE, 0xFFBE, 0xFFBE, 0xFFDE, 0xFFDE, 0xFFDE, 0xFFDE, 0xFFDE, 0xFFDE,
    0xFFDE, 0xFFDE, 0xFFDE, 0xFFDE, 0xFFDE, 0xFFDE, 0xFFDE, 0xFFDE, 0xFFDE, 0xFFDE, 0xFFDE, 0xFFDE,
    0xFFDE, 0xFFDE, 0xFFDE, 0xFFDE, 0xFFDE, 0xFFDE, 0xFFDE, 0xFFDE, 0xFFDE, 0xFFDE, 0xFFDE, 0xFFDE,
    0xFFDE, 0xFFDE, 0xFFDE, 0xFFDE, 0xFFDF, 0xFFDF, 0xFFFE, 0xFFFE, 0xF7BE, 0xCEDB, 0xFFBE, 0x9413,
    0x4A2C, 0x426D, 0x21EC, 0x33F1, 0x298A, 0x41E9, 0xE283, 0xE223, 0xDE37, 0x9E7A, 0xAEBA, 0xF7DE,
    0xFFFF, 0xEF3C, 0x7D95, 0x5C92, 0x8C71, 0xEF39, 0xFF78, 0xEC4D, 0xE42E, 0xEC4D, 0xDBAA, 0xD349,
    0xD36A, 0xDB8A, 0xDBCC, 0xEC8F, 0xFCF0, 0xDC6E, 0xA34B, 0x5229, 0x19A8, 0x09EA, 0x11CA, 0x4413,
    0x3A8D, 0x29A9, 0x214A, 0x7165, 0xE223, 0x2B30, 0x230E, 0x2B4F, 0x2B70, 0x096A, 0x8C93, 0xFFFF,
    0xAD75, 0xF77D, 0xFFFF, 0xFFDE, 0xFFDE, 0xFFDE, 0xFFDF, 0xFFDE, 0xFFDE, 0xFFDE, 0xFFDE, 0xFFDE,
    0xFFDE, 0xFFDE, 0xFFDE, 0xFFDE, 0xFFDE, 0xFFDE, 0xFFDE, 0xFFDE, 0xFFDE, 0xFFBE, 0xFFBE, 0xFFBE,
    0xFFBE, 0xFFBE, 0xFFBE, 0xFFBE, 0xFFBE, 0xFFBE, 0xFFDE, 0xFFDE, 0xFFDE, 0xFFDE, 0xFFDE, 0xFFDE,
    0xFFDE, 0xFFDE, 0xFFDE, 0xFFDE, 0xFFDE, 0xFFDE, 0xFFDE, 0xFFDE, 0xFFDE, 0xFFDE, 0xFFDE, 0xFFDE,
    0xFFDE, 0xFFDE, 0xFFDE, 0xFFDE, 0xFFDE, 0xFFDE, 0xFFDE, 0xFFDE, 0xFFDE, 0xFFDE, 0xFFDE, 0xFFDE,
    0xFFDE, 0xFFDE, 0xFFDE, 0xFFDE, 0xFFDE, 0xFFDE, 0xFFFE, 0xFFFE, 0xE75C, 0xD6FB, 0xF77D, 0x7370,
    0x7BF0, 0x52CD, 0x21EC, 0x230F, 0x33F1, 0x1948, 0x99E4, 0xF222, 0xDE57, 0xEFBF, 0xFFDE, 0xFFFF,
    0xFFFF, 0xFFDE, 0x8470, 0x232E, 0x020C, 0x2A4B, 0x8491, 0xEDD2, 0xEC4D, 0xE42E, 0xE42E, 0xE3CB,
    0xE3AB, 0xE3CB, 0xF46F, 0xE46E, 0x82EA, 0x29C8, 0x0189, 0x01AA, 0x0988, 0x1126, 0x21A8, 0x3A4C,
    0x31AA, 0x39CA, 0x322C, 0x89E6, 0xA267, 0x230F, 0x2AEE, 0x2370, 0x2350, 0x21EC, 0x5B0E, 0xDEBB,
    0xB5B7, 0xE71C, 0xFFFF, 0xFFDE, 0xFFDE, 0xFFDE, 0xFFDE, 0xFFDE, 0xFFDE, 0xFFDE, 0xFFDE, 0xFFDE,
    0xFFDE, 0xFFDE, 0xFFDE, 0xFFDE, 0xFFDE, 0xFFDE, 0xFFDE, 0xFFDE, 0xFFDE, 0xFFDE, 0xFFDE, 0xFFDE,
    0xFFBE, 0xFFBE, 0xFFBE, 0xFFBE, 0xFFDE, 0xFFDE, 0xFFDE, 0xFFDE, 0xFFDE, 0xFFDE, 0xFFDE, 0xFFDE,
    0xFFDE, 0xFFDE, 0xFFDE, 0xFFDE, 0xFFDE, 0xFFDE, 0xFFDE, 0xFFDE, 0xFFDE, 0xFFDE, 0xFFDE, 0xFFDE,
    0xFFDE, 0xFFDE, 0xFFDE, 0xFFDE, 0xFFDE, 0xFFDE, 0xFFDE, 0xFFDE, 0xFFDE, 0xFFDE, 0xFFDE, 0xFFDE,
    0xFFDE, 0xFFDE, 0xFFFF, 0xFFFF, 0xFFFE, 0xFFFE, 0xFFDE, 0xEF9D, 0xF79E, 0xDF3C, 0xE6FC, 0x7350,
    0xCE9A, 0x5AED, 0x2A0C, 0x1ACE, 0x2BD1, 0x2C12, 0x31A9, 0xC9C2, 0xF698, 0xF7FF, 0xDF3C, 0xEF9D,
    0xFFFF, 0xFFFF, 0x8B6C, 0x2081, 0x2186, 0x11EA, 0x018A, 0x3A6A, 0xCC4E, 0xF46E, 0xE44E, 0xE44D,
    0xE40D, 0xF48F, 0xB38C, 0x29C9, 0x01AA, 0x098A, 0x1147, 0x18C3, 0x10A3, 0x10A4, 0x4209, 0x5AAD,
    0x31EB, 0x39EB, 0x2A0D, 0x7A07, 0x5B0B, 0x524A, 0x2350, 0x2370, 0x232F, 0x1128, 0x7C32, 0xBDD7,
    0x8411, 0xEF7D, 0xFFFF, 0xFFDE, 0xFFDE, 0xFFDE, 0xFFDE, 0xFFDE, 0xFFDE, 0xFFDE, 0xFFDE, 0xFFDE,
    0xFFDE, 0xFFDE, 0xFFDE, 0xFFDE, 0xFFDE, 0xFFDE, 0xFFDE, 0xFFDE, 0xFFDE, 0xFFDE, 0xFFDE, 0xFFDE,
    0xFFDE, 0xFFDE, 0xFFDE, 0xFFDE, 0xFFDE, 0xFFDE, 0xFFDE, 0xFFDE, 0xFFDE, 0xFFDE, 0xFFDE, 0xFFDE,
    0xFFDE, 0xFFDE, 0xFFDE, 0xFFDE, 0xFFDE, 0xFFDE, 0xFFDE, 0xFFDE, 0xFFDE, 0xFFDE, 0xFFDE, 0xFFDE,
    0xFFDE, 0xFFDE, 0xFFDE, 0xFFDE, 0xFFDE, 0xFFDE, 0xFFDE, 0xFFDE, 0xFFDE, 0xFFDE, 0xFFDE, 0xFFDE,
    0xFFDE, 0xFFDE, 0xFFFF, 0xFFFF, 0xFFFF, 0xF7BE, 0xEF7D, 0xFFDE, 0xFFDE, 0xEF5D, 0xCE39, 0x83D1,
    0xFFFF, 0x73D0, 0x322B, 0x1B0F, 0x1B4F, 0x2BD2, 0x1C12, 0x4A49, 0xEEB9, 0xFFFF, 0xFFFE, 0xFFFE,
    0xFFFF, 0xFFDE, 0xAC4C, 0x3124, 0x18A2, 0x1883, 0x1966, 0x09A9, 0x29C8, 0xDC2E, 0xEC6F, 0xE44E,
    0xF48F, 0x92EA, 0x09A9, 0x09CA, 0x1926, 0x1082, 0x1061, 0x18A4, 0x08A4, 0x0044, 0x52AC, 0xD67A,
    0x4A8C, 0x3A4D, 0x29AC, 0x426B, 0x8A28, 0x526B, 0x1BB1, 0x2390, 0x22CD, 0x1127, 0x29CA, 0xBDD7,
    0x9492, 0xA4F4, 0xFFFF, 0xFFFF, 0xFFDE, 0xFFDE, 0xFFDE, 0xFFDE, 0xFFDE, 0xFFDE, 0xFFDE, 0xFFDE,
    0xFFDE, 0xFFDE, 0xFFDE, 0xFFDE, 0xFFDE, 0xFFDE, 0xFFDE, 0xFFDE, 0xFFDE, 0xFFDE, 0xFFDE, 0xFFDF,
    0xFFFF, 0xFFFF, 0xFFFF, 0xFFFF, 0xFFFF, 0xFFFF, 0xFFFF, 0xFFFF, 0xFFFF, 0xFFFF, 0xFFFF, 0xFFFF,
    0xFFDE, 0xFFDE, 0xFFDE, 0xFFDE, 0xFFDE, 0xFFDE, 0xFFDE, 0xFFDE, 0xFFDE, 0xFFDE, 0xFFDE, 0xFFDE,
    0xFFDE, 0xFFDE, 0xFFDE, 0xFFDE, 0xFFDE, 0xFFDE, 0xFFDE, 0xFFDE, 0xFFDE, 0xFFDE, 0xFFDE, 0xFFDE,
    0xFFDE, 0xFFDE, 0xEF9D, 0xF79D, 0xEF9E, 0xF79E, 0xFFDF, 0xFFFF, 0xFFDE, 0xE75C, 0xB577, 0x9CD4,
    0xFFFF, 0x9514, 0x3A4C, 0x22EE, 0x1B70, 0x1B90, 0x6CD4, 0x2BF2, 0x4C11, 0xDEFB, 0xFFFF, 0xFFFF,
    0xFFFF, 0xF79D, 0xBCEC, 0x4164, 0x18A4, 0x18A2, 0x1862, 0x1926, 0x0189, 0x5A49, 0xF48F, 0xF46E,
    0x9B0B, 0x01A9, 0x19AA, 0x18C3, 0x1082, 0x1083, 0x1082, 0x0883, 0x3986, 0x5A07, 0x524A, 0xF79E,
    0x94B3, 0x298A, 0x324C, 0x3A6C, 0x61A7, 0x3370, 0x2391, 0x2B91, 0x1A4C, 0x1947, 0x1929, 0x422B,
    0xBDD6, 0xBDF8, 0xAD56, 0xF7BE, 0xFFFF, 0xFFDE, 0xFFDE, 0xFFDE, 0xFFDE, 0xFFDE, 0xFFDE, 0xFFDE,
    0xFFDE, 0xFFDE, 0xFFDE, 0xFFDE, 0xFFDE, 0xFFDE, 0xFFFF, 0xFFFF, 0xFFFF, 0xFFFF, 0xFFFE, 0xF7BD,
    0xEF7D, 0xEF5D, 0xEF5D, 0xEF3C, 0xE71C, 0xE71C, 0xE73C, 0xE71C, 0xDEDB, 0xD6DB, 0xDEFB, 0xEF7D,
    0xFFDE, 0xFFDE, 0xFFDE, 0xFFDE, 0xFFDE, 0xFFDE, 0xFFDE, 0xFFDE, 0xFFDE, 0xFFDE, 0xFFDE, 0xFFDE,
    0xFFDE, 0xFFDE, 0xFFDE, 0xFFDE, 0xFFDE, 0xFFDE, 0xFFDE, 0xFFDE, 0xFFDE, 0xFFDE, 0xFFDE, 0xFFDE,
    0xFFDE, 0xFFDE, 0xFFDE, 0xF7BD, 0xFFDE, 0xFFFE, 0xFFFF, 0xFFFF, 0xFFDE, 0xE73C, 0xA4F5, 0xBDD8,
    0xFFFF, 0xAE99, 0x4B6F, 0x226C, 0x1B70, 0x132F, 0xBE79, 0xE71C, 0x74D5, 0x43D0, 0x9514, 0xCE99,
    0xE73C, 0xCE38, 0xCD8F, 0x9BE8, 0x1862, 0x1083, 0x18A3, 0x1882, 0x1968, 0x0989, 0xBBAC, 0xE42D,
    0x21A9, 0x11CA, 0x10A3, 0x1082, 0x0882, 0x1082, 0x0862, 0x49C6, 0x7AC8, 0x6248, 0x3168, 0xD69A,
    0xFFFF, 0x9492, 0x2A0A, 0x324C, 0x2A8D, 0x2BF2, 0x2350, 0x2B91, 0x19CA, 0x1948, 0x2149, 0x10C8,
    0x7BF1, 0xFFFF, 0xE71C, 0xB576, 0xF7BE, 0xFFDE, 0xFFDE, 0xFFDE, 0xFFDE, 0xFFDE, 0xFFDE, 0xFFBE,
    0xFFBE, 0xFFBE, 0xFFFF, 0xFFFF, 0xFFFF, 0xFFFF, 0xEF7D, 0xDEDB, 0xC638, 0xC618, 0xC638, 0xD67A,
    0xDEFB, 0xEF5D, 0xFFBE, 0xF7BE, 0xF79D, 0xF79D, 0xF79D, 0xEF7D, 0xE71C, 0xCE9A, 0xAD76, 0x8453,
    0xFFDE, 0xFFDE, 0xFFDE, 0xFFDE, 0xFFDE, 0xFFDE, 0xFFDE, 0xFFDE, 0xFFDE, 0xFFDE, 0xFFDE, 0xFFDE,
    0xFFDE, 0xFFDE, 0xFFDE, 0xFFDE, 0xFFDE, 0xFFDE, 0xFFDE, 0xFFDE, 0xFFDE, 0xFFDE, 0xFFDE, 0xFFDE,
    0xFFDE, 0xFFDE, 0xFFFE, 0xFFFE, 0xFFFE, 0xFFDE, 0xFFDE, 0xFFDE, 0xFFFF, 0xE71C, 0x8C73, 0xD6BB,
    0xFFFF, 0xBEFA, 0x6DB6, 0x3A8C, 0x1B0F, 0x0B2F, 0x9DD7, 0xFFFF, 0xFFFF, 0xEF9D, 0xC679, 0xBE17,
    0xDF1C, 0xC595, 0x7AE9, 0x8308, 0x8B49, 0x6267, 0x1082, 0x10A3, 0x18E4, 0x0189, 0x7ACA, 0x8B0A,
    0x01AA, 0x1905, 0x1882, 0x18C3, 0x6227, 0x7AA8, 0x72A8, 0x51E7, 0x1082, 0x18C5, 0x2927, 0x8C52,
    0xFFFF, 0xADB7, 0x7432, 0x3A0B, 0x334F, 0x2BD1, 0x2350, 0x2390, 0x1989, 0x218A, 0x1908, 0x2128,
    0x29EA, 0x7BF1, 0xE71C, 0xE6FC, 0xCE59, 0xFFFF, 0xFFFF, 0xFFFF, 0xFFFF, 0xFFFF, 0xFFFF, 0xFFFF,
    0xFFFF, 0xFFFF, 0xFFDE, 0xDEFC, 0xBDF8, 0xA576, 0xB596, 0xCE59, 0xDEFB, 0xEF3C, 0xEF5D, 0xEF3C,
    0xE71C, 0xDEDB, 0xDEDB, 0xEF7D, 0xFFFF, 0xFFFF, 0xFFFE, 0xFFFF, 0xFFFF, 0xFFFF, 0xFFFF, 0xFFDE,
    0xFFDE, 0xFFDE, 0xFFDE, 0xFFDE, 0xFFDE, 0xFFDE, 0xFFDE, 0xFFDE, 0xFFDE, 0xFFDE, 0xFFDE, 0xFFDE,
    0xFFDE, 0xFFDE, 0xFFDE, 0xFFDE, 0xFFDE, 0xFFDE, 0xFFDE, 0xFFDE, 0xFFDE, 0xFFDE, 0xFFDE, 0xFFDE,
    0xFFDE, 0xFFDE, 0xFFDE, 0xFFDE, 0xFFDE, 0xFFDE, 0xFFDE, 0xFFDE, 0xFFFE, 0xF7BE, 0x8C52, 0xE73C,
    0xFFFF, 0xDF1B, 0x7E78, 0x6CB3, 0x1A4B, 0x0B50, 0x8D76, 0xFFFF, 0xFFFF, 0xFFFF, 0xFFFF, 0xFFFF,
    0xF7BE, 0x9BCD, 0x3124, 0x1083, 0x4164, 0x3945, 0x20C3, 0x18A3, 0x1882, 0x0988, 0x3208, 0x3A09,
    0x1188, 0x1882, 0x1082, 0x3144, 0x3985, 0x28E4, 0x5207, 0x0882, 0x1083, 0x18C4, 0x2907, 0x49E9,
    0xA595, 0xB618, 0xFFFF, 0x9D15, 0x2BB1, 0x2B70, 0x2350, 0x2B2F, 0x21CA, 0x2189, 0x18C6, 0x21C9,
    0x2169, 0x1087, 0x2969, 0x6B4F, 0x7BB0, 0xAD56, 0xCE7A, 0xD69A, 0xDEDB, 0xD69A, 0xCE59, 0xB5B8,
    0x9CF5, 0x8C73, 0x9494, 0xAD76, 0xCE7A, 0xEF7D, 0xFFFF, 0xFFFF, 0xFFFF, 0xFFFF, 0xFFFF, 0xFFFF,
    0xFFFF, 0xFFDE, 0xEF5D, 0xCE59, 0xB5B6, 0xEF7D, 0xFFFF, 0xFFDE, 0xFFDE, 0xFFDE, 0xFFDE, 0xFFDE,
    0xFFDE, 0xFFDE, 0xFFDE, 0xFFDE, 0xFFDE, 0xFFDE, 0xFFDE, 0xFFDE, 0xFFDE, 0xFFDE, 0xFFDE, 0xFFDE,
    0xFFDE, 0xFFDE, 0xFFDE, 0xFFDE, 0xFFDE, 0xFFDE, 0xFFDE, 0xFFDE, 0xFFDE, 0xFFDE, 0xFFDE, 0xFFDE,
    0xFFDE, 0xFFDE, 0xFFDE, 0xFFDE, 0xFFDE, 0xFFDE, 0xFFDE, 0xFFDE, 0xFFDE, 0xFFFF, 0xA536, 0xE73C,
    0xFFFF, 0xF79D, 0x9E58, 0x7E9A, 0x4BAF, 0x026C, 0x6D15, 0xFFFF, 0xFFFF, 0xFFDE, 0xFFFF, 0xE73C,
    0x93AD, 0xABEC, 0x49A6, 0x10A3, 0x10A3, 0x0822, 0x0801, 0x0862, 0x18A2, 0x1947, 0x0988, 0x11AA,
    0x1925, 0x1082, 0x0862, 0x0841, 0x0882, 0x0883, 0x0862, 0x10A4, 0x10A3, 0x1083, 0x2106, 0x29A9,
    0x428B, 0xE73C, 0xFFFF, 0x95B7, 0x2391, 0x2B50, 0x232F, 0x2B0F, 0x2A0A, 0x1906, 0x2148, 0x21E9,
    0x2127, 0x2148, 0x1908, 0x2148, 0x298A, 0x1929, 0x2989, 0x31AA, 0x31AA, 0x31CA, 0x4A6C, 0x6B70,
    0xA515, 0xD69A, 0xFFBE, 0xFFFF, 0xFFFF, 0xFFFE, 0xFFDF, 0xFFDE, 0xFFDE, 0xFFDE, 0xFFDE, 0xFFDE,
    0xFFDE, 0xFFDF, 0xFFFF, 0xFFFF, 0xCE9A, 0x6BB1, 0xC639, 0xFFFF, 0xFFDE, 0xFFDE, 0xFFDE, 0xFFDE,
    0xFFDE, 0xFFDE, 0xFFDE, 0xFFDE, 0xFFDE, 0xFFDE, 0xFFDE, 0xFFDE, 0xFFDE, 0xFFDE, 0xFFDE, 0xFFDE,
    0xFFDE, 0xFFDE, 0xFFDE, 0xFFDE, 0xFFDE, 0xFFDE, 0xFFDE, 0xFFDE, 0xFFDE, 0xFFDE, 0xFFDE, 0xFFDE,
    0xFFDE, 0xFFDE, 0xFFDE, 0xFFDE, 0xFFDE, 0xFFDE, 0xFFDE, 0xFFDE, 0xFFDE, 0xFFFF, 0xB597, 0xE73C,
    0xFFFF, 0xFFDE, 0xAE99, 0x86BA, 0x7658, 0x330D, 0x43D0, 0xFFFF, 0xFFFF, 0xFFFF, 0xCE38, 0x7B4C,
    0x6A68, 0x7B0A, 0x4186, 0x18A3, 0x10A3, 0x5A88, 0xA449, 0x49C4, 0x0021, 0x10A3, 0x29E9, 0x11A9,
    0x08A3, 0x0841, 0x3964, 0x3964, 0x0883, 0x18A3, 0x10A3, 0x10A3, 0x10A3, 0x18E5, 0x18E4, 0x2186,
    0x2127, 0x3187, 0x8C71, 0x4C52, 0x2391, 0x1B30, 0x43B1, 0x32CD, 0x2169, 0x31CA, 0x326C, 0x2169,
    0x1927, 0x2169, 0x2149, 0x1928, 0x39CA, 0x39EB, 0x420C, 0x9CD4, 0xD69A, 0xEF7D, 0xFFFF, 0xFFFF,
    0xFFFF, 0xFFFF, 0xFFDF, 0xFFDE, 0xFFBE, 0xFFDE, 0xFFDE, 0xFFDE, 0xFFDE, 0xFFDE, 0xFFDE, 0xFFDE,
    0xFFDE, 0xFFDE, 0xFFDE, 0xFFBE, 0xFFFF, 0xC659, 0x42AE, 0xB5D8, 0xFFFF, 0xFFDE, 0xFFDE, 0xFFDE,
    0xFFDE, 0xFFDE, 0xFFDE, 0xFFDE, 0xFFDE, 0xFFDE, 0xFFDE, 0xFFDE, 0xFFDE, 0xFFDE, 0xFFDE, 0xFFDE,
    0xFFDE, 0xFFDE, 0xFFDE, 0xFFDE, 0xFFDE, 0xFFDE, 0xFFDE, 0xFFDE, 0xFFDE, 0xFFDE, 0xFFDE, 0xFFDE,
    0xFFDE, 0xFFDE, 0xFFDE, 0xFFDE, 0xFFDE, 0xFFDE, 0xFFDE, 0xFFDF, 0xFFDE, 0xFFFF, 0xB5B7, 0xC659,
    0xFFFF, 0xFFFF, 0xBEB9, 0x96D9, 0x8ED9, 0x75F6, 0x434E, 0xE73C, 0xEF3C, 0xA491, 0x9B8D, 0x4185,
    0x2904, 0x0820, 0x1882, 0x1062, 0x39A6, 0xD56E, 0x5B29, 0xAC6A, 0x6246, 0x4A47, 0xBC8B, 0x5226,
    0x18A2, 0x8B27, 0xABA9, 0xBBE9, 0x6A46, 0x0863, 0x18A3, 0x10A3, 0x10A3, 0x0861, 0x10A3, 0x18C3,
    0x2947, 0x2907, 0x21E9, 0x3433, 0x2350, 0x2B90, 0x8514, 0x9535, 0x6370, 0x19C9, 0x2189, 0x29AB,
    0x29AA, 0x29CB, 0x29CB, 0x29AA, 0x2149, 0x2989, 0x39AB, 0x39EB, 0x8C52, 0xC639, 0xE73C, 0xFFDE,
    0xFFDE, 0xFFBE, 0xFFDE, 0xFFDE, 0xFFDE, 0xFFDE, 0xFFDE, 0xFFDE, 0xFFDE, 0xFFDE, 0xFFDE, 0xFFDE,
    0xFFDE, 0xFFDE, 0xFFDE, 0xFFDE, 0xFFDE, 0xFFFF, 0x9CF5, 0x428E, 0xD69A, 0xFFFF, 0xFFDE, 0xFFDE,
    0xFFDE, 0xFFDE, 0xFFDE, 0xFFDE, 0xFFDE, 0xFFDE, 0xFFDE, 0xFFDE, 0xFFDE, 0xFFDE, 0xFFDE, 0xFFDE,
    0xFFDE, 0xFFDE, 0xFFDE, 0xFFDE, 0xFFDE, 0xFFDE, 0xFFDE, 0xFFDE, 0xFFDE, 0xFFDE, 0xFFDE, 0xFFDE,
    0xFFDE, 0xFFDE, 0xFFDE, 0xFFDE, 0xFFDE, 0xFFFE, 0xFFFF, 0xFFFF, 0xFFDF, 0xFFFF, 0xCE7A, 0x8C94,
    0xFFFF, 0xFFFF, 0xDF3B, 0x8E77, 0x971A, 0x8ED9, 0x75F6, 0x6C31, 0x732C, 0x93AD, 0x5207, 0x1062,
    0x4A08, 0x2924, 0x0861, 0x0821, 0x3965, 0xD50B, 0x4AA9, 0x732A, 0xD469, 0xC54E, 0x140F, 0xA3C9,
    0xD449, 0x8329, 0x0127, 0x8308, 0xABA8, 0x1063, 0x1083, 0x1062, 0x1061, 0x1082, 0x1904, 0x1082,
    0x1082, 0x18A3, 0x4432, 0x23B1, 0x2351, 0x2AAC, 0x434E, 0xB5B6, 0xFFFF, 0xAD76, 0x3A0A, 0x2169,
    0x2988, 0x31A9, 0x29AA, 0x31CC, 0x29CA, 0x2989, 0x31AA, 0x298A, 0x2149, 0x426C, 0x8432, 0xC5F7,
    0xF77D, 0xFFFF, 0xFFFF, 0xFFDE, 0xFFDE, 0xFFDE, 0xFFDE, 0xFFDE, 0xFFDE, 0xFFDE, 0xFFDE, 0xFFDE,
    0xFFDE, 0xFFDE, 0xFFDE, 0xFFDE, 0xFFDE, 0xFFFF, 0xE75C, 0x52EF, 0x7C32, 0xFFFE, 0xFFDF, 0xFFDE,
    0xFFDE, 0xFFDE, 0xFFDE, 0xFFDE, 0xFFDE, 0xFFDE, 0xFFDE, 0xFFDE, 0xFFDE, 0xFFDE, 0xFFDE, 0xFFDE,
    0xFFDE, 0xFFDE, 0xFFDE, 0xFFDE, 0xFFDE, 0xFFDE, 0xFFDE, 0xFFDE, 0xFFDE, 0xFFDE, 0xFFDE, 0xFFDE,
    0xFFDE, 0xFFDE, 0xFFDE, 0xFFDE, 0xFFFF, 0xFFFF, 0xFFDE, 0xFFDE, 0xFFDE, 0xFFFE, 0xEF7D, 0x73D0,
    0xDEFB, 0xFFFF, 0xFFFF, 0xA679, 0x8EB9, 0x96B9, 0x9EFA, 0x8617, 0x42CB, 0x18A2, 0x1081, 0x1082,
    0x3966, 0x72CB, 0x18A2, 0x18A2, 0x0841, 0x6246, 0xABA9, 0x6225, 0x18A1, 0x72C7, 0x948C, 0x8B07,
    0x59E5, 0x8B49, 0x9B89, 0xBBE9, 0x4984, 0x0041, 0x1061, 0x0861, 0x1061, 0x10C3, 0x10C3, 0x1082,
    0x0820, 0x32EC, 0x3413, 0x2392, 0x224A, 0x19C9, 0x222A, 0x4A2A, 0x630C, 0xAD35, 0xBDF7, 0x4208,
    0x3147, 0x520B, 0x41C9, 0x318A, 0x29AB, 0x29CB, 0x29AB, 0x29AA, 0x29AA, 0x2169, 0x2169, 0x422B,
    0x6B4F, 0xAD76, 0xEF9D, 0xFFFF, 0xFFFF, 0xFFFF, 0xFFFF, 0xFFFF, 0xFFFF, 0xFFFF, 0xFFDF, 0xFFDE,
    0xFFDE, 0xFFDE, 0xFFDE, 0xFFDE, 0xFFDE, 0xFFFF, 0xFFFF, 0x7C33, 0x5330, 0xEF5C, 0xFFFF, 0xFFDE,
    0xFFDE, 0xFFDE, 0xFFDE, 0xFFDE, 0xFFDE, 0xFFDE, 0xFFDE, 0xFFDE, 0xFFDE, 0xFFDE, 0xFFDE, 0xFFDE,
    0xFFDE, 0xFFDE, 0xFFDE, 0xFFDE, 0xFFDE, 0xFFDE, 0xFFDE, 0xFFDE, 0xFFDE, 0xFFDE, 0xFFDE, 0xFFDE,
    0xFFDE, 0xFFDE, 0xFFDE, 0xFFDE, 0xFFFE, 0xFFFF, 0xFFFF, 0xFFFF, 0xFFFF, 0xFFFF, 0xFFFF, 0x9534,
    0x94F4, 0xD6BA, 0xCDF5, 0x8C90, 0x96B9, 0x96D9, 0x96B9, 0xA6FA, 0x96D9, 0x538D, 0x20E3, 0x0821,
    0x1882, 0x4A08, 0x1883, 0x1082, 0x2125, 0x0863, 0x0821, 0x0042, 0x0861, 0x2103, 0x8AE7, 0x1041,
    0x0021, 0x1061, 0x3102, 0x20C2, 0x0841, 0x1082, 0x10A3, 0x10A3, 0x10A3, 0x2146, 0x18E4, 0x1001,
    0x2A08, 0x3CB5, 0x2BF3, 0x1A0A, 0x10A3, 0x2A29, 0x83F2, 0x9CB6, 0x7B6F, 0xB4D6, 0x6B0C, 0x1081,
    0x18C4, 0x3969, 0x49AB, 0x520B, 0x4A0A, 0x31AA, 0x218A, 0x218A, 0x21AA, 0x29CB, 0x29AB, 0x218A,
    0x2169, 0x2149, 0x422C, 0x7BD2, 0xAD57, 0xCE7B, 0xD69A, 0xBD95, 0xACB1, 0xACF2, 0xFFFE, 0xFFFF,
    0xFFFF, 0xFFFF, 0xFFFF, 0xFFFE, 0xFFFE, 0xFFDE, 0xFFFF, 0x8C94, 0x6371, 0xF7BE, 0xFFFF, 0xFFDE,
    0xFFDE, 0xFFDE, 0xFFDE, 0xFFDE, 0xFFDE, 0xFFDE, 0xFFDE, 0xFFDE, 0xFFDE, 0xFFDE, 0xFFDE, 0xFFDE,
    0xFFDE, 0xFFDE, 0xFFDE, 0xFFDE, 0xFFDE, 0xFFDE, 0xFFDE, 0xFFDE, 0xFFDE, 0xFFDE, 0xFFDE, 0xFFDE,
    0xFFFE, 0xFFFF, 0xFFFF, 0xFFFF, 0xFFDE, 0xFFDE, 0xD658, 0xBD54, 0xBD54, 0xB533, 0xBD11, 0x8450,
    0x8BCD, 0x9BCB, 0xA3EB, 0xC44B, 0x95F6, 0x96FA, 0x96FA, 0x7595, 0x85F6, 0xA77C, 0x7D95, 0x3A69,
    0x2124, 0x18E3, 0x2145, 0x3228, 0x1925, 0x18A3, 0x18C4, 0x20E4, 0x0022, 0x39C5, 0x8328, 0x0841,
    0x18C4, 0x10A3, 0x1083, 0x10A3, 0x18C4, 0x18C4, 0x18C4, 0x18C4, 0x18A3, 0x18E4, 0x1945, 0x2209,
    0x4495, 0x2390, 0x1946, 0x10A2, 0x1987, 0x528B, 0xA493, 0x9C93, 0xDE5B, 0xD61A, 0x2925, 0x0840,
    0x18A2, 0x20E5, 0x2928, 0x396A, 0x5A6C, 0x832E, 0x7B0E, 0x6AAC, 0x4A0A, 0x29A9, 0x2168, 0x218A,
    0x29CB, 0x31CB, 0x218A, 0x10E8, 0x2127, 0x72EB, 0xA3CD, 0x936C, 0x7AEA, 0x628B, 0x9CB4, 0xD69B,
    0xDEFC, 0xEF5D, 0xF79E, 0xFFDE, 0xFFFF, 0xFFFF, 0xFFFF, 0x7C34, 0xC639, 0xFFFF, 0xFFDE, 0xFFFF,
    0xFFDE, 0xFFDE, 0xFFDE, 0xFFDE, 0xFFDE, 0xFFDE, 0xFFDE, 0xFFDE, 0xFFDE, 0xFFDE, 0xFFDE, 0xFFDE,
    0xFFDE, 0xFFDE, 0xFFDE, 0xFFDE, 0xFFDE, 0xFFDE, 0xFFDE, 0xFFDE, 0xFFDE, 0xFFDE, 0xFFDE, 0xFFFF,
    0xFFBD, 0xF6F9, 0xE676, 0xE635, 0xE655, 0xD5D4, 0x936C, 0xB3EC, 0xB3EC, 0xB3EC, 0xBC0C, 0xB46E,
    0x7C2F, 0xC46D, 0xBCAE, 0xAC2C, 0x632B, 0x96D9, 0x971B, 0x8E78, 0x3229, 0x53EF, 0x7617, 0x7EB9,
    0x7E17, 0x6D34, 0x5C0F, 0x39E8, 0x20A3, 0x18C3, 0x1062, 0x0862, 0x62C9, 0xCCAC, 0xB3A8, 0x2924,
    0x1083, 0x18C4, 0x18A3, 0x18A3, 0x10A3, 0x10A2, 0x1081, 0x0861, 0x0841, 0x1083, 0x330D, 0x4CB4,
    0x22AC, 0x10E4, 0x1904, 0x21A7, 0x10A2, 0x83AF, 0xC577, 0xD619, 0xE65B, 0x628B, 0x0000, 0x1082,
    0x18A2, 0x1062, 0x18A3, 0x20C4, 0x20C6, 0x3127, 0x49E8, 0x6AAC, 0x834F, 0x9390, 0x832F, 0x626B,
    0x3188, 0x2169, 0x31A9, 0x730B, 0xAC2E, 0x936B, 0x49C7, 0x18C3, 0x0000, 0x422B, 0x39CA, 0x39CB,
    0x528E, 0x6310, 0x6B51, 0x6B51, 0x73B2, 0x8433, 0x8C54, 0x8C73, 0xD6BA, 0xE71C, 0xEF7D, 0xEF5D,
    0xFFDE, 0xFFDE, 0xFFDE, 0xFFDE, 0xFFDE, 0xFFDE, 0xFFDE, 0xFFDE, 0xFFDE, 0xFFDE, 0xFFDE, 0xFFDE,
    0xFFDE, 0xFFDE, 0xFFDE, 0xFFDE, 0xFFDE, 0xFFDE, 0xFFDE, 0xFFDF, 0xFFDE, 0xFFFE, 0xFFFF, 0xEEB8,
    0xE614, 0xEED7, 0xF739, 0xF79A, 0xFFFC, 0xE6D9, 0xA3ED, 0xC46E, 0xBC6E, 0xC46E, 0xBC6E, 0xCC6E,
    0x8C70, 0x73EF, 0xABCB, 0x734C, 0x2105, 0x5C30, 0x8ED9, 0x979C, 0x5C30, 0x0821, 0x2146, 0x21C7,
    0x2A07, 0x2946, 0x3104, 0x3945, 0x3125, 0x0821, 0x2903, 0xACAD, 0xC50D, 0x5AAB, 0x9329, 0xBBC9,
    0x18C2, 0x0861, 0x1882, 0x1082, 0x10A2, 0x1904, 0x1945, 0x2187, 0x2A09, 0x330C, 0x32AB, 0x18E4,
    0x18A3, 0x1925, 0x1904, 0x0062, 0x31C8, 0xDE3A, 0xDE1A, 0xE65A, 0xB4F5, 0x1041, 0x1081, 0x1082,
    0x10A2, 0x10A2, 0x1081, 0x1061, 0x1081, 0x1061, 0x0841, 0x1041, 0x1883, 0x3146, 0x522A, 0x832E,
    0x6A8B, 0x6268, 0xAC4D, 0x832B, 0x3944, 0x0041, 0x0041, 0x1082, 0x0840, 0x41EA, 0x422C, 0x1927,
    0x2969, 0x31AA, 0x424C, 0x4A8F, 0x4A4E, 0x420D, 0x420D, 0x4A4E, 0x528F, 0x6330, 0x8433, 0xB5B8,
    0xFFDE, 0xFFDE, 0xFFDE, 0xFFDE, 0xFFDE, 0xFFDE, 0xFFDE, 0xFFDE, 0xFFDE, 0xFFDE, 0xFFDE, 0xFFDE,
    0xFFDE, 0xFFDE, 0xFFDE, 0xFFDE, 0xFFDE, 0xFFDE, 0xFFDE, 0xFFDE, 0xFFFF, 0xFFDD, 0xE635, 0xEEB5,
    0xFFDC, 0xFFFC, 0xFFDB, 0xFFBB, 0xFFFC, 0xD656, 0xA3ED, 0xBC6D, 0xB42C, 0xBC2D, 0xBC4D, 0xC46E,
    0xBC6E, 0x7470, 0x6B4C, 0x3166, 0x18A3, 0x2966, 0x5BEE, 0x8EB9, 0x973B, 0x31C6, 0x1041, 0x18A3,
    0x1883, 0x18A3, 0x18A3, 0x10A3, 0x0842, 0x4A89, 0xDE33, 0x93EB, 0x1B0F, 0x0394, 0x22CC, 0xB328,
    0xA348, 0x1082, 0x1063, 0x10A3, 0x18A3, 0x10C3, 0x1905, 0x2146, 0x1945, 0x18C4, 0x1083, 0x18C4,
    0x18C4, 0x18A4, 0x18A4, 0x0883, 0x52CC, 0xEE7A, 0xDE19, 0xEE5B, 0x5228, 0x0020, 0x10A2, 0x10A2,
    0x1082, 0x1082, 0x1082, 0x1082, 0x1082, 0x1082, 0x1882, 0x1081, 0x1082, 0x0840, 0x0000, 0x49A7,
    0xAC0E, 0x938C, 0x3145, 0x0021, 0x0061, 0x1082, 0x10A2, 0x1082, 0x0020, 0x3989, 0x4A4D, 0x1927,
    0x2989, 0x2168, 0x2148, 0x31CA, 0x4A8D, 0x4A8F, 0x424E, 0x39EC, 0x31CB, 0x426D, 0x6310, 0x528E,
    0xFFDE, 0xFFDE, 0xFFDE, 0xFFDE, 0xFFDE, 0xFFDE, 0xFFDE, 0xFFDE, 0xFFDE, 0xFFDE, 0xFFDE, 0xFFDE,
    0xFFDE, 0xFFDE, 0xFFDE, 0xFFDE, 0xFFDE, 0xFFDE, 0xFFDE, 0xFFDE, 0xFFDE, 0xE5F3, 0xF718, 0xFFFD,
    0xFFBB, 0xFFBB, 0xFFBC, 0xFFBB, 0xFFFC, 0xDE57, 0x934B, 0xAC6F, 0xB48E, 0xBC8E, 0xB48F, 0xA3ED,
    0x8B0A, 0x7AEA, 0x740F, 0x42AA, 0x3208, 0x18C4, 0x20C3, 0x4B0C, 0x973B, 0x8638, 0x20A3, 0x18A3,
    0x18E4, 0x18E3, 0x1083, 0x9C2B, 0xA44C, 0xD591, 0x840C, 0x7535, 0x3494, 0x03F3, 0x0413, 0x3AAB,
    0xC3C8, 0x7286, 0x20C3, 0x3123, 0x1083, 0x10A3, 0x10A3, 0x18A4, 0x18A4, 0x18E4, 0x18E4, 0x18C4,
    0x18C4, 0x10A3, 0x1882, 0x0062, 0x52AC, 0xE67A, 0xE63B, 0xBCF4, 0x1081, 0x1083, 0x1082, 0x10A1,
    0x1081, 0x1082, 0x1082, 0x1082, 0x1082, 0x1082, 0x1082, 0x1082, 0x0861, 0x10A2, 0x522C, 0x832D,
    0x49E6, 0x0842, 0x1061, 0x18A3, 0x1882, 0x1082, 0x0861, 0x0041, 0x1081, 0x3189, 0x4A4E, 0x2168,
    0x2989, 0x2169, 0x2149, 0x2128, 0x2168, 0x3A2D, 0x424E, 0x426E, 0x426E, 0x39EC, 0x5AEE, 0xA514,
    0xFFDE, 0xFFDE, 0xFFDE, 0xFFDE, 0xFFDE, 0xFFDE, 0xFFDE, 0xFFDE, 0xFFDE, 0xFFDE, 0xFFDE, 0xFFDE,
    0xFFDE, 0xFFDE, 0xFFDE, 0xFFDE, 0xFFDE, 0xFFDF, 0xFFDE, 0xFFFF, 0xE655, 0xEED7, 0xFFFD, 0xFF9B,
    0xFFBC, 0xFFBC, 0xFFBC, 0xFFBC, 0xFFFD, 0xDE98, 0x8AE9, 0x9309, 0x934A, 0x8B4B, 0x82CA, 0x7A88,
    0x7AA8, 0x7AA9, 0x6A27, 0x2947, 0x41C8, 0x20C3, 0x10A2, 0x1041, 0x29C7, 0x7E18, 0x7554, 0x2944,
    0x28E4, 0x20C4, 0x20A3, 0x3123, 0x942D, 0xE654, 0x2BCF, 0x1C33, 0x0B91, 0x0B91, 0x03D2, 0x1390,
    0x8B07, 0xCC0A, 0xB3C9, 0x9307, 0x10A4, 0x2105, 0x18E5, 0x18E5, 0x18E5, 0x18C5, 0x18C4, 0x18C4,
    0x18C4, 0x18A4, 0x1882, 0x0883, 0x424B, 0xE63A, 0xEE9B, 0x6AEB, 0x0862, 0x1082, 0x1081, 0x1082,
    0x10A2, 0x18C3, 0x18C4, 0x18C4, 0x18A4, 0x18C3, 0x10A3, 0x0882, 0x2105, 0x49EB, 0x2946, 0x0861,
    0x0862, 0x18A3, 0x18A3, 0x18A3, 0x1082, 0x0041, 0x2903, 0x7B08, 0xB3E9, 0x93AD, 0x420D, 0x31CA,
    0x29CB, 0x298A, 0x2168, 0x2148, 0x2148, 0x2128, 0x29EA, 0x2189, 0x39EC, 0x4AAF, 0x320C, 0x21AA,
    0xFFDE, 0xFFDE, 0xFFDE, 0xFFDE, 0xFFDE, 0xFFDE, 0xFFDE, 0xFFDE, 0xFFDE, 0xFFDE, 0xFFDE, 0xFFDE,
    0xFFDE, 0xFFDE, 0xFFDE, 0xFFDE, 0xFFDE, 0xFFDE, 0xFFFF, 0xF75B, 0xE635, 0xFFFD, 0xFFBB, 0xFFBB,
    0xFFBC, 0xFFDC, 0xFFDC, 0xFF9B, 0xFFBA, 0xE676, 0x82C9, 0x9309, 0x92E8, 0x92E8, 0x8AC8, 0x92E8,
    0x8AE9, 0x8309, 0x4145, 0x2907, 0x7ACC, 0x830C, 0x624A, 0x5A29, 0x51A7, 0x4186, 0x5C30, 0x5C70,
    0x4269, 0x4229, 0x41E7, 0x0043, 0x5206, 0xFE91, 0x746E, 0x03D2, 0x03D2, 0x03D2, 0x0BD1, 0x638C,
    0xDCCC, 0x9B28, 0x20C2, 0x18E3, 0x18C4, 0x18C3, 0x18C3, 0x18C4, 0x18C4, 0x18C4, 0x18C4, 0x18C4,
    0x18C4, 0x18C4, 0x18C4, 0x1083, 0x21C9, 0xD618, 0xE639, 0x3166, 0x10C4, 0x10A3, 0x10A2, 0x18C3,
    0x18E3, 0x10E4, 0x18C4, 0x10A3, 0x10A3, 0x10C3, 0x1082, 0x2948, 0x398B, 0x1884, 0x1062, 0x18C3,
    0x20C3, 0x18A3, 0x18C3, 0x1883, 0x0841, 0x6267, 0xC46C, 0xD4CC, 0xBB87, 0xD510, 0x62EB, 0x29AB,
    0x320C, 0x31CB, 0x29AA, 0x2989, 0x2148, 0x2148, 0x1948, 0x2A0A, 0x2127, 0x296A, 0x426E, 0x42AE,
    0xFFDE, 0xFFDE, 0xFFDE, 0xFFDE, 0xFFDE, 0xFFDE, 0xFFDE, 0xFFDE, 0xFFDE, 0xFFDE, 0xFFDE, 0xFFDE,
    0xFFDE, 0xFFDE, 0xFFDE, 0xFFDE, 0xFFDE, 0xFFDE, 0xFFFF, 0xE676, 0xF75A, 0xFFDC, 0xFFBB, 0xFFDC,
    0xFFBB, 0xFF18, 0xFE75, 0xFE12, 0xFDF2, 0xF5F3, 0x7289, 0x92E8, 0x9308, 0x9308, 0x9308, 0x9308,
    0x8B0A, 0x6227, 0x28E5, 0x520A, 0x7AEC, 0x8B2D, 0x934E, 0x934E, 0x8B6E, 0x8B2E, 0x7A8B, 0x5A8A,
    0x52AA, 0x31E8, 0x2124, 0x7A87, 0xCBEC, 0xCC8B, 0xED4C, 0x6CB0, 0x1CF5, 0x2C51, 0x9C4B, 0xD46A,
    0xB389, 0x8267, 0x18A3, 0x10A4, 0x18E3, 0x18C3, 0x18C3, 0x18C3, 0x18C3, 0x18C3, 0x1084, 0x10A4,
    0x18C4, 0x18C4, 0x18C4, 0x18A3, 0x1126, 0xC598, 0xB514, 0x1083, 0x18C3, 0x10A4, 0x18E4, 0x0883,
    0x1083, 0x10A3, 0x18C3, 0x10A3, 0x10A3, 0x1082, 0x2929, 0x3149, 0x1081, 0x1082, 0x18C4, 0x18A3,
    0x1082, 0x18A3, 0x18A3, 0x1082, 0x836A, 0xCCAD, 0xCC4B, 0xCC8B, 0xBBA8, 0xE592, 0x83AE, 0x29AB,
    0x3A2D, 0x31EB, 0x29CB, 0x29AA, 0x298A, 0x2148, 0x1947, 0x2148, 0x2A0B, 0x1927, 0x2128, 0x3A0C,
    0xFFDE, 0xFFDE, 0xFFDE, 0xFFDE, 0xFFDE, 0xFFDE, 0xFFDE, 0xFFDE, 0xFFDE, 0xFFDE, 0xFFDE, 0xFFDE,
    0xFFDE, 0xFFDE, 0xFFDE, 0xFFDE, 0xFFDE, 0xFFFE, 0xFF9D, 0xE635, 0xFFDC, 0xFFBB, 0xFFBC, 0xFF79,
    0xFE34, 0xF591, 0xF571, 0xF571, 0xF572, 0xFE33, 0x934B, 0x61E7, 0x9B29, 0x9308, 0x9308, 0x82C8,
    0x82EA, 0x3104, 0x4988, 0x8B4E, 0x8B4D, 0x832C, 0x82CD, 0x8B2D, 0x8B0D, 0x7B0D, 0x8B4E, 0x936F,
    0x624A, 0x5185, 0xBBCB, 0xFD52, 0xFDF5, 0xD510, 0xD4AA, 0xD50B, 0x9CEF, 0xCC4A, 0xCBC8, 0x9AE8,
    0xB34A, 0xFD31, 0xCCAF, 0x2923, 0x1083, 0x20E4, 0x18C3, 0x18C3, 0x18C3, 0x10A3, 0x49C5, 0x2904,
    0x0883, 0x10A4, 0x18C4, 0x18A3, 0x00C4, 0x9CD5, 0x7B8E, 0x0862, 0x18C2, 0x10A3, 0x0862, 0x41A5,
    0xA3CB, 0x4185, 0x0861, 0x10A2, 0x0881, 0x2907, 0x28A5, 0x1020, 0x1883, 0x18C4, 0x18A3, 0x1082,
    0x1062, 0x1882, 0x1062, 0x938A, 0xD4CC, 0xC42B, 0xCC6C, 0x9349, 0x51E6, 0xC4F1, 0x940E, 0x29CB,
    0x3A2C, 0x31EB, 0x31CB, 0x29AB, 0x29AB, 0x218A, 0x2168, 0x2128, 0x21A9, 0x29EB, 0x1928, 0x2128,
    0xFFDE, 0xFFDE, 0xFFDE, 0xFFDE, 0xFFDE, 0xFFDE, 0xFFDE, 0xFFDE, 0xFFDE, 0xFFDE, 0xFFDE, 0xFFDE,
    0xFFDE, 0xFFDE, 0xFFDE, 0xFFDE, 0xFFDE, 0xFFFF, 0xF71A, 0xEEB7, 0xFFDC, 0xFFBC, 0xFF7A, 0xFE12,
    0xFD70, 0xF591, 0xF5B2, 0xF5B2, 0xF5B2, 0xFE14, 0xD4F0, 0x4165, 0x6A68, 0x9B08, 0x8AE8, 0x7AE9,
    0x49A6, 0x4167, 0x82ED, 0x8B6D, 0xC58F, 0xB4CE, 0x9BCD, 0x5A2A, 0x626A, 0x830D, 0x7AED, 0x5A08,
    0x9B09, 0xF5B2, 0xFDF3, 0xED93, 0xEDB5, 0xFDF5, 0xD4CF, 0xCCAD, 0xCC4A, 0xAB07, 0xAB29, 0xD42D,
    0xF531, 0xF5F4, 0xFE76, 0xE572, 0x51E7, 0x0862, 0x20C4, 0x18C3, 0x18E4, 0x0863, 0x7AC7, 0xD46A,
    0x5A06, 0x20C3, 0x18C4, 0x18A3, 0x08A4, 0x6B8F, 0x49E8, 0x0862, 0x1082, 0x10A3, 0x8308, 0xD4ED,
    0xD48C, 0xABAA, 0x18A2, 0x0861, 0x2907, 0x2906, 0x224A, 0x228A, 0x18A4, 0x10A2, 0x1082, 0x1082,
    0x1882, 0x0021, 0x6A87, 0xED8F, 0xD4EC, 0xCC6B, 0x6288, 0x1929, 0x00C8, 0x528B, 0x93EE, 0x29AB,
    0x3A2D, 0x3A0C, 0x31EB, 0x29AA, 0x29CB, 0x29CB, 0x2169, 0x2168, 0x1927, 0x2A0B, 0x2189, 0x2148,
    0xFFDE, 0xFFDE, 0xFFDE, 0xFFDE, 0xFFDE, 0xFFDE, 0xFFDE, 0xFFDE, 0xFFDE, 0xFFDE, 0xFFDE, 0xFFDE,
    0xFFDE, 0xFFDE, 0xFFDE, 0xFFDE, 0xFFDE, 0xFFFF, 0xEE97, 0xF738, 0xFFBC, 0xFFBB, 0xFE95, 0xFD91,
    0xFDB2, 0xF5B3, 0xF5D2, 0xF5B3, 0xF5D3, 0xF5D3, 0xFE34, 0x7AA9, 0x4987, 0x7268, 0x82C9, 0x6228,
    0x4187, 0x8B2E, 0x93CE, 0xBD6F, 0xE6D1, 0xCDF0, 0x4A06, 0x49C9, 0x7AEC, 0x626B, 0x7248, 0xCC6E,
    0xFED7, 0xF79B, 0xFF79, 0xF632, 0xED92, 0xF595, 0xFDD4, 0xC530, 0xAB4A, 0xD40C, 0xECD0, 0xF5B3,
    0xF615, 0xF615, 0xF5F5, 0xFE36, 0xFE15, 0x72C9, 0x0861, 0x18C4, 0x18C4, 0x10A4, 0x3124, 0x9B69,
    0xCC2A, 0x49A5, 0x0884, 0x20E3, 0x18A4, 0x29C8, 0x18C3, 0x0862, 0x18C3, 0x9BCA, 0xE50C, 0xDCCC,
    0xBBEA, 0xCC4C, 0x6206, 0x10A4, 0x20C6, 0x2AEC, 0x3557, 0x2C76, 0x19C8, 0x1061, 0x10A2, 0x1082,
    0x0861, 0x3124, 0xCCCD, 0xD48C, 0xDD0D, 0x5249, 0x0909, 0x10E6, 0x18C4, 0x420A, 0x7B4C, 0x3A2C,
    0x3A2C, 0x31CB, 0x29AB, 0x29CB, 0x29AA, 0x29AA, 0x29A9, 0x2169, 0x2148, 0x21A9, 0x2A0C, 0x1948,
    0xFFDE, 0xFFDE, 0xFFDE, 0xFFDE, 0xFFDE, 0xFFDE, 0xFFDE, 0xFFDE, 0xFFDE, 0xFFDE, 0xFFDE, 0xFFDE,
    0xFFDE, 0xFFDE, 0xFFDE, 0xFFFF, 0xFFDE, 0xFFFF, 0xE636, 0xF77A, 0xFFDC, 0xFF79, 0xFE12, 0xFD92,
    0xFDB3, 0xF5B3, 0xF5B3, 0xFDD3, 0xF5D3, 0xF5D3, 0xFE14, 0xD531, 0x51C6, 0x6A8B, 0x728A, 0x51C7,
    0x8B2D, 0x82ED, 0x9C0E, 0xE670, 0x8B4B, 0x59E8, 0x6A8B, 0x8B4E, 0x5A29, 0x9B4B, 0xF635, 0xFFDC,
    0xFFFC, 0xF759, 0xF77A, 0xFF9A, 0xF6B5, 0xF5D3, 0xCD6F, 0xCD0A, 0xC2E6, 0xED73, 0xF5F5, 0xF615,
    0xF5F5, 0xF5F5, 0xF5F5, 0xF5F5, 0xF615, 0xFE56, 0x93AD, 0x1062, 0x10A3, 0x18C4, 0x18C4, 0x0883,
    0x6246, 0x82C8, 0x10A3, 0x0863, 0x10A3, 0x10C4, 0x0820, 0x0841, 0x93AB, 0xE50D, 0xCC4A, 0x6A66,
    0x9B6A, 0xD46C, 0xA36A, 0x18C4, 0x1082, 0x3411, 0x1C15, 0x23D3, 0x1125, 0x1061, 0x1082, 0x1082,
    0x0841, 0x9BAA, 0xD4ED, 0xD48B, 0x5A68, 0x1148, 0x18C3, 0x0861, 0x20C4, 0x522B, 0x8BEF, 0xD69A,
    0xBE18, 0x9D14, 0x7C11, 0x52CD, 0x29CA, 0x2989, 0x2989, 0x2169, 0x2168, 0x1948, 0x2A0B, 0x2188,
    0xFFDE, 0xFFDE, 0xFFDE, 0xFFDE, 0xFFDE, 0xFFDE, 0xFFDE, 0xFFDE, 0xFFDE, 0xFFDE, 0xFFDE, 0xFFDE,
    0xFFDE, 0xFFDE, 0xFFDF, 0xFFFF, 0xFFFF, 0xFFDE, 0xE615, 0xFFBB, 0xFFBB, 0xFF17, 0xFDB1, 0xFDB2,
    0xFDD3, 0xFDD3, 0xFDD3, 0xFDD3, 0xF5D3, 0xF5D3, 0xFDD3, 0xFE35, 0xB44E, 0x59E7, 0x728A, 0x82EC,
    0x8B2D, 0x830C, 0xDE90, 0xB48B, 0x728C, 0x9BAF, 0x72AB, 0x6A08, 0xCCCF, 0xFE74, 0xF739, 0xF759,
    0xF738, 0xFF7A, 0xFF9B, 0xFF9B, 0xFFDC, 0xF739, 0xD60F, 0xC3E7, 0xBB08, 0xED52, 0xF5F5, 0xF5D4,
    0xF5D4, 0xF5D5, 0xF5D5, 0xF5D5, 0xF5D5, 0xF5F4, 0xFE77, 0xB490, 0x18A3, 0x1083, 0x18E4, 0x18E5,
    0x10A4, 0x3125, 0x20A3, 0x6A46, 0xB3E8, 0xBBE9, 0x7286, 0x41A5, 0xD4ED, 0xB3C9, 0x3124, 0x0001,
    0x41A5, 0xCC4D, 0xBC2C, 0x1040, 0x1146, 0x2393, 0x12CF, 0x1946, 0x0861, 0x1082, 0x1082, 0x0841,
    0x3964, 0xD52E, 0xD48C, 0x9349, 0x3A09, 0x41A6, 0x1041, 0x1082, 0x20C4, 0x520C, 0x9410, 0xFFDE,
    0xFFFF, 0xF7BE, 0xEF3C, 0xD69A, 0xA535, 0x634F, 0x31CA, 0x2169, 0x2168, 0x2148, 0x21AA, 0x29EA,
    0xFFDE, 0xFFDE, 0xFFDE, 0xFFDE, 0xFFDE, 0xFFDE, 0xFFDE, 0xFFDE, 0xFFDE, 0xFFDE, 0xFFDE, 0xFFDE,
    0xFFDE, 0xFFDE, 0xFFFE, 0xFFFF, 0xFFFF, 0xF79C, 0xE655, 0xFFDC, 0xFFBB, 0xFEB5, 0xFD91, 0xF5D3,
    0xF5D3, 0xFDD3, 0xFDD3, 0xFDD3, 0xFDD3, 0xF5F3, 0xF5D3, 0xFE14, 0xFF5A, 0x836C, 0x82AC, 0x8B2D,
    0x82EC, 0x9BEE, 0xAC6D, 0x82CB, 0x834F, 0x6208, 0x8B09, 0xEE75, 0xFFDC, 0xFF7B, 0xF738, 0xFF39,
    0xFF9B, 0xFF9B, 0xFF9B, 0xFFBB, 0xF75A, 0xE713, 0xF72E, 0xE549, 0xD3CB, 0xED32, 0xF5B4, 0xF5D5,
    0xF5D4, 0xF5D4, 0xF5D4, 0xF5D4, 0xF5F5, 0xF5D5, 0xF5D4, 0xFE57, 0xCD11, 0x28E3, 0x0883, 0x18E4,
    0x18C4, 0x18A4, 0xA3C9, 0xF529, 0xCC49, 0xBB87, 0xCC49, 0xABEA, 0xD48B, 0x61A4, 0x2081, 0x28C2,
    0x1041, 0xB3CC, 0xA369, 0x2923, 0x3A08, 0x1926, 0x0821, 0x1082, 0x1083, 0x1081, 0x1082, 0x0021,
    0x8349, 0xDCED, 0xC40B, 0x5A89, 0x5AAA, 0x1862, 0x1082, 0x1082, 0x20A4, 0x49EC, 0x8BCF, 0xF7BD,
    0xFFFE, 0xFFDF, 0xFFFF, 0xFFBE, 0xF77D, 0xDEFB, 0xA535, 0x52AD, 0x2148, 0x2168, 0x2169, 0x2A2C,
    0xFFDE, 0xFFDE, 0xFFDE, 0xFFDE, 0xFFDE, 0xFFDE, 0xFFDE, 0xFFDE, 0xFFDE, 0xFFDE, 0xFFDE, 0xFFDE,
    0xFFDE, 0xFFDF, 0xFFFE, 0xFFFF, 0xFFFF, 0xF73B, 0xEE76, 0xFFFD, 0xFF9B, 0xFE54, 0xFDB2, 0xFDD3,
    0xFDF3, 0xFDD3, 0xF5D3, 0xF5D3, 0xFDD3, 0xFDB3, 0xF613, 0xFFBB, 0xCE36, 0x726A, 0x8B2E, 0x830D,
    0x8B0D, 0x8B0C, 0x8B2D, 0x7AED, 0x7227, 0xC48F, 0xFF7A, 0xFFFC, 0xFFBC, 0xFFBC, 0xFFDC, 0xFFBC,
    0xFF9C, 0xFF9B, 0xFF9C, 0xFF9B, 0xE713, 0xF72F, 0xEEEC, 0xDD09, 0xD3CA, 0xF553, 0xF655, 0xF5B1,
    0xF593, 0xF5B4, 0xF5D4, 0xF5D4, 0xF5D5, 0xF5D4, 0xF5D5, 0xF5D4, 0xFE56, 0xDD73, 0x3144, 0x0883,
    0x1082, 0xA4F1, 0xFFD9, 0xBC49, 0x9204, 0x79A4, 0x79C4, 0xAB48, 0xB3C9, 0x5B8C, 0x4410, 0x5BAD,
    0x5227, 0xA328, 0xABAB, 0xCC4B, 0xCC4B, 0xABCB, 0x4186, 0x1083, 0x18C4, 0x18C3, 0x1082, 0x1082,
    0xB46C, 0xD48B, 0x9B8A, 0x52EC, 0x3985, 0x1062, 0x1882, 0x1082, 0x20A3, 0x41CB, 0x836E, 0xF7DE,
    0xFFFF, 0xFFFF, 0xFFDE, 0xFFDF, 0xFFFF, 0xFFDE, 0xF79D, 0xD6BA, 0x7BF1, 0x2149, 0x2148, 0x2A2B,
    0xFFDE, 0xFFDE, 0xFFDE, 0xFFDE, 0xFFDE, 0xFFDE, 0xFFDE, 0xFFDE, 0xFFDE, 0xFFDE, 0xFFDE, 0xFFDE,
    0xFFDE, 0xFFDF, 0xFFFE, 0xFFFF, 0xFFFF, 0xEF1A, 0xEED7, 0xFFFD, 0xFF79, 0xFE33, 0xFDD3, 0xFDD4,
    0xFDD3, 0xFDD3, 0xFDD3, 0xF5D3, 0xF5B3, 0xFE34, 0xFF79, 0xFFFC, 0x8BCF, 0x7AAC, 0x8B2E, 0x830D,
    0x8B2D, 0x936E, 0x6A8A, 0x8AC9, 0xEDF3, 0xFFFC, 0xFFDD, 0xFFBB, 0xFFBB, 0xFFBC, 0xFFBB, 0xFF9B,
    0xFF9B, 0xFF9B, 0xFFBC, 0xEF15, 0xF731, 0xF730, 0xF74F, 0xDCC9, 0xD40B, 0xF532, 0xF759, 0xFF59,
    0xFDF1, 0xFDB1, 0xF5B3, 0xF5D4, 0xF5D4, 0xF5D4, 0xF5D4, 0xF5D4, 0xF5B4, 0xFE37, 0xE5D4, 0x3964,
    0x41E7, 0xFFFE, 0xF7BC, 0xC3A8, 0x6962, 0x1060, 0x1861, 0x8329, 0x5534, 0x5E7B, 0x2CF6, 0x03D4,
    0x3412, 0x8B29, 0xA308, 0x9B07, 0xBBC9, 0xC40A, 0xB40C, 0x2924, 0x0842, 0x1063, 0x0022, 0x2943,
    0xDD2D, 0xD46C, 0x5A89, 0x8BCD, 0x5A06, 0x0841, 0x10A3, 0x1082, 0x1882, 0x3969, 0x7B6E, 0xF79D,
    0xC5B4, 0xD678, 0xFFFF, 0xFFDE, 0xFFDF, 0xFFDE, 0xFFFE, 0xFFFF, 0xF7BE, 0x94B3, 0x1927, 0x29CA,
    0xFFDE, 0xFFDE, 0xFFDE, 0xFFDE, 0xFFDE, 0xFFDE, 0xFFDE, 0xFFDE, 0xFFDE, 0xFFDE, 0xFFDE, 0xFFDE,
    0xFFFF, 0xFFFF, 0xFFFE, 0xFFFF, 0xFFFF, 0xEED9, 0xF718, 0xFFDC, 0xFF59, 0xF633, 0xFDD3, 0xFDF3,
    0xFDD3, 0xFDD3, 0xFDF3, 0xFDD3, 0xFDD3, 0xFEF7, 0xFFFC, 0xDE77, 0x7AAB, 0x830D, 0x830D, 0x934E,
    0x8B4E, 0x6208, 0xABAB, 0xFEF9, 0xFFFC, 0xFFBC, 0xFFBC, 0xFFBC, 0xFFBC, 0xFF9C, 0xFF9B, 0xFF9B,
    0xFF9B, 0xFFBC, 0xEF38, 0xEF11, 0xFF72, 0xFF71, 0xF751, 0xD448, 0xDC2C, 0xF532, 0xFF39, 0xFFFD,
    0xFF9A, 0xF694, 0xFDD1, 0xF593, 0xF5B4, 0xF5B4, 0xF5B4, 0xF5D4, 0xF5D4, 0xF5B4, 0xFE56, 0xE572,
    0xACB0, 0xFFFF, 0xEEB6, 0xDC48, 0x31C6, 0x0A6C, 0x6B2A, 0x7574, 0xBF5D, 0x8D97, 0x2412, 0x03B3,
    0x03D3, 0x3B6F, 0x5983, 0x28C2, 0x7246, 0xC3E9, 0xCC0A, 0x72A8, 0x7268, 0x9B8A, 0x8309, 0x72C8,
    0xBC2B, 0xBC0B, 0x3145, 0xCCCD, 0xABCA, 0x0841, 0x10A2, 0x1082, 0x1061, 0x3148, 0x62ED, 0xACD0,
    0xCD2D, 0xBD32, 0xFFFF, 0xFFDE, 0xFFDE, 0xFFDE, 0xFFDE, 0xFFDE, 0xFFDE, 0xFFFF, 0x9CF4, 0x2188,
    0xFFDE, 0xFFDE, 0xFFDE, 0xFFDE, 0xFFDE, 0xFFDE, 0xFFDE, 0xFFDE, 0xFFDE, 0xFFDE, 0xFFDE, 0xFFDE,
    0xFFFF, 0xFFFF, 0xFFFE, 0xFFDF, 0xFFFF, 0xE677, 0xF739, 0xFFFC, 0xFF18, 0xFE13, 0xF5D3, 0xFDF3,
    0xFDF4, 0xFDF3, 0xFDF3, 0xFDB3, 0xFE13, 0xFF39, 0xFFFB, 0xA450, 0x7AAB, 0x7B0C, 0x9B4E, 0x830D,
    0x6A28, 0xD4CF, 0xFF9A, 0xFFFC, 0xFFBB, 0xFFBC, 0xFFBB, 0xFFBB, 0xFFBB, 0xFF9C, 0xFF9B, 0xFF9B,
    0xFF9B, 0xF79B, 0xE6F3, 0xF731, 0xFF51, 0xFF91, 0xEEB0, 0xCBC7, 0xDC8E, 0xF552, 0xFF39, 0xFFDB,
    0xFFBC, 0xFFDB, 0xFF58, 0xF631, 0xF591, 0xEDB4, 0xEDB4, 0xF5B4, 0xF5D4, 0xF5D4, 0xF5D4, 0xF5F5,
    0xC4CD, 0xE630, 0xEE31, 0xAB46, 0x1AEE, 0x1454, 0x9D0F, 0x3D15, 0x5D97, 0x03F3, 0x0454, 0x14D5,
    0x0C13, 0x2C73, 0x5A47, 0x0842, 0x20A2, 0xB389, 0xC40A, 0xA36B, 0x51A5, 0xCC8D, 0xD48C, 0xCC6C,
    0xB40B, 0x82C9, 0x0001, 0x72C8, 0xED4E, 0x5A27, 0x0821, 0x18A2, 0x1061, 0x2926, 0x49E9, 0xC4ED,
    0xABAA, 0xBCF2, 0xFFFF, 0xFFDE, 0xFFDE, 0xFFDE, 0xFFDE, 0xFFDE, 0xFFDE, 0xFFDE, 0xFFFF, 0x9CF4,
    0xFFDE, 0xFFDE, 0xFFDE, 0xFFDE, 0xFFDE, 0xFFDE, 0xFFDE, 0xFFDE, 0xFFDE, 0xFFDE, 0xFFDE, 0xFFFF,
    0xFFFF, 0xFFFF, 0xFFFF, 0xFFFF, 0xFFFF, 0xE656, 0xFF7A, 0xFFDC, 0xFEF7, 0xFDF3, 0xFDF3, 0xFDF3,
    0xFDF3, 0xFDF3, 0xFDF3, 0xF5B2, 0xF613, 0xFF9B, 0xE6F8, 0x7AAC, 0x7ACB, 0x936E, 0x72CC, 0x6A07,
    0xE572, 0xFFDC, 0xFFBC, 0xFFBB, 0xFFBB, 0xFFBB, 0xFFBB, 0xFF9B, 0xFF9B, 0xFFBB, 0xFFBB, 0xFF9A,
    0xFFDC, 0xEF15, 0xE68F, 0xFF72, 0xFF51, 0xFF92, 0xE5CE, 0xD3A6, 0xDCAF, 0xF552, 0xFF5A, 0xFFBC,
    0xFF9B, 0xFFBB, 0xFFDC, 0xFF9A, 0xF693, 0xF5D0, 0xF594, 0xEDB4, 0xF5D4, 0xF5D4, 0xF5D4, 0xEDF5,
    0xC4AE, 0xD48A, 0xDCEB, 0xC3A7, 0x22AD, 0x1390, 0x9C2B, 0x2CF5, 0x0495, 0x14F5, 0x2D77, 0x1D77,
    0x1D76, 0x3D55, 0x7309, 0x1882, 0x2924, 0xB3EC, 0xBC2D, 0xCC6C, 0x20A2, 0x3963, 0xC44B, 0xBC2B,
    0xCC8C, 0xABCB, 0x3164, 0x1082, 0x9B89, 0xD4ED, 0x3104, 0x0861, 0x1082, 0x10A4, 0x72EA, 0xAC0A,
    0x8A87, 0xCDD5, 0xFFFF, 0xFFDE, 0xFFDE, 0xFFDE, 0xFFDE, 0xFFDE, 0xFFDE, 0xFFDE, 0xFFFF, 0xDEBB,
    0xFFDE, 0xFFDE, 0xFFDE, 0xFFDE, 0xFFDE, 0xFFDE, 0xFFDE, 0xFFDE, 0xFFDE, 0xFFDE, 0xFFFF, 0xF79D,
    0xF77C, 0xFFBD, 0xFFBD, 0xFFFE, 0xFFFF, 0xE656, 0xFF9A, 0xFFBB, 0xFED7, 0xFDF3, 0xFDF3, 0xFDF3,
    0xFDF3, 0xFDF3, 0xFE14, 0xF5B1, 0xF5F3, 0xFFFC, 0xACF2, 0x6A2A, 0x936E, 0x72AC, 0x7227, 0xF614,
    0xFFFC, 0xFF9C, 0xFFBC, 0xFFBC, 0xFFBB, 0xFFBB, 0xFFBB, 0xFF9B, 0xFF9A, 0xFF9A, 0xFF9A, 0xFFBB,
    0xFF7A, 0xD5CF, 0xEED0, 0xFF71, 0xFF51, 0xF731, 0xD4CA, 0xD3E7, 0xE4D0, 0xED92, 0xFF7A, 0xFFBB,
    0xFF9A, 0xFF9A, 0xFF9A, 0xFFBB, 0xFFDC, 0xFF38, 0xF611, 0xF592, 0xF5B4, 0xF5B4, 0xF5F4, 0xFE36,
    0xA3ED, 0xC4AB, 0xD4CC, 0xD44A, 0x9368, 0x1B6F, 0x8B8A, 0x8510, 0x6EB9, 0x45F7, 0x4638, 0x45F7,
    0x4E57, 0x7573, 0x7266, 0x0000, 0x5247, 0xCCCE, 0xC48C, 0xD48B, 0x3123, 0x0000, 0x6A26, 0xCC6C,
    0xB40B, 0xD4AD, 0x82E9, 0x3965, 0x3944, 0xABAA, 0xBC2B, 0x0861, 0x40A2, 0x58E4, 0x7AE8, 0x92C7,
    0x9B49, 0xDE79, 0xFFFF, 0xFFDE, 0xFFDE, 0xFFDE, 0xFFDE, 0xFFDE, 0xFFDE, 0xFFDE, 0xFFFF, 0xD6BA,
    0xFFDE, 0xFFDE, 0xFFDE, 0xFFDE, 0xFFDE, 0xFFDE, 0xFFDE, 0xFFDE, 0xFFDE, 0xFFFF, 0xF7BE, 0xE6B7,
    0xADF6, 0x6D55, 0x95D5, 0xB5F6, 0xD698, 0xDE14, 0xFFDC, 0xFF9B, 0xFEB6, 0xFDF3, 0xFDF3, 0xFDF3,
    0xFDF4, 0xFDF3, 0xFE14, 0xF571, 0xFDF2, 0xF77A, 0x72EB, 0x82ED, 0x728B, 0x4123, 0xD592, 0xEF5A,
    0xF79B, 0xFFFC, 0xFFBC, 0xFFBB, 0xFFBB, 0xFFBB, 0xFFBB, 0xFFBB, 0xFF9B, 0xFF9B, 0xFF9A, 0xFFBB,
    0xDE74, 0xDE0F, 0xEED0, 0xFF31, 0xFF71, 0xE66E, 0xD448, 0xD409, 0xECF0, 0xEE13, 0xFFBA, 0xFF9A,
    0xFF9A, 0xFF9A, 0xFF9A, 0xFF9A, 0xFF9B, 0xFFBB, 0xFF7A, 0xF693, 0xF5B1, 0xFDD4, 0xFDD4, 0x840F,
    0x12CE, 0x936A, 0xD46D, 0xBC4C, 0xD42A, 0xABC9, 0x93CA, 0xA3CA, 0xAE34, 0xC634, 0x8D71, 0x66D9,
    0x7E36, 0x93AB, 0x1861, 0x18C3, 0xBCAD, 0xC48C, 0xD46B, 0xB3EB, 0x18A2, 0x0862, 0x2924, 0xC44C,
    0xC46B, 0xBC4C, 0x20C3, 0x18A3, 0x9B6A, 0x5A06, 0xABCB, 0x7B29, 0x80A1, 0xB964, 0x82E7, 0x92C7,
    0xA3AB, 0xE6FA, 0xFFFF, 0xFFDE, 0xFFDE, 0xFFDE, 0xFFDE, 0xFFDE, 0xFFDE, 0xFFDE, 0xFFFF, 0xCE9A,
    0xFFDE, 0xFFDE, 0xFFDE, 0xFFDE, 0xFFDE, 0xFFDE, 0xFFDE, 0xFFDE, 0xFFDE, 0xFFFF, 0xF7BE, 0xE6D8,
    0xDF7D, 0x3CD3, 0x14B3, 0x2CD3, 0x3491, 0xAD31, 0xFFFD, 0xFF9A, 0xFEB6, 0xFDF3, 0xFDF3, 0xFDF3,
    0xFDF4, 0xFE13, 0xFE34, 0xED30, 0xFDD1, 0xCDF6, 0x6A6A, 0x728A, 0x6B0C, 0xD699, 0xE71B, 0xD699,
    0xCE16, 0xDE97, 0xF79B, 0xFFDC, 0xFFFD, 0xFFFC, 0xFFBB, 0xFF9B, 0xFF9B, 0xFF9A, 0xFFBB, 0xF758,
    0xDE31, 0xE6D0, 0xEEAF, 0xFF30, 0xFF70, 0xDDAC, 0xDC68, 0xDC2B, 0xED11, 0xF697, 0xFFDB, 0xFF9A,
    0xFF9B, 0xFF9A, 0xFF9A, 0xFF9A, 0xFFBB, 0xFFDB, 0xFFFD, 0xFFDC, 0xFF38, 0xEDF3, 0x7450, 0x0B51,
    0x0BB3, 0x1A2A, 0xA34A, 0xCC2C, 0xBBEB, 0xDD6E, 0xCD8F, 0xC54F, 0xE6B4, 0xD4AC, 0xBB88, 0x8C0D,
    0x8329, 0x4103, 0x3964, 0xB44C, 0xD4AC, 0xC40B, 0xDCAD, 0x72A7, 0x0841, 0x10A3, 0x20E3, 0xC48C,
    0xE52D, 0xCC8D, 0x20E3, 0x0041, 0x8309, 0xE50E, 0x7268, 0x9389, 0x91C5, 0x78E2, 0x6A67, 0x9B28,
    0xABEC, 0xE71B, 0xFFFF, 0xFFDE, 0xFFDE, 0xFFDE, 0xFFDE, 0xFFDE, 0xFFDE, 0xFFDE, 0xFFFF, 0xBE18,
    0xFFDE, 0xFFDE, 0xFFDE, 0xFFDE, 0xFFDE, 0xFFDE, 0xFFDE, 0xFFDE, 0xFFDE, 0xFFDF, 0xFFFF, 0xE676,
    0xFFBF, 0xDF5C, 0x34D2, 0x24D3, 0x1C93, 0x93EC, 0xFF18, 0xFFBB, 0xFEB5, 0xFDF4, 0xFDF4, 0xFDF4,
    0xFDF4, 0xFDF4, 0xFE14, 0xED71, 0xED50, 0x942F, 0x59E8, 0x734C, 0xF7BE, 0xFFFF, 0xFFFF, 0xFFFF,
    0xFFFF, 0xE6FB, 0xC5D5, 0xC5B4, 0xCE15, 0xE6F8, 0xFFDC, 0xFFFC, 0xFF9B, 0xFF9A, 0xFF9A, 0xF79B,
    0xDDD0, 0xDD29, 0xDCA9, 0xDCA9, 0xDCE9, 0xD489, 0xDC48, 0xD46C, 0xF532, 0xF759, 0xFFBB, 0xFF9A,
    0xFF9B, 0xFFDC, 0xFFFC, 0xFFBB, 0xF739, 0xE6B8, 0xCE36, 0xD657, 0xC5B6, 0x64B2, 0x66BA, 0x2CB5,
    0x0B10, 0x33D0, 0x0905, 0x7AA8, 0xD5F1, 0xE6B5, 0xE693, 0xD632, 0xCCED, 0xBB47, 0xBBC9, 0xB347,
    0xAB69, 0xB3EC, 0xCC6D, 0xCC6D, 0xBC0C, 0xD4AD, 0xB42D, 0x1881, 0x10A3, 0x18C3, 0x0861, 0xA3EC,
    0xD4CD, 0xD4AD, 0x49C6, 0x0022, 0x3124, 0x8308, 0xD4AC, 0x9349, 0x72A8, 0x30C2, 0x82E8, 0x9B69,
    0xAC4E, 0xEF7D, 0xFFFF, 0xFFDE, 0xFFDE, 0xFFDE, 0xFFDE, 0xFFDE, 0xFFDE, 0xFFDE, 0xFFFF, 0xB5D7,
    0xFFDE, 0xFFDE, 0xFFDE, 0xFFDE, 0xFFDE, 0xFFDE, 0xFFDE, 0xFFDE, 0xFFDE, 0xFFDE, 0xFFFF, 0xE6B8,
    0xE6DB, 0xFFBE, 0xBEB9, 0x2492, 0x2492, 0xB40C, 0xFD8F, 0xF77A, 0xFED6, 0xFDF3, 0xFDF4, 0xFDF4,
    0xFDF4, 0xFDF4, 0xFDF4, 0xFDF3, 0xCC6D, 0x59E8, 0x628A, 0xF79E, 0xFFFF, 0xF7BE, 0xFFFF, 0xEF9D,
    0xEF9D, 0xFFFF, 0xFFFF, 0xF79D, 0xDED9, 0xC594, 0xB511, 0xCDF5, 0xFFBB, 0xFFFC, 0xFF9A, 0xFFDB,
    0xEE95, 0xD3E8, 0xDBC6, 0xDBE7, 0xDBC6, 0xDBE6, 0xD3C6, 0xE44D, 0xF5F4, 0xFFBB, 0xFFBB, 0xFFFC,
    0xFFDC, 0xEF19, 0xD657, 0xC616, 0xCE58, 0xD699, 0xEF5D, 0xDEDB, 0x7535, 0x667A, 0x5EBB, 0x5E17,
    0x8CEF, 0x4C51, 0x02EF, 0x638C, 0xFFF8, 0xFFB6, 0xFFF7, 0xE671, 0xBC4C, 0xC3C9, 0xBBC9, 0xB3C9,
    0xBBEB, 0xB40D, 0xB490, 0xC4AF, 0xD4CE, 0xAC0C, 0x20C2, 0x0861, 0x18E4, 0x18C4, 0x0042, 0x5206,
    0xDCED, 0xCC8D, 0xB40B, 0x2904, 0x0821, 0x0842, 0x41A5, 0xBC4B, 0x9B6A, 0x6287, 0xA38A, 0xA349,
    0xB48F, 0xF7DE, 0xFFFF, 0xFFDE, 0xFFDE, 0xFFDE, 0xFFDE, 0xFFDE, 0xFFDE, 0xFFFF, 0xFFFE, 0xAD97,
    0xFFDE, 0xFFDE, 0xFFDE, 0xFFDE, 0xFFDE, 0xFFDF, 0xFFDE, 0xFFDE, 0xFFDF, 0xFFFE, 0xFFFF, 0xEED9,
    0xE6BA, 0xE69C, 0xFFBE, 0x7574, 0x1431, 0xAC2D, 0xFD30, 0xF5F3, 0xFED7, 0xFDF3, 0xFDF3, 0xFDF4,
    0xFDF4, 0xFDF4, 0xFDF4, 0xFE75, 0x9309, 0x41A7, 0xEF5D, 0xDF9D, 0xB6D9, 0xA6D8, 0xCF3B, 0xBF5A,
    0xBF3A, 0xF7DE, 0xFFFF, 0xFFFF, 0xFFFF, 0xFFFF, 0xEF5C, 0xBD75, 0x9C4F, 0xD656, 0xFFFC, 0xFFBA,
    0xFFBB, 0xEE96, 0xECCD, 0xEC8B, 0xEC8B, 0xE46A, 0xE44A, 0xECEF, 0xFF39, 0xFFFE, 0xF79A, 0xCE36,
    0xB574, 0xC5F6, 0xDEDA, 0xF7BE, 0xFFFF, 0xFFFF, 0xE6FA, 0x6D55, 0x5E9A, 0x5E9B, 0x6E78, 0xDF95,
    0x6D53, 0x0310, 0x13D2, 0x0B0E, 0x6B6B, 0xB52F, 0xBD0E, 0x7B49, 0xBC0A, 0xD46A, 0xA349, 0xD4AE,
    0xC44D, 0xC40B, 0xBC0B, 0xAB6A, 0x5A06, 0x1061, 0x0842, 0x18E3, 0x18C3, 0x18C3, 0x18C3, 0x1062,
    0x9BAB, 0xD4EE, 0xCC8C, 0xBC4C, 0x6267, 0x18A2, 0x0021, 0x51C6, 0xCC4C, 0xB44D, 0x82E9, 0xA348,
    0xBD33, 0xFFFF, 0xFFDE, 0xFFDE, 0xFFDE, 0xFFDE, 0xFFDE, 0xFFDE, 0xFFDF, 0xFFFF, 0xE73D, 0xB5B7,
    0xFFFF, 0xFFFF, 0xFFDE, 0xFFDE, 0xFFFF, 0xFFFF, 0xFFDE, 0xFFFF, 0xFFFF, 0xFFFF, 0xFFFF, 0xEF1A,
    0xE698, 0xDE9C, 0xEEFC, 0xD6B9, 0x2BEF, 0x54B1, 0xDCF0, 0xFD71, 0xF5F3, 0xFE14, 0xFDF3, 0xFDF4,
    0xFDF4, 0xFDF4, 0xFE14, 0xEDB2, 0x49A5, 0xC658, 0xC73B, 0xBEFA, 0xDF9D, 0xDF3B, 0xB6D9, 0xBF3A,
    0xBF5A, 0xB71A, 0xBF1A, 0xDF7C, 0xFFBE, 0xEF7C, 0xFFFF, 0xFFFF, 0xE71B, 0x940E, 0x9C4F, 0xF77A,
    0xFFBB, 0xFF99, 0xFF38, 0xF613, 0xF5B1, 0xF5F2, 0xF695, 0xFFBB, 0xF7BC, 0xBDB4, 0xA4D1, 0xC5F6,
    0xEF9D, 0xFFFF, 0xFFFF, 0xFFFE, 0xFFFF, 0xCE58, 0x6514, 0x66BB, 0x569B, 0x8698, 0xEF73, 0x9ED8,
    0x5E9C, 0x1BD2, 0x0B50, 0x0B71, 0x022D, 0x2209, 0xA368, 0x01EB, 0x52EB, 0x49E6, 0x6A46, 0xA36A,
    0xCC8D, 0xD48E, 0xBBEB, 0x4164, 0x0000, 0x10A3, 0x18C3, 0x18C3, 0x18C3, 0x18A3, 0x18A3, 0x10A3,
    0x18A2, 0x9B8A, 0xD4CD, 0xD48C, 0xD4AD, 0x936A, 0x20E3, 0x0842, 0x9B6A, 0xC46D, 0xB44E, 0x9B28,
    0xD658, 0xFFFF, 0xFFDE, 0xFFDE, 0xFFDE, 0xFFDE, 0xFFDE, 0xFFFF, 0xFFDF, 0xFFFF, 0xCE5A, 0xC639,
    0xFFFF, 0xFFFF, 0xFFFF, 0xFFFF, 0xFFFF, 0xFFFF, 0xFFFF, 0xFFFF, 0xFFFF, 0xFFFF, 0xFFFF, 0xF75B,
    0xE677, 0xE6BC, 0xDE5B, 0xF73D, 0x742E, 0x2555, 0x7CD1, 0xFD71, 0xFDB2, 0xFDD3, 0xF5F4, 0xFDF4,
    0xFDF4, 0xFDF3, 0xFE75, 0xA38B, 0x8450, 0xD75B, 0xDF5C, 0xFFFF, 0xFFDF, 0xF77D, 0xFFDE, 0xFFDE,
    0xFFFE, 0xF7DE, 0xDF7C, 0xB6F9, 0xB6F9, 0xE75C, 0xE73B, 0xFFDE, 0xFFFF, 0xFFFE, 0xA491, 0x730A,
    0xDEB7, 0xFFBA, 0xFF59, 0xFF79, 0xFF7A, 0xFFDB, 0xFFFD, 0xC5F5, 0x93EE, 0xBDB5, 0xF7BE, 0xFFFF,
    0xFFFF, 0xFFDE, 0xD75C, 0xC73B, 0x9DF6, 0x5D14, 0x66DB, 0x5E9B, 0x86B7, 0xFF73, 0xB6D5, 0x567B,
    0x76FB, 0x4DB8, 0x032F, 0x1370, 0x02CF, 0x536D, 0xFE93, 0x4ACB, 0x01EC, 0x224B, 0xD52E, 0x6A05,
    0x1882, 0x3103, 0x1081, 0x51C5, 0x1083, 0x10A3, 0x18C4, 0x18C3, 0x18C3, 0x18A3, 0x1083, 0x2125,
    0x2105, 0x0862, 0x5226, 0xB40B, 0xD4AD, 0xD4CD, 0xABCB, 0x1882, 0x6247, 0xC44C, 0xC4AE, 0x93ED,
    0xF79D, 0xFFFF, 0xFFDE, 0xFFDE, 0xFFDE, 0xFFDE, 0xFFDE, 0xFFFF, 0xFFFF, 0xFFFF, 0xC638, 0x94D4,
    0xFFFF, 0xFFFF, 0xFFFF, 0xFFFF, 0xFFFF, 0xFFFF, 0xFFFE, 0xFFFF, 0xFFFF, 0xFFFF, 0xFFFF, 0xF79C,
    0xE6D7, 0xEF3D, 0xDE3B, 0xEEFC, 0xBDB5, 0x2451, 0x24D3, 0xC4F0, 0xFDD3, 0xF5D3, 0xFDF4, 0xFDF4,
    0xFDF4, 0xFE15, 0xF5F3, 0x8BAD, 0xD73C, 0xF7DE, 0xFFFF, 0xFFFF, 0xF79D, 0xF7BE, 0xFFFF, 0xFFFE,
    0xFFDE, 0xFFFE, 0xFFFF, 0xFFFE, 0xE77C, 0xBEB9, 0xC71A, 0xD73B, 0xFFDE, 0xFFFE, 0xFFFF, 0xB533,
    0x6AA8, 0xD635, 0xFF99, 0xFED6, 0xFF9A, 0xEF5B, 0x940E, 0x9C50, 0xEF5C, 0xFFFF, 0xFFFE, 0xFFFE,
    0xD77C, 0xA6B9, 0xB71A, 0xBE79, 0x6575, 0x66FB, 0x669B, 0x8698, 0xF772, 0xE753, 0x6E59, 0x669A,
    0x667A, 0x6EDB, 0x3CD5, 0x0B0F, 0x0B71, 0x1A8C, 0xD52E, 0xF671, 0xAC4C, 0xD52E, 0xDCCC, 0x49C6,
    0x0062, 0x1082, 0x0862, 0x5206, 0x72C8, 0x20C3, 0x0842, 0x0862, 0x0862, 0x1082, 0x10A3, 0x18C4,
    0x2968, 0x2126, 0x0821, 0x1082, 0x6267, 0xBC2B, 0xDCEE, 0x9329, 0x4164, 0xBBEB, 0xBC4C, 0xBD95,
    0xFFFF, 0xFFDE, 0xFFDF, 0xFFDE, 0xFFDE, 0xFFDE, 0xFFDE, 0xFFFF, 0xFFFF, 0xF79E, 0x8CB4, 0x322C,
    0xD75C, 0xE79D, 0xEF9E, 0xEFBE, 0xF7DE, 0xF7FE, 0xFFFF, 0xFFFF, 0xFFFF, 0xFFFF, 0xFFFF, 0xFFBD,
    0xEEF8, 0xFF9D, 0xDE7B, 0xDE7B, 0xE6DB, 0x43F0, 0x03F1, 0x6C2F, 0xFDD3, 0xF5D4, 0xFDD4, 0xFE15,
    0xFDF4, 0xF5F4, 0xB44D, 0xCE17, 0xFFFF, 0xFFFF, 0xFFFF, 0xFFDE, 0xF7BD, 0xFFFE, 0xFFFE, 0xFFDE,
    0xFFDE, 0xFFDE, 0xFFDE, 0xFFFE, 0xFFFF, 0xF7DE, 0xCF1A, 0xA719, 0xD75C, 0xFFFF, 0xFFDE, 0xFFFF,
    0xAD33, 0x6A88, 0xCDF5, 0xFEB4, 0xD592, 0x7BAD, 0xBDB5, 0xFFFF, 0xFFFF, 0xFFDE, 0xF7DE, 0xAEF9,
    0x9EB9, 0xE7BD, 0xE6DB, 0x6D96, 0x6EFC, 0x6EBB, 0x7699, 0xEF54, 0xFF72, 0xA696, 0x5E5A, 0x6E79,
    0x767A, 0x5E9B, 0x5EBC, 0x2474, 0x0330, 0x0331, 0x2A6B, 0x8BC9, 0xB3C7, 0x9B48, 0x5A48, 0x0A0B,
    0x10E3, 0x18A3, 0x18E4, 0x0862, 0x41A5, 0x7AE8, 0x6A47, 0x49A5, 0x51E5, 0x3124, 0x1083, 0x18A3,
    0x2947, 0x2947, 0x18C3, 0x1062, 0x0020, 0x20E3, 0xA38A, 0xDCCD, 0x934A, 0xA349, 0xB3CB, 0xCDD5,
    0xFFFF, 0xFFFF, 0xFFFF, 0xFFFF, 0xFFDE, 0xFFDE, 0xFFDE, 0xFFFF, 0xFFFF, 0xBDD8, 0x326C, 0x220B,
    0xEFBE, 0xF7DE, 0xF7DE, 0xF7BE, 0xEF9D, 0xE77C, 0xDF7C, 0xDF9D, 0xEFDE, 0xFFFF, 0xFFFF, 0xFFDE,
    0xE6D8, 0xFFBE, 0xE69B, 0xDE5B, 0xF6FD, 0x7D14, 0x03B0, 0x2BD0, 0xE572, 0xFDF4, 0xFDF4, 0xED92,
    0xDD93, 0xD5B5, 0xB4F2, 0xFFFF, 0xFFDE, 0xFFFF, 0xFFFF, 0xF79D, 0xFFDE, 0xFFFE, 0xFFFE, 0xFFDE,
    0xFFDE, 0xFFDE, 0xFFDE, 0xFFFE, 0xFFFE, 0xFFFE, 0xFFDE, 0xB73B, 0xA719, 0xF7BD, 0xFFFF, 0xFFDE,
    0xFFFF, 0x9C50, 0x72C9, 0xB46D, 0x83AC, 0xDEDA, 0xFFFF, 0xFFDE, 0xFFFE, 0xF7DE, 0x96D9, 0xB71A,
    0xFFFF, 0xE71B, 0x6D96, 0x6EDB, 0x6EDB, 0x66BA, 0xC6F6, 0xFF72, 0xEF53, 0x7658, 0x6659, 0x8699,
    0x5E79, 0x6679, 0x9ED6, 0xC6F4, 0xBDF1, 0x746F, 0x0B0F, 0x6410, 0xB4CF, 0x09A9, 0x022C, 0x0AEF,
    0x1167, 0x1062, 0x18C4, 0x18C3, 0x1063, 0x20E3, 0x49E6, 0x41A5, 0x51E6, 0x2924, 0x10A3, 0x10A3,
    0x20E5, 0x2968, 0x18E5, 0x1062, 0x18A2, 0x0841, 0x1061, 0x9BAA, 0xDCAD, 0xA36A, 0xBBEC, 0xCD73,
    0xF7DE, 0xFFFF, 0xFFFE, 0xFFFF, 0xFFFF, 0xFFFF, 0xFFFF, 0xE73D, 0xBDF8, 0x73F1, 0x220B, 0x29EB,
    0xFFFF, 0xFFFF, 0xFFFF, 0xFFFF, 0xFFFF, 0xFFFF, 0xF7DE, 0xE79D, 0xD79C, 0xCF9C, 0xE7BE, 0xFFDF,
    0xEED8, 0xD635, 0xD617, 0xE67C, 0xE69B, 0xB618, 0x1390, 0x0BB0, 0xBCF1, 0xFE13, 0xD571, 0xCDD6,
    0xE6FD, 0xC554, 0xEF3B, 0xFFFF, 0xFFFE, 0xFFFF, 0xFFDE, 0xFFDE, 0xFFFE, 0xFFFE, 0xFFFE, 0xFFDE,
    0xFFDE, 0xFFFE, 0xFFFE, 0xFFDE, 0xFFFE, 0xFFFE, 0xFFDF, 0xB73A, 0x9F39, 0xDF5C, 0xFFFF, 0xFFFE,
    0xFFFE, 0xEF7C, 0x730B, 0x836C, 0xEF9D, 0xFFFF, 0xFFDE, 0xFFFF, 0xF7DE, 0xAF1A, 0xB73A, 0xFFFF,
    0xF79D, 0x7D96, 0x76DB, 0x76DB, 0x6EDB, 0x86B8, 0xF733, 0xFF52, 0xDF13, 0x6618, 0x7E78, 0x8E98,
    0xB6D6, 0xFF52, 0xFF31, 0xEED1, 0xF752, 0xEE0C, 0xA48E, 0xE6FC, 0xF6FD, 0x94D4, 0x024C, 0x1330,
    0x122B, 0x1061, 0x18C3, 0x18C3, 0x18C3, 0x2103, 0x8B29, 0x49C6, 0x18E3, 0x10A3, 0x18C3, 0x10A3,
    0x18A3, 0x2947, 0x2947, 0x1082, 0x1081, 0x1082, 0x0861, 0x18A2, 0xB3EB, 0xBBEA, 0xC44D, 0x9C0F,
    0xE73C, 0xFFFF, 0xFFFF, 0xFFFF, 0xFFDF, 0xDF1C, 0xAE18, 0xBE79, 0xA597, 0x2A0B, 0x2A0C, 0x2ACE,
    0xFFFF, 0xFFFF, 0xFFFF, 0xFFFF, 0xFFFF, 0xFFFF, 0xFFFF, 0xFFFF, 0xFFFF, 0xEFBE, 0xCF7C, 0xCFBC,
    0xD697, 0xE6D3, 0xC4ED, 0xD61A, 0xDE5B, 0xD65A, 0x33D0, 0x03B1, 0x6C0F, 0xD572, 0xD639, 0xE6FD,
    0xDE39, 0xCD94, 0xFFFF, 0xFFFE, 0xFFFF, 0xFFFF, 0xF79D, 0xFFDE, 0xFFFE, 0xFFFE, 0xFFFE, 0xFFDE,
    0xFFFE, 0xFFFE, 0xFFFE, 0xFFFE, 0xFFFE, 0xFFFF, 0xD75B, 0x9EF8, 0x9F19, 0x86F8, 0x9ED8, 0xE77D,
    0xFFFE, 0xFFFF, 0xD678, 0xEF5C, 0xFFFF, 0xFFFE, 0xF7DE, 0xB71A, 0x8EB8, 0x86D8, 0x96F9, 0xE77D,
    0x95F7, 0x6EBA, 0x76DB, 0x76DB, 0x6EBB, 0xAEF7, 0xFF72, 0xFF52, 0xD6F3, 0x5E19, 0x9E97, 0xF752,
    0xF732, 0x9E55, 0x7DF6, 0x6DD6, 0x7596, 0xD698, 0xEED9, 0xDE7C, 0xDE5B, 0xE67A, 0x63F1, 0x12CE,
    0x0AAE, 0x08A3, 0x1061, 0x18C3, 0x18C3, 0x20C3, 0xC4AB, 0xED6E, 0x7AE8, 0x0862, 0x18C3, 0x10A3,
    0x10A3, 0x18C3, 0x2987, 0x2926, 0x1061, 0x1062, 0x1082, 0x0841, 0x3144, 0xBBEA, 0xCC6D, 0x6AAA,
    0xAD35, 0xE73C, 0xD6DB, 0xC67A, 0xB639, 0xBE7A, 0xEF9E, 0xCE9A, 0x322C, 0x2A8E, 0x33B1, 0x33F3,
    0xFFFF, 0xFFFF, 0xFFFE, 0xFFFE, 0xFFFE, 0xFFFF, 0xFFFF, 0xFFFF, 0xFFFF, 0xFFFF, 0xFFFF, 0xEFDE,
    0xCE97, 0xF777, 0xD488, 0xBCF2, 0xDE7B, 0xE67B, 0x4C31, 0x036F, 0x6C71, 0xDE7A, 0xE69C, 0xE67B,
    0xACF2, 0xEF3B, 0xFFFF, 0xFFFE, 0xFFFF, 0xF7BD, 0xF77C, 0xFFFE, 0xFFFE, 0xFFFE, 0xFFFE, 0xFFFE,
    0xFFFE, 0xFFFE, 0xFFFE, 0xFFFE, 0xFFFE, 0xFFFE, 0xFFDE, 0xFFFF, 0xFFDE, 0xDF9D, 0x9EF9, 0x8E97,
    0xDF7C, 0xFFFE, 0xFFFF, 0xFFFF, 0xFFFE, 0xE79C, 0xA6B9, 0xB71A, 0xDF9D, 0xEFBE, 0xE79D, 0x9DF7,
    0x6E9B, 0x76FC, 0x76DA, 0x76DA, 0x6EBB, 0xB6F6, 0xFF71, 0xFF52, 0xD714, 0x7E37, 0xFF52, 0xDEF3,
    0x7DF6, 0xAE94, 0xCEF3, 0xBE94, 0xDEFA, 0xF75E, 0xE6DB, 0xDE76, 0xCD4F, 0xDE39, 0xF71E, 0x7C73,
    0x024B, 0x19E9, 0x19A8, 0x1061, 0x0842, 0x4A06, 0xD4AD, 0xDCEC, 0x5A05, 0x0862, 0x18C3, 0x18A3,
    0x10A3, 0x10A3, 0x18C3, 0x3167, 0x2926, 0x1061, 0x1061, 0x1082, 0x0021, 0x59C5, 0xD4AD, 0x41A6,
    0x738F, 0xFFDE, 0xEF7D, 0xF7DF, 0xFFFF, 0xFFFF, 0xC659, 0x32EE, 0x3371, 0x3C33, 0x3BF3, 0x3BD2,
    0xFFFF, 0xFFFF, 0xFFFF, 0xFFFF, 0xFFFF, 0xFFDE, 0xF7DE, 0xF7DE, 0xF7FE, 0xEFDD, 0xE7BD, 0xDFBD,
    0xDEF9, 0xE672, 0xD428, 0xBBEA, 0xC5F9, 0xE69C, 0x6431, 0x4C10, 0xE6BC, 0xE69C, 0xB577, 0x334E,
    0x94D2, 0xFFFF, 0xFFDE, 0xFFFF, 0xFFFF, 0xF77C, 0xFFBD, 0xFFFE, 0xFFFE, 0xFFFE, 0xFFFE, 0xFFFE,
    0xFFFE, 0xFFFE, 0xFFFE, 0xFFFE, 0xFFFE, 0xFFFE, 0xFFFF, 0xFFFF, 0xFFFE, 0xFFFF, 0xFFDE, 0xAEF8,
    0x8E97, 0xF7BD, 0xF79C, 0xEF9D, 0xCF3B, 0xB6D9, 0xEFBD, 0xFFFF, 0xFFFE, 0xFFFF, 0xB658, 0x6E7B,
    0x771C, 0x76DB, 0x76DB, 0x76DA, 0x6EBA, 0xA6D7, 0xFF72, 0xFF51, 0xF733, 0xE712, 0xEF11, 0x8E55,
    0xE752, 0xD6F3, 0x5E17, 0x65B6, 0xDE9A, 0xE69B, 0xDE7A, 0xD52A, 0xDC42, 0xBD14, 0xDE7C, 0xEEBB,
    0x3B0D, 0x09A9, 0x1B0F, 0x124B, 0x08E4, 0x1082, 0x3944, 0x7AC7, 0x6A46, 0x0842, 0x18C3, 0x18C3,
    0x18A3, 0x10A3, 0x1082, 0x10A3, 0x2926, 0x2946, 0x10A3, 0x0862, 0x1061, 0x0841, 0x7AC8, 0x2924,
    0x3187, 0xDF1B, 0xFFFF, 0xDF3C, 0xB639, 0x6CD5, 0x3B91, 0x3C13, 0x4433, 0x3BF3, 0x3BF2, 0x3BD2,
    0xFFFF, 0xF7DE, 0xEFBE, 0xE79D, 0xDFBC, 0xD7BC, 0xCF7C, 0xB6FA, 0x9E98, 0x8638, 0x7DF7, 0x75F7,
    0xA636, 0xF691, 0xE52B, 0xC367, 0xBCF4, 0xDE7C, 0x8471, 0xCE3A, 0xEE9C, 0x7CB3, 0x0B4E, 0x02CD,
    0xD6B9, 0xFFFF, 0xFFDE, 0xFFFE, 0xFFFE, 0xEF7C, 0xFFFE, 0xFFFE, 0xFFFE, 0xFFFE, 0xFFFE, 0xFFFE,
    0xFFFE, 0xFFFE, 0xFFFE, 0xFFFE, 0xFFFE, 0xFFFE, 0xFFFE, 0xFFFE, 0xFFFE, 0xFFFE, 0xFFFF, 0xF7BE,
    0x8E98, 0x9ED9, 0x9ED8, 0x7E76, 0xAED8, 0xFFBE, 0xFFDE, 0xFFDE, 0xFFFF, 0xBE78, 0x6E59, 0x771C,
    0x76DB, 0x76DB, 0x76DB, 0x6EDA, 0x6EBA, 0x7699, 0xD6F4, 0xFF51, 0xFF31, 0xFF52, 0xBE54, 0xE713,
    0xEF11, 0x55D7, 0x4E19, 0x4DF8, 0x7CD2, 0xDE39, 0xD63B, 0xD5B5, 0xCD51, 0xD63A, 0xEEDC, 0xD618,
    0x228C, 0x09EA, 0x12EE, 0x12EE, 0x122B, 0x1082, 0x1083, 0x0842, 0x18A2, 0x1081, 0x10A2, 0x18C3,
    0x18A3, 0x10A3, 0x10A3, 0x1082, 0x1082, 0x18C4, 0x2926, 0x2106, 0x10C3, 0x1081, 0x0861, 0x0861,
    0x39A9, 0x5B6F, 0x5CB5, 0x4413, 0x3BD2, 0x3BF2, 0x4433, 0x3C13, 0x3C13, 0x3C13, 0x3BF3, 0x3BF2,
    0xCF5C, 0xC75B, 0xCFBB, 0xCFBC, 0xBF5A, 0x9679, 0x7DD7, 0x6D96, 0x6D96, 0x6D96, 0x75B7, 0x6DB7,
    0xA614, 0xB4EE, 0xB50D, 0xCBE8, 0xB42D, 0xCDFA, 0xC597, 0xEE9B, 0x6C52, 0x032E, 0x0350, 0x3B8E,
    0xFF9D, 0xFFFE, 0xFFFE, 0xFFFF, 0xFFDE, 0xEF5C, 0xFFFF, 0xFFFF, 0xFFFE, 0xFFFE, 0xFFFE, 0xFFFE,
    0xFFFE, 0xFFFE, 0xFFDE, 0xFFDE, 0xFFFE, 0xFFFE, 0xFFFE, 0xFFFE, 0xFFFE, 0xFFFE, 0xFFFE, 0xFFFF,
    0xD75C, 0x7E77, 0x7677, 0xAEF9, 0xFFDE, 0xFFDE, 0xFFDE, 0xFFFF, 0xD6BA, 0x75F8, 0x7F1C, 0x76DB,
    0x76DB, 0x76DB, 0x76DB, 0x76BA, 0x76BA, 0x669A, 0x6E59, 0xD6B3, 0xFF51, 0xFF31, 0xDED3, 0xFF31,
    0xCE92, 0x45B8, 0x55F8, 0x5E79, 0x2C73, 0x2ACC, 0xCDF7, 0xE6FE, 0xE69D, 0xDE5A, 0xBD55, 0x3ACD,
    0x026D, 0x120A, 0x12CE, 0x12AD, 0x124C, 0x10C3, 0x20E4, 0x20E4, 0x10A3, 0x1081, 0x1061, 0x10A3,
    0x18C3, 0x10A3, 0x10A3, 0x18A3, 0x1082, 0x1062, 0x1082, 0x18E4, 0x2126, 0x2126, 0x18E4, 0x18E5,
    0x4A6D, 0x526D, 0x3B6F, 0x4454, 0x4413, 0x4413, 0x4413, 0x4413, 0x4413, 0x3C13, 0x3C13, 0x3BF2,
    0xC77B, 0xCFBC, 0xBF3B, 0x9658, 0x75B7, 0x6D96, 0x75B6, 0x75D7, 0x75D7, 0x75D7, 0x75D7, 0x6DB7,
    0x8DB3, 0xBC4B, 0x7B2A, 0xC3C8, 0xB3AA, 0xC5B5, 0xCD97, 0x7494, 0x032F, 0x1391, 0x032F, 0x6C30,
    0xFFFF, 0xFFFE, 0xFFFD, 0xFFBC, 0xF77C, 0xEF3B, 0xFFDC, 0xFFBC, 0xFFDE, 0xFFFE, 0xFFFF, 0xFFFF,
    0xFFFE, 0xFFFE, 0xFFDE, 0xFFFE, 0xFFFE, 0xFFFE, 0xFFFE, 0xFFFE, 0xFFDE, 0xFFDE, 0xFF9E, 0xF79D,
    0xFF9D, 0x8E97, 0x9EB8, 0xFFFE, 0xFFFF, 0xFFFF, 0xFFFF, 0xE71B, 0x75B6, 0x771C, 0x76DB, 0x76DB,
    0x76DB, 0x76BB, 0x76BB, 0x76BA, 0x6E9A, 0xA6D7, 0xEF74, 0xEF53, 0xCEB4, 0xEF11, 0xFF51, 0xFF11,
    0xFF11, 0xBE72, 0x8635, 0x2CD4, 0x1351, 0x02CF, 0x8CF3, 0xE6BC, 0xF6DC, 0x7411, 0x020B, 0x0ACF,
    0x0ACE, 0x11EA, 0x12CE, 0x0A6C, 0x12AD, 0x1145, 0x18C3, 0x18C4, 0x18E4, 0x10A2, 0x1061, 0x0862,
    0x1082, 0x18A3, 0x18A3, 0x18A3, 0x10A3, 0x10A2, 0x1082, 0x1061, 0x1082, 0x18C4, 0x2105, 0x2105,
    0x2988, 0x5A8F, 0x4A6C, 0x4433, 0x4434, 0x4413, 0x4413, 0x4413, 0x4413, 0x3C13, 0x3C13, 0x3BF3,
    0xCF9C, 0x9E99, 0x75B7, 0x6DB7, 0x75D7, 0x75D7, 0x75D7, 0x75D7, 0x75D7, 0x75D7, 0x75D7, 0x85D5,
    0xD718, 0xDDAE, 0xBCEE, 0xC429, 0xAC0C, 0xE694, 0xC4EC, 0x130E, 0x0B91, 0x1390, 0x034F, 0x8491,
    0xFFFF, 0xFF9B, 0xEED8, 0xEE58, 0xEEDA, 0xEEF9, 0xF678, 0xEE58, 0xF698, 0xF6D8, 0xFF1A, 0xFF7A,
    0xFFBC, 0xFFFE, 0xFFFE, 0xFFFF, 0xF7BE, 0xF73C, 0xF71C, 0xF6FB, 0xEEBB, 0xEEBB, 0xEEDC, 0xF71C,
    0xFF9D, 0xD73A, 0xEFBD, 0xFFFF, 0xFFFE, 0xFFFF, 0xF73C, 0x7D96, 0x6EDB, 0x76DB, 0x76DB, 0x76DB,
    0x76FB, 0x7EFB, 0x6EBB, 0x7679, 0xD735, 0xFF72, 0xA6B4, 0x55B6, 0x3D56, 0xB590, 0xE60F, 0xC5B0,
    0xCDD0, 0xB550, 0x3BD0, 0x0330, 0x0B30, 0x0B50, 0x0A8D, 0xAC8C, 0x7BAD, 0x0ACF, 0x0B10, 0x0AEF,
    0x0ACE, 0x11EA, 0x128D, 0x1B4F, 0x1BF2, 0x11E9, 0x1882, 0x18E4, 0x18C4, 0x18C4, 0x10A2, 0x0881,
    0x0861, 0x1062, 0x1082, 0x18A3, 0x18C3, 0x1082, 0x10A2, 0x1082, 0x1082, 0x1061, 0x1082, 0x18A3,
    0x18C4, 0x2988, 0x5A4E, 0x3AAD, 0x4454, 0x4C13, 0x4413, 0x4413, 0x4413, 0x4413, 0x3C13, 0x3C12,
    0x8638, 0x6DB7, 0x75D7, 0x7DF7, 0x75D7, 0x75D7, 0x75D7, 0x75D7, 0x75D7, 0x75F7, 0x7574, 0xD58F,
    0xF6D4, 0xB570, 0x5514, 0xB5AF, 0xBB88, 0xA451, 0xCBC7, 0x432B, 0x0B91, 0x0BB0, 0x024A, 0x9CD2,
    0xFFDD, 0xE658, 0xD5D9, 0xDDF9, 0xE69A, 0xE658, 0xDE19, 0xDDF9, 0xDDF9, 0xDDF8, 0xE618, 0xE618,
    0xEE58, 0xEE99, 0xF6FA, 0xF77C, 0xFFBD, 0xF77E, 0xF71C, 0xEF1C, 0xF73D, 0xFF9D, 0xFFDD, 0xFFFE,
    0xFF9D, 0xFF5D, 0xF73D, 0xEF1C, 0xEEFC, 0xEEBA, 0x7CF4, 0x6E9A, 0x7F1C, 0x7EFC, 0x7EFC, 0x76DB,
    0x669B, 0x45F8, 0x3D76, 0xD670, 0xC5EF, 0x3452, 0x03B3, 0x0331, 0x43CE, 0x842E, 0xAC0B, 0x436F,
    0x0331, 0x0311, 0x0310, 0x0B30, 0x1330, 0x0ACF, 0x3BB0, 0xD5F3, 0x72C8, 0x02CE, 0x0AEF, 0x0AEF,
    0x0ACE, 0x09EA, 0x12CE, 0x2454, 0x2474, 0x130F, 0x10C4, 0x18C3, 0x18C4, 0x18C4, 0x18E4, 0x18A3,
    0x1082, 0x1081, 0x1081, 0x1061, 0x18A2, 0x20E5, 0x18A3, 0x1082, 0x1082, 0x1082, 0x1082, 0x0862,
    0x1061, 0x0861, 0x2926, 0x51CC, 0x3B2E, 0x4C54, 0x4433, 0x4433, 0x4433, 0x3C12, 0x33D2, 0x33B1,
    0x6DB7, 0x75D7, 0x75D7, 0x75F7, 0x75F7, 0x75D7, 0x75F7, 0x75F7, 0x75D7, 0x7618, 0x7D74, 0xD447,
    0xABC7, 0xB658, 0x14D6, 0x442F, 0xDBE7, 0xA471, 0xD40A, 0x6329, 0x0351, 0x32ED, 0xA4D3, 0xBD53,
    0xF6D9, 0xD5D9, 0xD5FA, 0xD5F9, 0xE639, 0xDE18, 0xDE1A, 0xDE19, 0xDDF9, 0xDDF9, 0xDE19, 0xDE19,
    0xDDF8, 0xDDF8, 0xDDF8, 0xDE18, 0xE659, 0xEEFB, 0xF73C, 0xF77D, 0xF7BE, 0xFFDE, 0xFFFE, 0xFFFE,
    0xF77E, 0xEEDB, 0xE67A, 0xDE3A, 0xEE9B, 0x8CB3, 0x5617, 0x7F3C, 0x66BA, 0x4DF9, 0x3536, 0x2474,
    0x0BB2, 0x132F, 0xAC6C, 0x9C4D, 0x0310, 0x02EF, 0x0B0F, 0x02AF, 0x73EC, 0x5BCF, 0xB44C, 0x436E,
    0x0331, 0x0B30, 0x1330, 0x1310, 0x1330, 0x1AEE, 0xDF18, 0xEE52, 0xCC0A, 0x3ACC, 0x02F0, 0x0AEF,
    0x0ACF, 0x09E9, 0x1B2F, 0x2473, 0x2454, 0x1BD2, 0x11EA, 0x1082, 0x20C4, 0x18C4, 0x18C4, 0x18E4,
    0x18C4, 0x1083, 0x1082, 0x1082, 0x0841, 0x1082, 0x18A3, 0x1082, 0x1082, 0x1082, 0x1082, 0x1082,
    0x1082, 0x1062, 0x0040, 0x28E6, 0x3AAD, 0x4C74, 0x4433, 0x4413, 0x3BF2, 0x3BD2, 0x4412, 0x5473,
    0x75D7, 0x75D7, 0x75D7, 0x75F7, 0x75F7, 0x75F7, 0x7DF8, 0x7DF8, 0x7DF8, 0x7618, 0x7D95, 0xD468,
    0xBD0E, 0x34D5, 0x0473, 0x23D0, 0xC325, 0xAC50, 0xD408, 0x5AE9, 0x3B6F, 0xDE39, 0xE6BC, 0xB4F3,
    0xE67A, 0xD61A, 0xDE1A, 0xDE1A, 0xDE19, 0xD5F9, 0xDE1A, 0xDE19, 0xDE19, 0xD619, 0xD619, 0xDE19,
    0xD5F9, 0xD619, 0xD619, 0xD5F9, 0xD5F9, 0xD5F9, 0xD5F9, 0xDE1A, 0xDE1A, 0xDE5A, 0xE67B, 0xE6DC,
    0xEF3D, 0xF77E, 0xF77E, 0xF77D, 0xB575, 0x4D35, 0x4E5A, 0x2CF6, 0x13F3, 0x0B50, 0x0B0F, 0x0AEF,
    0x0ACE, 0xA42C, 0xA42C, 0x0B30, 0x0B30, 0x1330, 0x02F0, 0x2B2E, 0xA48D, 0x2B30, 0xBC6C, 0x2B6F,
    0x0331, 0x0B30, 0x0B30, 0x1330, 0x0310, 0x4BAE, 0xE56E, 0xB388, 0xCC09, 0x734C, 0x02CF, 0x12EF,
    0x0ACE, 0x11EA, 0x1BB1, 0x2474, 0x2453, 0x1B91, 0x130F, 0x1967, 0x1882, 0x18E4, 0x18C4, 0x18C4,
    0x18C3, 0x3145, 0x20E4, 0x0881, 0x1082, 0x0861, 0x0841, 0x1082, 0x1082, 0x1082, 0x1082, 0x1082,
    0x1082, 0x0862, 0x28E5, 0x29C8, 0x4C33, 0x4C54, 0x4433, 0x4413, 0x4413, 0x4434, 0x4474, 0x3C53,
    0x75D7, 0x75F7, 0x75F7, 0x75F7, 0x75F7, 0x7DF8, 0x7E18, 0x7E18, 0x7E18, 0x7E17, 0x7618, 0xB4AB,
    0xB44A, 0x0493, 0x04F6, 0x640C, 0xB347, 0xB3EA, 0xC365, 0x7B0B, 0xCDF9, 0xDE7C, 0xD5FA, 0xAC92,
    0xDE3A, 0xDE3A, 0xDE3A, 0xDE1A, 0xDE3A, 0xD5F9, 0xDE1A, 0xDE1A, 0xDE1A, 0xDE3A, 0xDE3A, 0xDE19,
    0xDE19, 0xDE19, 0xDE19, 0xDE19, 0xDE1A, 0xDE3A, 0xDE3A, 0xDE1A, 0xDE1A, 0xDE19, 0xD619, 0xD5F9,
    0xD5F9, 0xD5F9, 0xE69B, 0xC618, 0x5473, 0x2C94, 0x1371, 0x0B10, 0x0B0F, 0x1310, 0x1310, 0x02EF,
    0x83EE, 0xBCAC, 0x1B50, 0x0B30, 0x1330, 0x0330, 0x0B10, 0xAC6C, 0x43AF, 0x3370, 0xBC6C, 0x1B50,
    0x0B31, 0x0B30, 0x1330, 0x0B30, 0x0B51, 0x2ACC, 0xA42C, 0xB4D0, 0xAB8B, 0x4AEB, 0x0AEF, 0x12EF,
    0x12AD, 0x120A, 0x1C33, 0x2494, 0x1BF2, 0x1C13, 0x1B90, 0x12CD, 0x1125, 0x1882, 0x18E4, 0x18E4,
    0x20E4, 0xA3C9, 0x82E8, 0x1062, 0x1082, 0x1082, 0x1061, 0x0861, 0x0861, 0x1082, 0x1082, 0x1082,
    0x1082, 0x20E4, 0x2988, 0x4C33, 0x4C94, 0x4453, 0x4433, 0x4433, 0x3C13, 0x2BD2, 0x3BF3, 0x4C74,
    0x75F7, 0x75F7, 0x7DF8, 0x7DF8, 0x7DF8, 0x7E18, 0x7E18, 0x7E18, 0x7E18, 0x7E18, 0x75D7, 0xB5D5,
    0xD50E, 0x5553, 0x15D7, 0xAC8D, 0xC44B, 0xC3E8, 0xAB26, 0xA473, 0xCDDA, 0xD61A, 0xDE5C, 0xA472,
    0xCDB8, 0xE65B, 0xDE3A, 0xDE3A, 0xDE3A, 0xDE19, 0xDE1A, 0xDE3A, 0xDE3A, 0xDE3A, 0xDE3A, 0xDE3A,
    0xDE3A, 0xDE3A, 0xDE3A, 0xDE3A, 0xDE3A, 0xDE3A, 0xDE3A, 0xDE3A, 0xDE5A, 0xE65A, 0xDE3A, 0xDE5A,
    0xDE3A, 0xE67A, 0xCD97, 0x43F0, 0x13F2, 0x1310, 0x1330, 0x1330, 0x0B30, 0x1330, 0x02EF, 0x4B8F,
    0xD4CC, 0x43AF, 0x0330, 0x0B51, 0x0330, 0x234F, 0xAC6C, 0x740E, 0x0310, 0x6BEE, 0xAC2D, 0x0331,
    0x0B51, 0x1350, 0x1350, 0x1350, 0x0B30, 0x2B6F, 0xEF57, 0xFF56, 0xCC6F, 0x2ACD, 0x0AEF, 0x12EF,
    0x128C, 0x124C, 0x1C94, 0x1C53, 0x1BD2, 0x1C54, 0x1C33, 0x130F, 0x1AAD, 0x1946, 0x1881, 0x18C3,
    0x18C3, 0x49C5, 0x41A5, 0x18A4, 0x10A2, 0x1062, 0x1082, 0x1082, 0x0882, 0x0861, 0x0841, 0x0841,
    0x1082, 0x29A8, 0x4C12, 0x4C95, 0x4454, 0x4433, 0x3BF3, 0x33F2, 0x5453, 0x8536, 0x9DB7, 0x9DB7,
    0x75F7, 0x6DF7, 0x6DD7, 0x6DB7, 0x6DB7, 0x75D7, 0x75F7, 0x75F7, 0x6DD7, 0x7DD6, 0xC658, 0xFFDE,
    0xCD91, 0xCE12, 0xA4CF, 0xB346, 0xAB68, 0xAB68, 0xAC51, 0xD61B, 0xD63B, 0xD61A, 0xDE5B, 0xB4F6,
    0xB4F5, 0xE69C, 0xDE3A, 0xDE3A, 0xDE3A, 0xDE3A, 0xDE19, 0xDE5A, 0xDE3A, 0xDE5A, 0xDE3A, 0xDE3A,
    0xDE3A, 0xDE3A, 0xDE3A, 0xDE3A, 0xDE3A, 0xDE3A, 0xDE3A, 0xDE39, 0xDE3A, 0xDE3A, 0xDE5A, 0xDE3A,
    0xDE7B, 0xE639, 0x538F, 0x0BB1, 0x1350, 0x1350, 0x1350, 0x1330, 0x132F, 0x0B0F, 0x130F, 0xC46C,
    0x8C2D, 0x0330, 0x0B50, 0x0350, 0x5BCE, 0xC48C, 0x73EE, 0x0350, 0x0351, 0xA44D, 0x7C0E, 0x0351,
    0x1371, 0x1371, 0x1351, 0x1371, 0x02F0, 0x7CF2, 0xFFF8, 0xEED4, 0xDCCF, 0x534D, 0x0ACF, 0x130F,
    0x124B, 0x12EE, 0x24B5, 0x13D1, 0x1BF2, 0x1C33, 0x1C53, 0x1BF3, 0x0AEF, 0x12EE, 0x124B, 0x1083,
    0x0882, 0x0883, 0x1082, 0x18C3, 0x18E4, 0x10A2, 0x1062, 0x1082, 0x1082, 0x1082, 0x1061, 0x18C4,
    0x31A8, 0x4C13, 0x54B6, 0x4C54, 0x4C54, 0x4C53, 0x6CF5, 0xA5D8, 0xBE59, 0xB659, 0xC6BB, 0xF7BE,
    0x6DD7, 0x8618, 0x9E59, 0xB6BA, 0xC6FC, 0x8E38, 0x6DD6, 0x8E38, 0xB6DA, 0xCE78, 0xFFDE, 0xFFFF,
    0xD614, 0xD4EC, 0xBB88, 0xC3A8, 0x82A7, 0xA389, 0xD5F9, 0xDE5C, 0xD61A, 0xDE3B, 0xD61B, 0xB4F5,
    0x9B8D, 0xE67C, 0xDE3A, 0xDE5A, 0xE63A, 0xE65B, 0xD5D9, 0xDE5A, 0xDE5A, 0xDE5A, 0xDE5A, 0xDE5A,
    0xDE5A, 0xDE5A, 0xDE5A, 0xDE5A, 0xDE3A, 0xDE3A, 0xDE3A, 0xDE3A, 0xDE3A, 0xDE3A, 0xDE5A, 0xDE5A,
    0xEE7B, 0x6BD0, 0x0B70, 0x1B50, 0x1350, 0x1350, 0x0B50, 0x1330, 0x1350, 0x0330, 0x7C0D, 0xDCAB,
    0x2B90, 0x0350, 0x1370, 0x9C2D, 0xD48C, 0x4BCF, 0x0351, 0x0B71, 0x23B0, 0xCC8C, 0x43B0, 0x0372,
    0x1371, 0x1391, 0x1371, 0x1391, 0x0B10, 0xC654, 0xFFF7, 0xEE94, 0xDCEF, 0x738D, 0x0ACF, 0x130F,
    0x19C9, 0x1B91, 0x1C33, 0x1B90, 0x1C53, 0x1C33, 0x1C33, 0x1C54, 0x1C12, 0x130F, 0x12EF, 0x1125,
    0x1041, 0x0841, 0x18E4, 0x18C3, 0x18E4, 0x18C4, 0x1083, 0x1062, 0x1082, 0x1082, 0x1082, 0x18E4,
    0x49EC, 0x432F, 0x4C75, 0x4413, 0x4413, 0x74F5, 0x9D97, 0xADF8, 0xC69A, 0xEF7D, 0xFFFF, 0xFFFF,
    0xDF5D, 0xF7DE, 0xFFFF, 0xFFFF, 0x9E99, 0x8E38, 0xCF1C, 0xFFFF, 0xEF3B, 0xEF1A, 0xFFFF, 0xFFFF,
    0xEF5B, 0xBBC9, 0xB387, 0x9348, 0x1B4F, 0x632A, 0xC40A, 0xCD55, 0xD61A, 0xCD96, 0xBC6E, 0xCBE8,
    0x9309, 0xBD36, 0xEE9C, 0xDE3A, 0xDE5B, 0xDE5B, 0xD5F9, 0xDE1A, 0xDE5A, 0xDE5A, 0xDE5A, 0xDE5A,
    0xDE5A, 0xDE5A, 0xDE5A, 0xDE5A, 0xDE3A, 0xDE3A, 0xDE3A, 0xDE3A, 0xDE5A, 0xDE5A, 0xD61A, 0xDE5B,
    0x8432, 0x1391, 0x1B72, 0x1350, 0x1350, 0x1370, 0x1391, 0x13B2, 0x0BD2, 0x2BF1, 0xD4CC, 0x9C6D,
    0x0391, 0x1BB1, 0xB48D, 0xC4AD, 0x2BF1, 0x0B92, 0x1BB1, 0x0392, 0x7C4E, 0xBC8D, 0x1391, 0x0B92,
    0x1391, 0x1391, 0x1391, 0x0B91, 0x33B0, 0xF735, 0xFFB7, 0xE632, 0xDCCE, 0x8BCD, 0x02EF, 0x126C,
    0x1187, 0x1C13, 0x1370, 0x1C12, 0x1C54, 0x1C33, 0x1C33, 0x1C33, 0x1C54, 0x1C33, 0x1BB1, 0x1ACD,
    0x1B4E, 0x0905, 0x1062, 0x2105, 0x18C3, 0x18C4, 0x18C4, 0x18A3, 0x1082, 0x0861, 0x1062, 0x18A3,
    0x3188, 0x422C, 0xA5F8, 0xC69B, 0xC69A, 0xD71C, 0xE77D, 0xFFFF, 0xFFFF, 0xFFFF, 0xFFDF, 0xFFFF,
    0xFFFF, 0xFFFF, 0xEF9E, 0x8E58, 0xAEBA, 0xF7DF, 0xFFFF, 0xFFBD, 0xDEB9, 0xFFFF, 0xF7DE, 0xEE95,
    0xBC0A, 0xAC93, 0xB4CD, 0x5BCF, 0x0434, 0x1391, 0xA3AB, 0xB3C9, 0xB3A7, 0xB366, 0xABA8, 0xBCB3,
    0xBD99, 0x836E, 0xDE5B, 0xDE5B, 0xDE5B, 0xDE5B, 0xDE5A, 0xCDD9, 0xDE5B, 0xDE3A, 0xDE3A, 0xDE3A,
    0xDE3A, 0xDE5A, 0xDE5A, 0xDE5A, 0xDE5A, 0xDE3A, 0xDE3A, 0xD61A, 0xD61A, 0xC5D9, 0xD63B, 0x9473,
    0x1B50, 0x13D2, 0x1391, 0x13B2, 0x13D2, 0x1413, 0x1413, 0x1412, 0x03F2, 0x7470, 0xECEC, 0x4C11,
    0x03D2, 0xACAD, 0xBCAD, 0x1BD1, 0x0BF3, 0x1413, 0x0BF3, 0x23F1, 0xCCED, 0x742F, 0x03B2, 0x13B2,
    0x13B2, 0x13B1, 0x13D2, 0x0391, 0x6CB1, 0xFF95, 0xFF76, 0xDDF1, 0xD4CE, 0xA42E, 0x0AF0, 0x1146,
    0x19E9, 0x1B91, 0x1350, 0x1C74, 0x1C33, 0x1C33, 0x1C33, 0x1C33, 0x1C13, 0x1433, 0x1C33, 0x1B4F,
    0x0BD1, 0x2A69, 0x1082, 0x18C3, 0x20E4, 0x18C4, 0x18C4, 0x18C4, 0x18C4, 0x18A3, 0x1082, 0x18E3,
    0x2105, 0x39CB, 0xA4F3, 0xFFFF, 0xFFFF, 0xFFFF, 0xFFFF, 0xFFFF, 0xFFDE, 0xFFFE, 0xFFFF, 0xFFFF,
    0xFFFF, 0xEFBE, 0x9E79, 0xCF3C, 0xFFFF, 0xFFFF, 0xFFFF, 0xE71A, 0xDE76, 0xE635, 0xCC6A, 0xB366,
    0x9C33, 0xC5F7, 0x8512, 0x3433, 0x0C12, 0x03F3, 0x6BF0, 0xCD98, 0xB4B3, 0xC515, 0xCDB9, 0xC5DB,
    0xCE1C, 0xA474, 0x93F1, 0xEEBD, 0xDE3B, 0xE65B, 0xE67B, 0xD5F9, 0xD619, 0xE65A, 0xDE3A, 0xDE3A,
    0xDE3A, 0xDE3A, 0xDE5A, 0xDE3A, 0xDE3A, 0xDE3A, 0xDE5A, 0xDE5B, 0xDE5B, 0xE69C, 0xBD57, 0x236F,
    0x1433, 0x13F2, 0x1433, 0x1433, 0x1433, 0x1433, 0x1433, 0x1412, 0x1412, 0xBCCD, 0xCCCC, 0x03D1,
    0x744F, 0xD4AC, 0x2BF1, 0x0BD2, 0x1BF3, 0x1C13, 0x0BF2, 0x846F, 0xC4CE, 0x1BF1, 0x0BF2, 0x13D2,
    0x13D1, 0x13F1, 0x1412, 0x0391, 0xA5B2, 0xFF54, 0xF734, 0xDD90, 0xDCAE, 0xB44F, 0x122C, 0x0062,
    0x1A4B, 0x12EE, 0x1BF2, 0x1C53, 0x1C33, 0x1C33, 0x1C13, 0x1C33, 0x1433, 0x1412, 0x1412, 0x1B6F,
    0x0370, 0x434C, 0x2AED, 0x10E4, 0x1883, 0x18C4, 0x18C4, 0x18C4, 0x18C4, 0x18E4, 0x18C4, 0x18E4,
    0x18C3, 0x398A, 0x524D, 0xE71B, 0xFFFF, 0xFFBE, 0xEF7D, 0xF7BE, 0xFFFF, 0xFFFF, 0xFFDF, 0xDF3C,
    0xF7DF, 0xB6DB, 0xDF9D, 0xFFFF, 0xFFFF, 0xFFFF, 0xFFFF, 0xF7BE, 0xBC6B, 0xB364, 0xABEA, 0x8C13,
    0xB59C, 0xC5D2, 0x13B0, 0x2494, 0x0BD1, 0x03D2, 0x6BAD, 0xCD36, 0xD63D, 0xD63A, 0xDE1A, 0xD5D9,
    0xC599, 0xD61B, 0x7B6F, 0xACB3, 0xEE9D, 0xD61A, 0xDE5B, 0xE67B, 0xCDD8, 0xD619, 0xDE3A, 0xDE19,
    0xDE1A, 0xDE3A, 0xDE5B, 0xDE3B, 0xD61A, 0xD5FA, 0xCDF9, 0xCDB8, 0xD5F9, 0xBD36, 0x332E, 0x0C14,
    0x13D2, 0x13D2, 0x13D2, 0x13D1, 0x13B1, 0x13B1, 0x13B1, 0x0BB2, 0x3BEF, 0xECEB, 0x946E, 0x1BD1,
    0xDCEC, 0x5C30, 0x0BF3, 0x1C12, 0x1BF2, 0x0BD2, 0x4C10, 0xE4CD, 0x540F, 0x0BD2, 0x1412, 0x13F2,
    0x1412, 0x1432, 0x1412, 0x1B2E, 0xD674, 0xEED4, 0xF713, 0xD50F, 0xD4AE, 0xC46E, 0x1105, 0x0861,
    0x19E9, 0x1B2F, 0x1C74, 0x1C33, 0x1C13, 0x1C13, 0x1C33, 0x1433, 0x1433, 0x0BF2, 0x746F, 0x9C2C,
    0x0310, 0x838B, 0x3B6E, 0x1351, 0x1988, 0x18A3, 0x18A3, 0x18C4, 0x18C4, 0x18C4, 0x20C4, 0x20C4,
    0x18C3, 0x20E4, 0x41CD, 0x8C52, 0xFFFF, 0xFFFE, 0xF79D, 0xD6FB, 0xD6FC, 0xCEBB, 0xC659, 0xBE59,
    0xC71B, 0xE77D, 0xFFFF, 0xFFFF, 0xFFFE, 0xFFFE, 0xFFFF, 0xFFFF, 0xE6FA, 0xE6F9, 0xBDD8, 0xA4F8,
    0xEF3D, 0xE672, 0x4C71, 0x0C54, 0x0BF2, 0x640E, 0xBBC9, 0xBD15, 0xCDBB, 0xCDD9, 0xD619, 0xD5F9,
    0xCDF9, 0xC5BA, 0xCDFA, 0x62AA, 0xB4D5, 0xE69C, 0xCDD9, 0xD5FA, 0xE65B, 0xC599, 0xD61B, 0xDE5B,
    0xDE5B, 0xD63A, 0xC5B9, 0xBD77, 0xBD77, 0xC5B8, 0xCDD9, 0xD63A, 0xD5F8, 0x42ED, 0x0BB2, 0x134F,
    0x132F, 0x130F, 0x130F, 0x0B2F, 0x1370, 0x1370, 0x1350, 0x0330, 0x7C2E, 0xF4CA, 0x4B8C, 0x5B8C,
    0xABEA, 0x136F, 0x1BD1, 0x1BF1, 0x13F1, 0x3C10, 0xD4EE, 0x948F, 0x0BF2, 0x1412, 0x13F2, 0x13F2,
    0x13D2, 0x1390, 0x0ACE, 0x430D, 0xEEB3, 0xE652, 0xF713, 0xCCCE, 0xCC8E, 0xCC8D, 0x20E3, 0x2948,
    0x122A, 0x1BD1, 0x1C53, 0x1C12, 0x1C12, 0x1C12, 0x1413, 0x1413, 0x0C13, 0x3411, 0xE4EC, 0xA3EA,
    0x7C6E, 0xE46A, 0x6B4B, 0x1414, 0x1B30, 0x1A4C, 0x1925, 0x1883, 0x18A3, 0x18C4, 0x18C4, 0x20C4,
    0x20C4, 0x18A2, 0x39A9, 0x4A0C, 0xD6BA, 0xFFFF, 0xFFFE, 0xFFDE, 0xF7BE, 0xF7BE, 0xFFDF, 0xFFFF,
    0xDF7D, 0xFFFF, 0xFFFF, 0xFFFF, 0xFFDE, 0xFFFE, 0xFFFF, 0xFFFE, 0xFFFF, 0xFFDF, 0xBD75, 0xF75E,
    0xFFDF, 0xE6B5, 0xC631, 0x6490, 0xA46B, 0xC3A6, 0xB492, 0xDE5B, 0xC598, 0xCDDA, 0xD619, 0xD5D9,
    0xD5D9, 0xCDD9, 0xC5BA, 0x9C51, 0x8BEF, 0xB515, 0xE67C, 0xC5B9, 0xB577, 0xA4B4, 0x8C12, 0x7BB1,
    0x62CD, 0x734E, 0xB535, 0xE69C, 0xE67B, 0xDE3A, 0xDE5A, 0xE63A, 0x530D, 0x0B90, 0x0B70, 0x0B4F,
    0x0B91, 0x13B2, 0x13F3, 0x0C13, 0x1412, 0x13F2, 0x0C33, 0x1433, 0x83AB, 0x51C6, 0x20E5, 0x2106,
    0x20E6, 0x18E6, 0x1906, 0x1946, 0x1167, 0x3A07, 0x7267, 0x22AB, 0x132E, 0x1390, 0x13B1, 0x1350,
    0x12EF, 0x128D, 0x020B, 0x6BEE, 0xF713, 0xDDD0, 0xEEB3, 0xCCAE, 0xCC8D, 0xCC8D, 0x524B, 0x29A9,
    0x12AD, 0x2433, 0x1C13, 0x1C13, 0x1BF2, 0x1BD2, 0x1C13, 0x1C13, 0x0C13, 0x6491, 0xCC4B, 0xC56E,
    0xF62E, 0xCBC8, 0xAB68, 0x2BD1, 0x1BF3, 0x12CF, 0x1ACE, 0x120A, 0x1105, 0x10A2, 0x18A3, 0x18C3,
    0x18A3, 0x18A3, 0x18C3, 0x49EC, 0x7BB0, 0xFFFF, 0xFFDE, 0xFFDF, 0xFFFF, 0xFFFF, 0xFFFF, 0xFFDE,
    0xFFFF, 0xFFFF, 0xFFFF, 0xFFFF, 0xFFDF, 0xFFDE, 0xFFDF, 0xFFFF, 0xFFFF, 0xDE77, 0xEF5B, 0xFFBF,
    0xFF9E, 0xE718, 0xD52B, 0xD3A6, 0xB346, 0x9C52, 0xC5DB, 0xD61A, 0xD5D9, 0xC5B9, 0xCDF9, 0xD5D9,
    0xD5D8, 0xCDD8, 0xCDDA, 0x83AF, 0x62AA, 0x41A8, 0x4A4B, 0x39A9, 0x2947, 0x20E6, 0x2107, 0x2928,
    0x316A, 0x316A, 0x3169, 0x628B, 0xB535, 0xE67B, 0xE67A, 0x738F, 0x0B4F, 0x13B2, 0x13B1, 0x13F2,
    0x13F2, 0x13F2, 0x0BD2, 0x0BD2, 0x13D2, 0x1454, 0x138F, 0x19C8, 0x20E6, 0x2108, 0x2948, 0x2949,
    0x2929, 0x2928, 0x2908, 0x20E6, 0x20A5, 0x1084, 0x1085, 0x1883, 0x18A3, 0x18C5, 0x1905, 0x1167,
    0x11EA, 0x226C, 0x4B2F, 0xBD91, 0xEEB2, 0xD56F, 0xE630, 0xCC8E, 0xD48D, 0xD48D, 0x7B4E, 0x42CB,
    0x134F, 0x1C53, 0x2413, 0x1BD2, 0x1350, 0x1BF2, 0x1412, 0x1412, 0x1413, 0x840D, 0xD52D, 0xF5ED,
    0xA3C9, 0x42AA, 0xC3A8, 0x736B, 0x1455, 0x1BB1, 0x128D, 0x12EE, 0x1AEF, 0x124B, 0x1166, 0x10C3,
    0x1882, 0x18A3, 0x1082, 0x3127, 0x39A9, 0xB595, 0xFFFF, 0xFFDE, 0xFFFE, 0xFFFE, 0xFFDE, 0xFFDE,
    0xFFFF, 0xFFFF, 0xFFFF, 0xFFFF, 0xFFDF, 0xFFDF, 0xFFDE, 0xFFFF, 0xF75B, 0xDE76, 0xFFFF, 0xF75E,
    0xF77F, 0xF77B, 0xBC8B, 0xB40E, 0x9D16, 0xA538, 0xCDDA, 0xC5BA, 0xD5F9, 0xCD98, 0xCDDA, 0xCDD9,
    0xCDB9, 0xD5F9, 0xC597, 0x72EC, 0x626C, 0x2128, 0x18C6, 0x18C6, 0x18E6, 0x20E6, 0x20E6, 0x2106,
    0x2107, 0x2948, 0x39AB, 0x316A, 0x2106, 0x7B8F, 0x9473, 0x132E, 0x1413, 0x13F3, 0x1413, 0x0BF2,
    0x13D2, 0x13D1, 0x13B1, 0x0BD2, 0x1412, 0x1A8B, 0x2127, 0x3128, 0x2949, 0x2948, 0x2928, 0x2928,
    0x2106, 0x18E6, 0x18E6, 0x18C5, 0x18C5, 0x18E6, 0x20C6, 0x18A3, 0x18A3, 0x10A3, 0x1083, 0x1863,
    0x1862, 0x2104, 0x5AAA, 0xD611, 0xDDB0, 0xD52F, 0xDD2F, 0xCC8D, 0xCC8D, 0xCC4C, 0xC552, 0x4B4E,
    0x13B1, 0x1C33, 0x1BB1, 0x130F, 0x1370, 0x1412, 0x13F2, 0x1BF2, 0x0BD2, 0x736B, 0xE46A, 0xAB89,
    0x12AC, 0x034F, 0x52C9, 0xBB88, 0x33AF, 0x2495, 0x1BB1, 0x0AAD, 0x12AD, 0x12EF, 0x130F, 0x12AD,
    0x124A, 0x1146, 0x2104, 0x18A2, 0x3186, 0xBDD7, 0xFFFF, 0xFFDE, 0xFFFF, 0xFFDE, 0xFFDE, 0xFFDE,
    0xFFFF, 0xFFFF, 0xFFFF, 0xFFFF, 0xFFFE, 0xFFFE, 0xFFFE, 0xFFDE, 0xDE76, 0xFFBD, 0xFFDE, 0xF75F,
    0xFF7B, 0xFFBA, 0xDEBA, 0xE6FE, 0x7CD3, 0xAD37, 0xCDDA, 0xBDB9, 0xCDB9, 0xCDD8, 0xCDB9, 0xCDB9,
    0xC599, 0xCDB9, 0xCDF9, 0x7B2D, 0x93B0, 0x2926, 0x18C5, 0x20E6, 0x20E6, 0x20E6, 0x20E6, 0x20E6,
    0x20E6, 0x20C6, 0x18C5, 0x2928, 0x41CC, 0x3148, 0x1987, 0x1BB2, 0x13D2, 0x13B1, 0x13D2, 0x13D2,
    0x13D2, 0x0BD1, 0x13F2, 0x1390, 0x11A8, 0x2908, 0x316B, 0x2948, 0x2927, 0x2928, 0x2107, 0x18C5,
    0x18C5, 0x18E5, 0x18E5, 0x20E6, 0x20C6, 0x18C6, 0x18A4, 0x18A3, 0x18A3, 0x18A4, 0x18A3, 0x10A3,
    0x10A3, 0x0021, 0x18C3, 0xBD90, 0xCD0E, 0xCCAF, 0xCCAE, 0xCCAE, 0xCC8D, 0xCC4C, 0xB48F, 0x22CD,
    0x1C13, 0x1B91, 0x130F, 0x130F, 0x1391, 0x1412, 0x13F2, 0x0BB2, 0x6C70, 0x3B6D, 0x938A, 0xE4AB,
    0x438E, 0x0372, 0x332D, 0xDC29, 0x93CB, 0x1C34, 0x2495, 0x23D2, 0x12CD, 0x128D, 0x12AE, 0x0ACE,
    0x130F, 0x024C, 0x8C92, 0xEF5C, 0xF79D, 0xFFFF, 0xFFFF, 0xFFFF, 0xFFFF, 0xFFDE, 0xFFDE, 0xFFDE,
    0xFFFF, 0xFFFF, 0xFFFF, 0xFFFF, 0xFFFF, 0xFFFF, 0xFFFF, 0xE6F9, 0xEF3A, 0xFFFF, 0xFFDF, 0xFF7D,
    0xFF9A, 0xFFFD, 0xFFFF, 0xDF3B, 0x640F, 0xBDB9, 0xCD9A, 0xCDD9, 0xDE7A, 0xD5F9, 0xCD98, 0xC5B9,
    0xBDBA, 0xBD99, 0xD61A, 0x9411, 0x832E, 0x834F, 0x18C5, 0x18E6, 0x18E6, 0x18E6, 0x18E5, 0x18E6,
    0x20E6, 0x2108, 0x2128, 0x20E6, 0x18C5, 0x398B, 0x398A, 0x2187, 0x134F, 0x1351, 0x132F, 0x1350,
    0x0B90, 0x0BD2, 0x132F, 0x1947, 0x316A, 0x3169, 0x2127, 0x2928, 0x2928, 0x20E6, 0x18C5, 0x18E5,
    0x18C6, 0x18C5, 0x18C5, 0x20C5, 0x20C5, 0x18A4, 0x1083, 0x1083, 0x1083, 0x1083, 0x1083, 0x10A3,
    0x1082, 0x0021, 0x5246, 0xA4CD, 0xCCCE, 0xCC8E, 0xCCAD, 0xCCAD, 0xCC6C, 0xCC6C, 0x9B8B, 0x1B0E,
    0x1BB1, 0x12EF, 0x130F, 0x130F, 0x1391, 0x1C12, 0x03D2, 0x4410, 0xAC4D, 0x0BD1, 0x734B, 0xDC4A,
    0xB46C, 0x63AD, 0xECCB, 0xBBA9, 0x3B6D, 0x2474, 0x2453, 0x2474, 0x2433, 0x130F, 0x0A8D, 0x0AAE,
    0x12AE, 0x0A8D, 0x42EC, 0xFFFF, 0xFFFF, 0xFFFF, 0xFFFF, 0xFFFF, 0xFFFF, 0xFFDE, 0xFFDE, 0xFFDE,
    0xFFFF, 0xFFFF, 0xFFFF, 0xFFFF, 0xFFFF, 0xFFFF, 0xF79D, 0xE6B7, 0xFFFF, 0xFFFF, 0xFFDD, 0xF79B,
    0xFFDE, 0xFFDE, 0xFFDE, 0xADD7, 0x8472, 0xBD79, 0xD63A, 0xF79E, 0xFFFE, 0xE659, 0xCD9A, 0xC577,
    0xC5B9, 0xBD99, 0xC5B9, 0xB556, 0x62AB, 0xA3F1, 0x41A8, 0x20C4, 0x2904, 0x2904, 0x2924, 0x3105,
    0x28E5, 0x18E5, 0x2128, 0x2129, 0x2106, 0x18C5, 0x316A, 0x396A, 0x1947, 0x130F, 0x1350, 0x130F,
    0x1350, 0x12AC, 0x2927, 0x398B, 0x2948, 0x2107, 0x2128, 0x2927, 0x18E6, 0x10C6, 0x18C6, 0x20E5,
    0x3145, 0x4165, 0x4144, 0x3944, 0x3923, 0x3943, 0x4144, 0x3944, 0x3124, 0x3103, 0x20E3, 0x1883,
    0x1082, 0x0000, 0x6AE9, 0x8BEB, 0xD50E, 0xCC8D, 0xCCAD, 0xCCAD, 0xC46C, 0xBC2C, 0x9C2D, 0x2B2F,
    0x130F, 0x12EF, 0x130F, 0x1310, 0x13D1, 0x0BD2, 0x23D1, 0xBC8D, 0x2BB0, 0x33D1, 0xDCED, 0xABAA,
    0xDCAC, 0xF4EC, 0xAB89, 0x2ACC, 0x1C95, 0x2474, 0x2454, 0x2454, 0x2474, 0x2474, 0x1B71, 0x0AAE,
    0x0A6C, 0x1B70, 0x22ED, 0xBE17, 0xFFFF, 0xFFFF, 0xFFFF, 0xFFFF, 0xFFFF, 0xFFDE, 0xFFDE, 0xFFDE,
    0xFFFF, 0xFFFF, 0xFFFF, 0xFFFF, 0xFFFE, 0xFFFF, 0xE6B7, 0xF79D, 0xFFFF, 0xF7BC, 0xF79A, 0xFFDE,
    0xFFFE, 0xF7BD, 0xEF9D, 0x84F3, 0xB536, 0xC639, 0xFFDE, 0xFFFE, 0xFFFF, 0xF73B, 0xCDB8, 0xCDB9,
    0xBD78, 0xBD99, 0xBD78, 0xBD78, 0x6268, 0x4164, 0x4944, 0x4144, 0x3123, 0x3123, 0x3123, 0x3944,
    0x4985, 0x3944, 0x20C4, 0x18E6, 0x2108, 0x2107, 0x20E6, 0x318A, 0x3169, 0x1925, 0x12EE, 0x1350,
    0x126B, 0x2927, 0x318A, 0x2108, 0x2107, 0x2927, 0x2928, 0x18C6, 0x10A5, 0x2905, 0x4165, 0x4164,
    0x3924, 0x3103, 0x20C2, 0x18A2, 0x20A2, 0x20C2, 0x20C3, 0x20C3, 0x28E3, 0x2903, 0x3943, 0x4164,
    0x4164, 0x3924, 0x734A, 0x8369, 0xDD0E, 0xCC8D, 0xCCAD, 0xCCAD, 0xCC4B, 0xB40C, 0x8BCC, 0x330D,
    0x0AEF, 0x12EE, 0x12EF, 0x1350, 0x0BD2, 0x1BD1, 0xBCAD, 0x63EF, 0x0352, 0xA48F, 0xF58F, 0x6A67,
    0x9369, 0x8B29, 0x2B8F, 0x2C12, 0x2453, 0x2474, 0x2474, 0x2474, 0x2453, 0x2474, 0x1C74, 0x1BF3,
    0x130F, 0x1B2F, 0x3473, 0x6C30, 0xFFFF, 0xFFDF, 0xFFFF, 0xFFFE, 0xFFFF, 0xFFDE, 0xFFDE, 0xFFDE,
    0xFFFF, 0xFFFF, 0xFFFF, 0xFFFE, 0xFFFF, 0xEF5A, 0xEF1A, 0xFFFF, 0xFF9A, 0xF79B, 0xFFDE, 0xFFDE,
    0xFFDE, 0xE79D, 0xAE58, 0x7BAF, 0xCDF8, 0xB658, 0xFFFE, 0xFFBD, 0xFFDE, 0xFFFD, 0xDE39, 0xCDBA,
    0xCD97, 0xBD37, 0xBD58, 0xB557, 0x8B2B, 0x4144, 0x2082, 0x20C3, 0x20A3, 0x20C3, 0x20A3, 0x20A2,
    0x20E3, 0x4165, 0x49A5, 0x30E3, 0x18A5, 0x2107, 0x2107, 0x2928, 0x31AB, 0x3149, 0x1988, 0x124A,
    0x2947, 0x318B, 0x2107, 0x2927, 0x2928, 0x2128, 0x18C5, 0x28E4, 0x4984, 0x4184, 0x28E3, 0x20C2,
    0x28E3, 0x3123, 0x3124, 0x3103, 0x28E3, 0x20A3, 0x1882, 0x1082, 0x1062, 0x1882, 0x1882, 0x1061,
    0x1061, 0x3944, 0x6AC8, 0x8328, 0xDD0E, 0xCC8C, 0xD4AC, 0xD48C, 0xCC2B, 0xB40B, 0x7B8B, 0x434D,
    0x02CE, 0x12EF, 0x130F, 0x0370, 0x2BF1, 0xBCEC, 0x7C2E, 0x0352, 0x4C10, 0xED4F, 0xD4EE, 0x20C2,
    0x18C3, 0x0841, 0x2B2F, 0x3494, 0x23F1, 0x2474, 0x2454, 0x2474, 0x2453, 0x2454, 0x1C53, 0x2433,
    0x1C53, 0x1BB1, 0x3516, 0x334D, 0xEF3C, 0xFFFF, 0xFFDF, 0xFFFF, 0xFFDF, 0xFFDE, 0xFFDE, 0xFFDE,
    0xFFFF, 0xFFFF, 0xFFFF, 0xFFFF, 0xFFDE, 0xE6D8, 0xFF9B, 0xF773, 0xF754, 0xFFDE, 0xFFDE, 0xFFDE,
    0xDF5B, 0xE7BE, 0x6BCE, 0xBB4B, 0xCE1A, 0x95B7, 0xFFDD, 0xFFDD, 0xFFBD, 0xFFBB, 0xF679, 0xCD99,
    0xCDD9, 0xC578, 0xB517, 0xB558, 0x93CE, 0x7267, 0x0841, 0x18A2, 0x20C3, 0x20E3, 0x20C3, 0x20C3,
    0x20C3, 0x20A3, 0x28E4, 0x4185, 0x3924, 0x1883, 0x18E7, 0x2908, 0x2989, 0x31AC, 0x2107, 0x2106,
    0x316A, 0x20E7, 0x2907, 0x2928, 0x2107, 0x18C4, 0x4165, 0x49A5, 0x28E3, 0x18C2, 0x30E3, 0x3924,
    0x3944, 0x3924, 0x3924, 0x3923, 0x28E3, 0x20E3, 0x18A2, 0x1882, 0x20A2, 0x20E2, 0x1882, 0x1882,
    0x0841, 0x3124, 0x6267, 0x93C9, 0xE52E, 0xCCAD, 0xD4CD, 0xCCAC, 0xCC4C, 0xABCC, 0x636D, 0x536D,
    0x02CF, 0x12EF, 0x02EF, 0x53EF, 0xC4CD, 0x6C0D, 0x0372, 0x23B1, 0xC4EE, 0xED8F, 0x7AE9, 0x0021,
    0x20E5, 0x18C4, 0x1965, 0x34D6, 0x2412, 0x2454, 0x2474, 0x2454, 0x2453, 0x2453, 0x2453, 0x1C53,
    0x1C33, 0x1C13, 0x2CF6, 0x3432, 0x4B2C, 0xE6FB, 0xFFFF, 0xFFDF, 0xFFFF, 0xFFDF, 0xFFDF, 0xFFDE,
    0xFFFF, 0xFFFF, 0xFFFF, 0xFFFF, 0xEF19, 0xEF17, 0xFFD9, 0xFFDD, 0xFFDC, 0xFFDE, 0xFFFF, 0xDF5C,
    0xE79D, 0xA5D7, 0x8AC7, 0xD36A, 0xD5F9, 0x8557, 0xE6DA, 0xFFFE, 0xFFBC, 0xF698, 0xDE18, 0xD5D9,
    0xCD99, 0xCDD9, 0xC578, 0xB538, 0x8BAF, 0xA38A, 0x20C2, 0x1881, 0x20C2, 0x20E3, 0x20C3, 0x20E3,
    0x20C3, 0x20C3, 0x28E4, 0x20A3, 0x3924, 0x4164, 0x18A2, 0x18E6, 0x294A, 0x2929, 0x2927, 0x318B,
    0x20E7, 0x2107, 0x2928, 0x18E6, 0x20C3, 0x4985, 0x4144, 0x20A2, 0x28C3, 0x3924, 0x3924, 0x3124,
    0x3924, 0x3924, 0x3123, 0x28E3, 0x28E3, 0x20C3, 0x1882, 0x18A2, 0x18A2, 0x0862, 0x0021, 0x0841,
    0x1041, 0x3123, 0x49E6, 0x8B08, 0xCBE9, 0xBB67, 0xBB88, 0xC40A, 0xCC2A, 0xABEB, 0x3B0C, 0x334E,
    0x02AF, 0x12CE, 0x7C0E, 0xBCAD, 0x4BAF, 0x0371, 0x1B90, 0xACCF, 0xE52E, 0xBC8D, 0x1082, 0x1083,
    0x2926, 0x2106, 0x1081, 0x338F, 0x2CB5, 0x2BF2, 0x2474, 0x2454, 0x2453, 0x2453, 0x2453, 0x1C53,
    0x2453, 0x1C13, 0x1C53, 0x3D37, 0x23F0, 0x43AF, 0xDEBA, 0xFFFF, 0xFFDF, 0xFFFF, 0xFFFF, 0xFFFF,
    0xFFFF, 0xF7BE, 0xF7BE, 0xFFDE, 0xE6B5, 0xFFBB, 0xFFFF, 0xFFFF, 0xFFFF, 0xFFFE, 0xDF7C, 0xCF3B,
    0xDF7D, 0x72CA, 0xE369, 0xD3AB, 0xD597, 0x8DB8, 0xB5B8, 0xF73C, 0xE6B9, 0xDE18, 0xD5F9, 0xD619,
    0xC5B9, 0xC599, 0xCDB8, 0xD5DA, 0x8BF1, 0xABCC, 0x6227, 0x1041, 0x20C2, 0x20E3, 0x20C3, 0x20C3,
    0x20C3, 0x20C3, 0x20C3, 0x4145, 0x28E3, 0x3924, 0x4964, 0x1883, 0x18E6, 0x2107, 0x318B, 0x2107,
    0x2107, 0x2928, 0x20E6, 0x28E3, 0x49A5, 0x30E3, 0x18A3, 0x3104, 0x3924, 0x3124, 0x3123, 0x3923,
    0x3924, 0x3104, 0x28E3, 0x28E3, 0x28E3, 0x1882, 0x18A2, 0x1882, 0x0041, 0x28A2, 0x69A3, 0x4943,
    0x1061, 0x1061, 0x1061, 0x20A2, 0x5164, 0x7A04, 0x9A85, 0x92A5, 0x9AE6, 0x7B2A, 0x02CD, 0x02B0,
    0x332D, 0xAC2C, 0x8C2D, 0x1B70, 0x0371, 0x1390, 0xA4AF, 0xDD0D, 0xDD2F, 0x49C6, 0x0821, 0x2105,
    0x20E6, 0x2926, 0x3965, 0x1965, 0x34F5, 0x2C32, 0x2453, 0x2494, 0x2474, 0x2453, 0x2453, 0x2453,
    0x2453, 0x2453, 0x1C33, 0x2D16, 0x3C53, 0x1C95, 0x3B8F, 0xCE58, 0xFFFF, 0xFFFF, 0xFFFF, 0xFFFF,
    0xC6DA, 0xD71C, 0xF7DF, 0xEED7, 0xEF59, 0xFFFF, 0xFFFE, 0xFFFE, 0xFFFF, 0xD75C, 0xCF1A, 0xF7FF,
    0x83AD, 0xA1A3, 0xE42C, 0xE46E, 0xCCF4, 0xADF9, 0x8D56, 0xE63A, 0xD619, 0xD5F9, 0xD5F9, 0xDDF8,
    0xD5D9, 0xBD99, 0xBD98, 0xD5DA, 0xACD5, 0x936B, 0xB3CC, 0x1882, 0x18A2, 0x20C2, 0x20C3, 0x20C3,
    0x20C3, 0x28C3, 0x20A3, 0x3924, 0x51A6, 0x2904, 0x3924, 0x4985, 0x1041, 0x2949, 0x2949, 0x2907,
    0x2948, 0x18C5, 0x28C3, 0x4985, 0x28C3, 0x20C3, 0x3124, 0x3104, 0x3104, 0x3104, 0x3124, 0x3124,
    0x3104, 0x28E3, 0x20E4, 0x20E3, 0x20C3, 0x18A2, 0x1883, 0x1061, 0x81E3, 0xEB86, 0xF346, 0xC225,
    0x7903, 0x1061, 0x1882, 0x0861, 0x0841, 0x0841, 0x28E5, 0x6AEC, 0xE6FB, 0x5BF1, 0x026D, 0x738C,
    0xB42B, 0x538D, 0x0330, 0x0351, 0x238F, 0xACCF, 0xE4EE, 0xE54F, 0x832A, 0x0020, 0x20E4, 0x20E6,
    0x3126, 0x5A27, 0x39A6, 0x0820, 0x338F, 0x2CD5, 0x2BF2, 0x2474, 0x2474, 0x2454, 0x2453, 0x2453,
    0x2453, 0x1C53, 0x1C33, 0x24B5, 0x3CB4, 0x2C33, 0x1CF6, 0x2B6F, 0xC638, 0xFFFF, 0xFFDE, 0xFFFF,
    0xF7DE, 0xFFFF, 0xF79C, 0xE6F7, 0xFFFF, 0xFFFE, 0xFFFE, 0xEFBD, 0xC71A, 0xD75C, 0xF7FF, 0x8C0F,
    0x9920, 0xC286, 0xECD0, 0xEC8E, 0xC471, 0xCE3A, 0x7515, 0xDE3A, 0xDE1A, 0xD5F9, 0xD5F9, 0xDDF8,
    0xD5F9, 0xC5B9, 0xBD79, 0xCDB9, 0xB557, 0x830B, 0xCCB0, 0x5184, 0x1061, 0x20C3, 0x20C3, 0x20C3,
    0x20E3, 0x20C3, 0x20C4, 0x20A3, 0x3924, 0x4165, 0x1882, 0x4145, 0x4164, 0x1062, 0x1086, 0x18C7,
    0x10A5, 0x20C2, 0x4985, 0x20A2, 0x20C3, 0x3924, 0x3124, 0x3104, 0x3104, 0x3104, 0x3104, 0x3104,
    0x2904, 0x20C4, 0x20C3, 0x20C3, 0x18A3, 0x18A3, 0x0841, 0xA265, 0xFC26, 0xDAE5, 0xA123, 0xA903,
    0xB963, 0x6903, 0x0882, 0x1081, 0x1061, 0x18C3, 0x2947, 0xAD76, 0xFFFF, 0x430D, 0x836A, 0x93AC,
    0x22CD, 0x0310, 0x0330, 0x3BAF, 0xBCCE, 0xDCED, 0xDD4F, 0xA3EB, 0x1062, 0x20C4, 0x18E6, 0x3125,
    0x51C6, 0x18A3, 0x1083, 0x0841, 0x1925, 0x3CD4, 0x2C33, 0x2C53, 0x2474, 0x2474, 0x2454, 0x2453,
    0x2453, 0x2453, 0x2453, 0x2454, 0x3536, 0x2BF2, 0x24B5, 0x1CB5, 0x2B4E, 0xBDD7, 0xFFFF, 0xFFDE,
    0xFFFF, 0xFFFF, 0xE719, 0xFFDD, 0xFFFF, 0xF7DE, 0xCF5C, 0xC73B, 0xF7DE, 0xE77D, 0x738C, 0x9961,
    0xB161, 0xC36B, 0xECF0, 0xECAF, 0xC42E, 0xDE1A, 0x7D35, 0xB5B8, 0xE63A, 0xD5F9, 0xD5F9, 0xD5F9,
    0xD619, 0xD5F9, 0xC578, 0xC599, 0xBD79, 0x7B0B, 0xCCAF, 0x8B0A, 0x1041, 0x18A3, 0x20C3, 0x20C3,
    0x20E4, 0x20C3, 0x20C3, 0x20C3, 0x20A3, 0x20C3, 0x20C3, 0x20A3, 0x4965, 0x3104, 0x7B6B, 0x93CA,
    0x3964, 0x3924, 0x28C2, 0x20E3, 0x3124, 0x3104, 0x3104, 0x3104, 0x3104, 0x3104, 0x3103, 0x3103,
    0x28E4, 0x20C4, 0x20C4, 0x20C3, 0x20A2, 0x0841, 0x71C3, 0xFBE6, 0xDAC5, 0xB103, 0x9923, 0x9123,
    0xB163, 0xA963, 0x2862, 0x1061, 0x0841, 0x2967, 0x39C8, 0xEF7D, 0xEF3D, 0x832A, 0x634B, 0x028D,
    0x02CF, 0x0B0F, 0x5BCF, 0xD4CE, 0xD4CD, 0xE52E, 0xAC2C, 0x18C3, 0x2105, 0x2106, 0x2905, 0x61E7,
    0x3126, 0x10A4, 0x18C4, 0x18C3, 0x0820, 0x2B0C, 0x3CD6, 0x23F2, 0x2474, 0x2474, 0x2474, 0x2474,
    0x2453, 0x2453, 0x2474, 0x1C33, 0x2D16, 0x3473, 0x2453, 0x2494, 0x2495, 0x1B4E, 0xB596, 0xFFFF,
    0xFFFF, 0xF77B, 0xF77B, 0xEFDE, 0xD73C, 0xC73B, 0xE7BD, 0xFFFF, 0xB67A, 0x434D, 0x9162, 0xB9E2,
    0xA182, 0xD40D, 0xECF0, 0xECD0, 0xD44E, 0xD597, 0xB5D9, 0x84F5, 0xE65A, 0xD5F9, 0xD5F9, 0xD5F9,
    0xD5F9, 0xDDF8, 0xCDB8, 0xBD78, 0xBD9A, 0x7B2C, 0xB42E, 0xBC2E, 0x3103, 0x1062, 0x20C3, 0x20C3,
    0x20C3, 0x20C3, 0x20C3, 0x20C3, 0x20C3, 0x20C3, 0x20C3, 0x20C4, 0x20A3, 0xB531, 0xBCCD, 0x8AE7,
    0xC4AD, 0x4984, 0x20C2, 0x3924, 0x2904, 0x2904, 0x3104, 0x3104, 0x3104, 0x3104, 0x28E3, 0x28E4,
    0x20C4, 0x20C4, 0x20C4, 0x20A3, 0x1062, 0x28A2, 0xEB85, 0xFB65, 0xB943, 0x78C2, 0x2061, 0x0841,
    0x58C3, 0xB964, 0x50C2, 0x0021, 0x1861, 0x3146, 0x6B4D, 0xFFFF, 0xC638, 0x328B, 0x02AE, 0x028D,
    0x2B0D, 0x942E, 0xDCCD, 0xCCAD, 0xDD0E, 0x9B8B, 0x18A2, 0x20E5, 0x2947, 0x2905, 0x51E7, 0x3967,
    0x2947, 0x2906, 0x20C5, 0x20E4, 0x1062, 0x10A2, 0x4472, 0x2C73, 0x2C12, 0x2494, 0x2474, 0x2474,
    0x2474, 0x2453, 0x2453, 0x1C53, 0x2494, 0x34F5, 0x2BF2, 0x2494, 0x2474, 0x1C95, 0x236F, 0xA554,
    0xF7BD, 0xE719, 0xD75C, 0xC71B, 0xE77D, 0xFFFF, 0xE71B, 0x6CD2, 0x0BCF, 0x7227, 0xB9C2, 0xA9C3,
    0xA9C3, 0xDC6F, 0xE4F0, 0xECF0, 0xE48F, 0xC4D3, 0xDE9C, 0x6C93, 0xC5D8, 0xDE1A, 0xD619, 0xD5F9,
    0xD5F9, 0xD5F8, 0xD5F8, 0xB578, 0xBDDA, 0x7B6E, 0xA3AC, 0xCCB0, 0x6A46, 0x1041, 0x20C3, 0x20C3,
    0x20C3, 0x20C3, 0x20C3, 0x20C3, 0x20C3, 0x20C3, 0x20C3, 0x1862, 0x4A07, 0xDDD1, 0x28A2, 0x0002,
    0x9349, 0x8B29, 0x28C3, 0x3124, 0x3104, 0x3104, 0x3104, 0x3104, 0x28E4, 0x28E3, 0x20C4, 0x20E4,
    0x20E4, 0x20E4, 0x20E4, 0x18A3, 0x0822, 0x69A3, 0xFBE6, 0xEAC5, 0x90E2, 0x1061, 0x0861, 0x0861,
    0x0840, 0x9123, 0x60C2, 0x3081, 0x9923, 0x88A1, 0x82CA, 0xFFFF, 0x9CF3, 0x020B, 0x0AAE, 0x4B4D,
    0xC4AE, 0xDCAC, 0xCCAD, 0xD4CE, 0x7AE9, 0x0841, 0x18E5, 0x3147, 0x20E6, 0x5A07, 0x51A7, 0x2107,
    0x3147, 0x3147, 0x2906, 0x20E5, 0x18A3, 0x0841, 0x2209, 0x3D16, 0x23D2, 0x2453, 0x2494, 0x2474,
    0x2474, 0x2453, 0x2453, 0x2454, 0x1C53, 0x2CF5, 0x2C11, 0x2474, 0x1C74, 0x1C53, 0x1C94, 0x1B8F
};
