#include "ai_avatar_data.h"

/* body.png - 160x120 */
const uint16_t avatar_body_body[19200] = {
    0xFFDE, 0xFFDE, 0xFFDE, 0xFFDE, 0xFFDE, 0xFFDE, 0xFFDE, 0xFFDE, 0xFFDE, 0xFFDE, 0xFFDE, 0xFFDE,
    0xFFDE, 0xFFDE, 0xFFDE, 0xFFDE, 0xFFDE, 0xFFDE, 0xFFDE, 0xFFDE, 0xFFDE, 0xFFDE, 0xFFDE, 0xFFDE,
    0xFFDE, 0xFFDE, 0xFFDE, 0xFFDE, 0xFFDE, 0xFFDE, 0xFFDE, 0xFFDE, 0xFFDE, 0xFFDE, 0xFFDE, 0xFFDE,
    0xFFDE, 0xFFDE, 0xFFDE, 0xFFDE, 0xFFDE, 0xFFDE, 0xFFDE, 0xFFDE, 0xFFDE, 0xFFDE, 0xFFDE, 0xFFDE,
    0xFFDE, 0xFFDE, 0xFFDE, 0xFFDE, 0xFFDE, 0xFFDE, 0xFFDE, 0xFFDE, 0xFFDE, 0xFFDE, 0xFFDE, 0xFFDE,
    0xFFDE, 0xFFDE, 0xFFDE, 0xB554, 0xB554, 0xC5F6, 0xC5F6, 0xC5F6, 0xC5F6, 0xC5F6, 0xC5F6, 0xB575,
    0xB575, 0xAD34, 0xAD34, 0xAD34, 0xAD34, 0xEF7C, 0xEF7C, 0xFFDE, 0xFFDE, 0xFFDE, 0xFFDE, 0xFFDE,
    0xFFDE, 0xFFDE, 0xFFDE, 0xFFDE, 0xFFDE, 0xFFDE, 0xFFDE, 0xFFDE, 0xFFDE, 0xFFDE, 0xFFDE, 0xFFDE,
    0xFFDE, 0xFFDE, 0xFFDE, 0xFFDE, 0xFFDE, 0xFFDE, 0xFFDE, 0xFFDE, 0xFFDE, 0xFFDE, 0xFFDE, 0xFFDE,
    0xFFDE, 0xFFDE, 0xFFDE, 0xFFDE, 0xFFDE, 0xFFDE, 0xFFDE, 0xFFDE, 0xFFDE, 0xFFDE, 0xFFDE, 0xFFDE,
    0xFFDE, 0xFFDE, 0xFFDE, 0xFFDE, 0xFFDE, 0xFFDE, 0xFFDE, 0xFFDE, 0xFFDE, 0xFFDE, 0xFFDE, 0xFFDE,
    0xFFDE, 0xFFDE, 0xFFDE, 0xFFDE, 0xFFDE, 0xFFDE, 0xFFDE, 0xFFDE, 0xFFDE, 0xFFDE, 0xFFDE, 0xFFDE,
    0xFFDE, 0xFFDE, 0xFFDE, 0xFFDE, 0xFFDE, 0xFFDE, 0xFFDE, 0xFFDE, 0xFFDE, 0xFFDE, 0xFFDE, 0xFFDE,
    0xFFDE, 0xFFDE, 0xFFDE, 0xFFDE, 0xFFDE, 0xFFDE, 0xFFDE, 0xFFDE, 0xFFDE, 0xFFDE, 0xFFDE, 0xFFDE,
    0xFFDE, 0xFFDE, 0xFFDE, 0xFFDE, 0xFFDE, 0xFFDE, 0xFFDE, 0xFFDE, 0xFFDE, 0xFFDE, 0xFFDE, 0xFFDE,
    0xFFDE, 0xFFDE, 0xFFDE, 0xFFDE, 0xFFDE, 0xFFDE, 0xFFDE, 0xFFDE, 0xFFDE, 0xFFDE, 0xFFDE, 0xFFDE,
    0xFFDE, 0xFFDE, 0xFFDE, 0xFFDE, 0xFFDE, 0xFFDE, 0xFFDE, 0xFFDE, 0xFFDE, 0xFFDE, 0xFFDE, 0xFFDE,
    0xFFDE, 0xFFDE, 0xFFDE, 0xFFDE, 0xFFDE, 0xFFDE, 0xFFDE, 0xFFDE, 0xFFDE, 0xFFDE, 0xFFDE, 0xFFDE,
    0xFFDE, 0xFFDE, 0xFFDE, 0xFFDE, 0xFFDE, 0xFFDE, 0xFFDE, 0xB554, 0xB554, 0xC5F6, 0xC5F6, 0xC5F6,
    0xC5F6, 0xC5F6, 0xC5F6, 0xB575, 0xB575, 0xAD34, 0xAD34, 0xAD34, 0xAD34, 0xEF7C, 0xEF7C, 0xFFDE,
    0xFFDE, 0xFFDE, 0xFFDE, 0xFFDE, 0xFFDE, 0xFFDE, 0xFFDE, 0xFFDE, 0xFFDE, 0xFFDE, 0xFFDE, 0xFFDE,
    0xFFDE, 0xFFDE, 0xFFDE, 0xFFDE, 0xFFDE, 0xFFDE, 0xFFDE, 0xFFDE, 0xFFDE, 0xFFDE, 0xFFDE, 0xFFDE,
    0xFFDE, 0xFFDE, 0xFFDE, 0xFFDE, 0xFFDE, 0xFFDE, 0xFFDE, 0xFFDE, 0xFFDE, 0xFFDE, 0xFFDE, 0xFFDE,
    0xFFDE, 0xFFDE, 0xFFDE, 0xFFDE, 0xFFDE, 0xFFDE, 0xFFDE, 0xFFDE, 0xFFDE, 0xFFDE, 0xFFDE, 0xFFDE,
    0xFFDE, 0xFFDE, 0xFFDE, 0xFFDE, 0xFFDE, 0xFFDE, 0xFFDE, 0xFFDE, 0xFFDE, 0xFFDE, 0xFFDE, 0xFFDE,
    0xFFDE, 0xFFDE, 0xFFDE, 0xFFDE, 0xFFDE, 0xFFDE, 0xFFDE, 0xFFDE, 0xFFDE, 0xFFDE, 0xFFDE, 0xFFDE,
    0xFFDE, 0xFFDE, 0xFFDE, 0xFFDE, 0xFFDE, 0xFFDE, 0xFFDE, 0xFFDE, 0xFFDE, 0xFFDE, 0xFFDE, 0xFFDE,
    0xFFDE, 0xFFDE, 0xFFDE, 0xFFDE, 0xFFDE, 0xFFDE, 0xFFDE, 0xFFDE, 0xFFDE, 0xFFDE, 0xFFDE, 0xFFDE,
    0xFFDE, 0xFFDE, 0xFFDE, 0xFFDE, 0xFFDE, 0xFFDE, 0xFFDE, 0xFFDE, 0xFFDE, 0xFFDE, 0xFFDE, 0xFFDE,
    0xFFDE, 0xFFDE, 0xFFDE, 0xFFDE, 0xFFDE, 0xFFDE, 0xFFDE, 0xFFDE, 0xFFDE, 0xFFDE, 0xFFDE, 0xFFDE,
    0xFFDE, 0xFFDE, 0xFFDE, 0xFFDE, 0xFFDE, 0xFFDE, 0xFFDE, 0xFFDE, 0xFFDE, 0xFFDE, 0xFFDE, 0xFFDE,
    0xFFDE, 0xFFDE, 0xFFDE, 0xFFDE, 0xFFDE, 0xFFDE, 0xFFDE, 0xFFDE, 0xFFDE, 0xBD95, 0xBD95, 0xB533,
    0xB533, 0x9C70, 0x9C70, 0x9C70, 0x9C70, 0x9C70, 0x9C70, 0x9C70, 0x9C70, 0x9C70, 0x9C70, 0x9CB1,
    0x9CB1, 0xB533, 0xB533, 0xBD95, 0xBD95, 0xFFDE, 0xFFDE, 0xFFDE, 0xFFDE, 0xFFDE, 0xFFDE, 0xFFDE,
    0xFFDE, 0xFFDE, 0xFFDE, 0xFFDE, 0xFFDE, 0xFFDE, 0xFFDE, 0xFFDE, 0xFFDE, 0xFFDE, 0xFFDE, 0xFFDE,
    0xFFDE, 0xFFDE, 0xFFDE, 0xFFDE, 0xFFDE, 0xFFDE, 0xFFDE, 0xFFDE, 0xFFDE, 0xFFDE, 0xFFDE, 0xFFDE,
    0xFFDE, 0xFFDE, 0xFFDE, 0xFFDE, 0xFFDE, 0xFFDE, 0xFFDE, 0xFFDE, 0xFFDE, 0xFFDE, 0xFFDE, 0xFFDE,
    0xFFDE, 0xFFDE, 0xFFDE, 0xFFDE, 0xFFDE, 0xFFDE, 0xFFDE, 0xFFDE, 0xFFDE, 0xFFDE, 0xFFDE, 0xFFDE,
    0xFFDE, 0xFFDE, 0xFFDE, 0xFFDE, 0xFFDE, 0xFFDE, 0xFFDE, 0xFFDE, 0xFFDE, 0xFFDE, 0xFFDE, 0xFFDE,
    0xFFDE, 0xFFDE, 0xFFDE, 0xFFDE, 0xFFDE, 0xFFDE, 0xFFDE, 0xFFDE, 0xFFDE, 0xFFDE, 0xFFDE, 0xFFDE,
    0xFFDE, 0xFFDE, 0xFFDE, 0xFFDE, 0xFFDE, 0xFFDE, 0xFFDE, 0xFFDE, 0xFFDE, 0xFFDE, 0xFFDE, 0xFFDE,
    0xFFDE, 0xFFDE, 0xFFDE, 0xFFDE, 0xFFDE, 0xFFDE, 0xFFDE, 0xFFDE, 0xFFDE, 0xFFDE, 0xFFDE, 0xFFDE,
    0xFFDE, 0xFFDE, 0xFFDE, 0xFFDE, 0xFFDE, 0xFFDE, 0xFFDE, 0xFFDE, 0xFFDE, 0xFFDE, 0xFFDE, 0xFFDE,
    0xFFDE, 0xFFDE, 0xFFDE, 0xFFDE, 0xFFDE, 0xFFDE, 0xFFDE, 0xFFDE, 0xFFDE, 0xFFDE, 0xFFDE, 0xFFDE,
    0xFFDE, 0xFFDE, 0xFFDE, 0xFFDE, 0xFFDE, 0xFFDE, 0xFFDE, 0xFFDE, 0xFFDE, 0xFFDE, 0xFFDE, 0xFFDE,
    0xFFDE, 0xBD95, 0xBD95, 0xB533, 0xB533, 0x9C70, 0x9C70, 0x9C70, 0x9C70, 0x9C70, 0x9C70, 0x9C70,
    0x9C70, 0x9C70, 0x9C70, 0x9CB1, 0x9CB1, 0xB533, 0xB533, 0xBD95, 0xBD95, 0xFFDE, 0xFFDE, 0xFFDE,
    0xFFDE, 0xFFDE, 0xFFDE, 0xFFDE, 0xFFDE, 0xFFDE, 0xFFDE, 0xFFDE, 0xFFDE, 0xFFDE, 0xFFDE, 0xFFDE,
    0xFFDE, 0xFFDE, 0xFFDE, 0xFFDE, 0xFFDE, 0xFFDE, 0xFFDE, 0xFFDE, 0xFFDE, 0xFFDE, 0xFFDE, 0xFFDE,
    0xFFDE, 0xFFDE, 0xFFDE, 0xFFDE, 0xFFDE, 0xFFDE, 0xFFDE, 0xFFDE, 0xFFDE, 0xFFDE, 0xFFDE, 0xFFDE,
    0xFFDE, 0xFFDE, 0xFFDE, 0xFFDE, 0xFFDE, 0xFFDE, 0xFFDE, 0xFFDE, 0xFFDE, 0xFFDE, 0xFFDE, 0xFFDE,
    0xFFDE, 0xFFDE, 0xFFDE, 0xFFDE, 0xFFDE, 0xFFDE, 0xFFDE, 0xFFDE, 0xFFDE, 0xFFDE, 0xFFDE, 0xFFDE,
    0xFFDE, 0xFFDE, 0xFFDE, 0xFFDE, 0xFFDE, 0xFFDE, 0xFFDE, 0xFFDE, 0xFFDE, 0xFFDE, 0xFFDE, 0xFFDE,
    0xFFDE, 0xFFDE, 0xFFDE, 0xFFDE, 0xFFDE, 0xFFDE, 0xFFDE, 0xFFDE, 0xFFDE, 0xFFDE, 0xFFDE, 0xFFDE,
    0xFFDE, 0xFFDE, 0xFFDE, 0xFFDE, 0xFFDE, 0xFFDE, 0xFFDE, 0xFFDE, 0xFFDE, 0xFFDE, 0xFFDE, 0xFFDE,
    0xFFDE, 0xFFDE, 0xFFDE, 0xFFDE, 0xFFDE, 0xFFDE, 0xFFDE, 0xFFDE, 0xFFDE, 0xFFDE, 0xFFDE, 0xFFDE,
    0xFFDE, 0xFFDE, 0xFFDE, 0xFFDE, 0xFFDE, 0xFFDE, 0xFFDE, 0xFFDE, 0xFFDE, 0xFFDE, 0xFFDE, 0xFFDE,
    0xFFDE, 0xFFDE, 0xFFDE, 0xFFDE, 0xFFDE, 0xFFDE, 0xFFDE, 0xFFDE, 0xFFDE, 0xFFDE, 0xFFDE, 0xFFDE,
    0xFFDE, 0xFFDE, 0xFFDE, 0xFFDE, 0xFFDE, 0xB533, 0xB533, 0x9C70, 0x9C70, 0x9C70, 0x9C70, 0x9C70,
    0x9C70, 0x9C2F, 0x9C2F, 0x9BEF, 0x9BEF, 0xA42F, 0xA42F, 0xA42F, 0xA42F, 0xA470, 0xA470, 0xA470,
    0xA470, 0xBD95, 0xBD95, 0xBD95, 0xBD95, 0xFFDE, 0xFFDE, 0xFFDE, 0xFFDE, 0xFFDE, 0xFFDE, 0xFFDE,
    0xFFDE, 0xFFDE, 0xFFDE, 0xFFDE, 0xFFDE, 0xFFDE, 0xFFDE, 0xFFDE, 0xFFDE, 0xFFDE, 0xFFDE, 0xFFDE,
    0xFFDE, 0xFFDE, 0xFFDE, 0xFFDE, 0xFFDE, 0xFFDE, 0xFFDE, 0xFFDE, 0xFFDE, 0xFFDE, 0xFFDE, 0xFFDE,
    0xFFDE, 0xFFDE, 0xFFDE, 0xFFDE, 0xFFDE, 0xFFDE, 0xFFDE, 0xFFDE, 0xFFDE, 0xFFDE, 0xFFDE, 0xFFDE,
    0xFFDE, 0xFFDE, 0xFFDE, 0xFFDE, 0xFFDE, 0xFFDE, 0xFFDE, 0xFFDE, 0xFFDE, 0xFFDE, 0xFFDE, 0xFFDE,
    0xFFDE, 0xFFDE, 0xFFDE, 0xFFDE, 0xFFDE, 0xFFDE, 0xFFDE, 0xFFDE, 0xFFDE, 0xFFDE, 0xFFDE, 0xFFDE,
    0xFFDE, 0xFFDE, 0xFFDE, 0xFFDE, 0xFFDE, 0xFFDE, 0xFFDE, 0xFFDE, 0xFFDE, 0xFFDE, 0xFFDE, 0xFFDE,
    0xFFDE, 0xFFDE, 0xFFDE, 0xFFDE, 0xFFDE, 0xFFDE, 0xFFDE, 0xFFDE, 0xFFDE, 0xFFDE, 0xFFDE, 0xFFDE,
    0xFFDE, 0xFFDE, 0xFFDE, 0xFFDE, 0xFFDE, 0xFFDE, 0xFFDE, 0xFFDE, 0xFFDE, 0xFFDE, 0xFFDE, 0xFFDE,
    0xFFDE, 0xFFDE, 0xFFDE, 0xFFDE, 0xFFDE, 0xFFDE, 0xFFDE, 0xFFDE, 0xFFDE, 0xFFDE, 0xFFDE, 0xFFDE,
    0xFFDE, 0xFFDE, 0xFFDE, 0xFFDE, 0xFFDE, 0xFFDE, 0xFFDE, 0xFFDE, 0xFFDE, 0xFFDE, 0xFFDE, 0xFFDE,
    0xFFDE, 0xFFDE, 0xFFDE, 0xFFDE, 0xFFDE, 0xFFDE, 0xFFDE, 0xFFDE, 0xFFDE, 0xB533, 0xB533, 0x9C70,
    0x9C70, 0x9C70, 0x9C70, 0x9C70, 0x9C70, 0x9C2F, 0x9C2F, 0x9BEF, 0x9BEF, 0xA42F, 0xA42F, 0xA42F,
    0xA42F, 0xA470, 0xA470, 0xA470, 0xA470, 0xBD95, 0xBD95, 0xBD95, 0xBD95, 0xFFDE, 0xFFDE, 0xFFDE,
    0xFFDE, 0xFFDE, 0xFFDE, 0xFFDE, 0xFFDE, 0xFFDE, 0xFFDE, 0xFFDE, 0xFFDE, 0xFFDE, 0xFFDE, 0xFFDE,
    0xFFDE, 0xFFDE, 0xFFDE, 0xFFDE, 0xFFDE, 0xFFDE, 0xFFDE, 0xFFDE, 0xFFDE, 0xFFDE, 0xFFDE, 0xFFDE,
    0xFFDE, 0xFFDE, 0xFFDE, 0xFFDE, 0xFFDE, 0xFFDE, 0xFFDE, 0xFFDE, 0xFFDE, 0xFFDE, 0xFFDE, 0xFFDE,
    0xFFDE, 0xFFDE, 0xFFDE, 0xFFDE, 0xFFDE, 0xFFDE, 0xFFDE, 0xFFDE, 0xFFDE, 0xFFDE, 0xFFDE, 0xFFDE,
    0xFFDE, 0xFFDE, 0xFFDE, 0xFFDE, 0xFFDE, 0xFFDE, 0xFFDE, 0xFFDE, 0xFFDE, 0xFFDE, 0xFFDE, 0xFFDE,
    0xFFDE, 0xFFDE, 0xFFDE, 0xFFDE, 0xFFDE, 0xFFDE, 0xFFDE, 0xFFDE, 0xFFDE, 0xFFDE, 0xFFDE, 0xFFDE,
    0xFFDE, 0xFFDE, 0xFFDE, 0xFFDE, 0xFFDE, 0xFFDE, 0xFFDE, 0xFFDE, 0xFFDE, 0xFFDE, 0xFFDE, 0xFFDE,
    0xFFDE, 0xFFDE, 0xFFDE, 0xFFDE, 0xFFDE, 0xFFDE, 0xFFDE, 0xFFDE, 0xFFDE, 0xFFDE, 0xFFDE, 0xFFDE,
    0xFFDE, 0xFFDE, 0xFFDE, 0xFFDE, 0xFFDE, 0xFFDE, 0xFFDE, 0xFFDE, 0xFFDE, 0xFFDE, 0xFFDE, 0xFFDE,
    0xFFDE, 0xFFDE, 0xFFDE, 0xFFDE, 0xFFDE, 0xFFDE, 0xFFDE, 0xFFDE, 0xFFDE, 0xFFDE, 0xFFDE, 0xFFDE,
    0xFFDE, 0xFFDE, 0xFFDE, 0xFFDE, 0xFFDE, 0xFFDE, 0xFFDE, 0xFFDE, 0xFFDE, 0xFFDE, 0xFFDE, 0xD658,
    0xD658, 0xA4B1, 0xA4B1, 0x9C70, 0x9C70, 0xA42F, 0xA42F, 0xA42F, 0xA42F, 0x9BEE, 0x9BEE, 0x9BEE,
    0x9BEE, 0x9BEE, 0x9BEE, 0xA42F, 0xA42F, 0xA470, 0xA470, 0xA470, 0xA470, 0xB4B1, 0xB4B1, 0xB4F2,
    0xB4F2, 0xCDD6, 0xCDD6, 0xD658, 0xD658, 0xFFDE, 0xFFDE, 0xFFDE, 0xFFDE, 0xFFDE, 0xFFDE, 0xFFDE,
    0xFFDE, 0xFFDE, 0xFFDE, 0xFFDE, 0xFFDE, 0xFFDE, 0xFFDE, 0xFFDE, 0xFFDE, 0xFFDE, 0xFFDE, 0xFFDE,
    0xFFDE, 0xFFDE, 0xFFDE, 0xFFDE, 0xFFDE, 0xFFDE, 0xFFDE, 0xFFDE, 0xFFDE, 0xFFDE, 0xFFDE, 0xFFDE,
    0xFFDE, 0xFFDE, 0xFFDE, 0xFFDE, 0xFFDE, 0xFFDE, 0xFFDE, 0xFFDE, 0xFFDE, 0xFFDE, 0xFFDE, 0xFFDE,
    0xFFDE, 0xFFDE, 0xFFDE, 0xFFDE, 0xFFDE, 0xFFDE, 0xFFDE, 0xFFDE, 0xFFDE, 0xFFDE, 0xFFDE, 0xFFDE,
    0xFFDE, 0xFFDE, 0xFFDE, 0xFFDE, 0xFFDE, 0xFFDE, 0xFFDE, 0xFFDE, 0xFFDE, 0xFFDE, 0xFFDE, 0xFFDE,
    0xFFDE, 0xFFDE, 0xFFDE, 0xFFDE, 0xFFDE, 0xFFDE, 0xFFDE, 0xFFDE, 0xFFDE, 0xFFDE, 0xFFDE, 0xFFDE,
    0xFFDE, 0xFFDE, 0xFFDE, 0xFFDE, 0xFFDE, 0xFFDE, 0xFFDE, 0xFFDE, 0xFFDE, 0xFFDE, 0xFFDE, 0xFFDE,
    0xFFDE, 0xFFDE, 0xFFDE, 0xFFDE, 0xFFDE, 0xFFDE, 0xFFDE, 0xFFDE, 0xFFDE, 0xFFDE, 0xFFDE, 0xFFDE,
    0xFFDE, 0xFFDE, 0xFFDE, 0xFFDE, 0xFFDE, 0xFFDE, 0xFFDE, 0xFFDE, 0xFFDE, 0xFFDE, 0xFFDE, 0xFFDE,
    0xFFDE, 0xFFDE, 0xFFDE, 0xFFDE, 0xFFDE, 0xFFDE, 0xFFDE, 0xFFDE, 0xFFDE, 0xFFDE, 0xFFDE, 0xFFDE,
    0xFFDE, 0xFFDE, 0xFFDE, 0xD658, 0xD658, 0xA4B1, 0xA4B1, 0x9C70, 0x9C70, 0xA42F, 0xA42F, 0xA42F,
    0xA42F, 0x9BEE, 0x9BEE, 0x9BEE, 0x9BEE, 0x9BEE, 0x9BEE, 0xA42F, 0xA42F, 0xA470, 0xA470, 0xA470,
    0xA470, 0xB4B1, 0xB4B1, 0xB4F2, 0xB4F2, 0xCDD6, 0xCDD6, 0xD658, 0xD658, 0xFFDE, 0xFFDE, 0xFFDE,
    0xFFDE, 0xFFDE, 0xFFDE, 0xFFDE, 0xFFDE, 0xFFDE, 0xFFDE, 0xFFDE, 0xFFDE, 0xFFDE, 0xFFDE, 0xFFDE,
    0xFFDE, 0xFFDE, 0xFFDE, 0xFFDE, 0xFFDE, 0xFFDE, 0xFFDE, 0xFFDE, 0xFFDE, 0xFFDE, 0xFFDE, 0xFFDE,
    0xFFDE, 0xFFDE, 0xFFDE, 0xFFDE, 0xFFDE, 0xFFDE, 0xFFDE, 0xFFDE, 0xFFDE, 0xFFDE, 0xFFDE, 0xFFDE,
    0xFFDE, 0xFFDE, 0xFFDE, 0xFFDE, 0xFFDE, 0xFFDE, 0xFFDE, 0xFFDE, 0xFFDE, 0xFFDE, 0xFFDE, 0xFFDE,
    0xFFDE, 0xFFDE, 0xFFDE, 0xFFDE, 0xFFDE, 0xFFDE, 0xFFDE, 0xFFDE, 0xFFDE, 0xFFDE, 0xFFDE, 0xFFDE,
    0xFFDE, 0xFFDE, 0xFFDE, 0xFFDE, 0xFFDE, 0xFFDE, 0xFFDE, 0xFFDE, 0xFFDE, 0xFFDE, 0xFFDE, 0xFFDE,
    0xFFDE, 0xFFDE, 0xFFDE, 0xFFDE, 0xFFDE, 0xFFDE, 0xFFDE, 0xFFDE, 0xFFDE, 0xFFDE, 0xFFDE, 0xFFDE,
    0xFFDE, 0xFFDE, 0xFFDE, 0xFFDE, 0xFFDE, 0xFFDE, 0xFFDE, 0xFFDE, 0xFFDE, 0xFFDE, 0xFFDE, 0xFFDE,
    0xFFDE, 0xFFDE, 0xFFDE, 0xFFDE, 0xFFDE, 0xFFDE, 0xFFDE, 0xFFDE, 0xFFDE, 0xFFDE, 0xFFDE, 0xFFDE,
    0xFFDE, 0xFFDE, 0xFFDE, 0xFFDE, 0xFFDE, 0xFFDE, 0xFFDE, 0xFFDE, 0xFFDE, 0xFFDE, 0xFFDE, 0xFFDE,
    0xFFDE, 0xFFDE, 0xFFDE, 0xFFDE, 0xFFDE, 0xFFDE, 0xFFDE, 0xCE17, 0xCE17, 0xA4B1, 0xA4B1, 0x9C70,
    0x9C70, 0xA42F, 0xA42F, 0xA42F, 0xA42F, 0x9BEE, 0x9BEE, 0x9BEE, 0x9BEE, 0x9BEE, 0x9BEE, 0xA42F,
    0xA42F, 0xA470, 0xA470, 0xA470, 0xA470, 0xB4B1, 0xB4B1, 0xB4B1, 0xB4B1, 0xB4F2, 0xB4F2, 0xC5B6,
    0xC5B6, 0xFFDE, 0xFFDE, 0xFFDE, 0xFFDE, 0xFFDE, 0xFFDE, 0xFFDE, 0xFFDE, 0xFFDE, 0xFFDE, 0xFFDE,
    0xFFDE, 0xFFDE, 0xFFDE, 0xFFDE, 0xFFDE, 0xFFDE, 0xFFDE, 0x9491, 0x9491, 0x734C, 0x734C, 0x6B2C,
    0x6B2C, 0x3985, 0x3985, 0xFFDE, 0xFFDE, 0xFFDE, 0xFFDE, 0xFFDE, 0xFFDE, 0xFFDE, 0xFFDE, 0xFFDE,
    0xFFDE, 0xFFDE, 0xFFDE, 0xFFDE, 0xFFDE, 0xFFDE, 0xFFDE, 0xFFDE, 0xFFDE, 0xFFDE, 0xFFDE, 0xFFDE,
    0xFFDE, 0xFFDE, 0xFFDE, 0xFFDE, 0xFFDE, 0xFFDE, 0xFFDE, 0xFFDE, 0xFFDE, 0xFFDE, 0xFFDE, 0xFFDE,
    0xFFDE, 0xFFDE, 0xFFDE, 0xFFDE, 0xFFDE, 0xFFDE, 0xFFDE, 0xFFDE, 0xFFDE, 0xFFDE, 0xFFDE, 0xFFDE,
    0xFFDE, 0xFFDE, 0xFFDE, 0xFFDE, 0xFFDE, 0xFFDE, 0xFFDE, 0xFFDE, 0xFFDE, 0xFFDE, 0xFFDE, 0xFFDE,
    0xFFDE, 0xFFDE, 0xFFDE, 0xFFDE, 0xFFDE, 0xFFDE, 0xFFDE, 0xFFDE, 0xFFDE, 0xFFDE, 0xFFDE, 0xFFDE,
    0xFFDE, 0xFFDE, 0xFFDE, 0xFFDE, 0xFFDE, 0xFFDE, 0xFFDE, 0xFFDE, 0xFFDE, 0xFFDE, 0xFFDE, 0xFFDE,
    0xFFDE, 0xFFDE, 0xFFDE, 0xFFDE, 0xFFDE, 0xFFDE, 0xFFDE, 0xFFDE, 0xFFDE, 0xFFDE, 0xFFDE, 0xFFDE,
    0xFFDE, 0xFFDE, 0xFFDE, 0xFFDE, 0xFFDE, 0xFFDE, 0xFFDE, 0xFFDE, 0xFFDE, 0xFFDE, 0xFFDE, 0xCE17,
    0xCE17, 0xA4B1, 0xA4B1, 0x9C70, 0x9C70, 0xA42F, 0xA42F, 0xA42F, 0xA42F, 0x9BEE, 0x9BEE, 0x9BEE,
    0x9BEE, 0x9BEE, 0x9BEE, 0xA42F, 0xA42F, 0xA470, 0xA470, 0xA470, 0xA470, 0xB4B1, 0xB4B1, 0xB4B1,
    0xB4B1, 0xB4F2, 0xB4F2, 0xC5B6, 0xC5B6, 0xFFDE, 0xFFDE, 0xFFDE, 0xFFDE, 0xFFDE, 0xFFDE, 0xFFDE,
    0xFFDE, 0xFFDE, 0xFFDE, 0xFFDE, 0xFFDE, 0xFFDE, 0xFFDE, 0xFFDE, 0xFFDE, 0xFFDE, 0xFFDE, 0x9491,
    0x9491, 0x734C, 0x734C, 0x6B2C, 0x6B2C, 0x3985, 0x3985, 0xFFDE, 0xFFDE, 0xFFDE, 0xFFDE, 0xFFDE,
    0xFFDE, 0xFFDE, 0xFFDE, 0xFFDE, 0xFFDE, 0xFFDE, 0xFFDE, 0xFFDE, 0xFFDE, 0xFFDE, 0xFFDE, 0xFFDE,
    0xFFDE, 0xFFDE, 0xFFDE, 0xFFDE, 0xFFDE, 0xFFDE, 0xFFDE, 0xFFDE, 0xFFDE, 0xFFDE, 0xFFDE, 0xFFDE,
    0xFFDE, 0xFFDE, 0xFFDE, 0xFFDE, 0xFFDE, 0xFFDE, 0xFFDE, 0xFFDE, 0xFFDE, 0xFFDE, 0xFFDE, 0xFFDE,
    0xFFDE, 0xFFDE, 0xFFDE, 0xFFDE, 0xFFDE, 0xFFDE, 0xFFDE, 0xFFDE, 0xFFDE, 0xFFDE, 0xFFDE, 0xFFDE,
    0xFFDE, 0xFFDE, 0xFFDE, 0xFFDE, 0xFFDE, 0xFFDE, 0xFFDE, 0xFFDE, 0xFFDE, 0xFFDE, 0xFFDE, 0xFFDE,
    0xFFDE, 0xFFDE, 0xFFDE, 0xFFDE, 0xFFDE, 0xFFDE, 0xFFDE, 0xFFDE, 0xFFDE, 0xFFDE, 0xFFDE, 0xFFDE,
    0xFFDE, 0xFFDE, 0xFFDE, 0xFFDE, 0xFFDE, 0xFFDE, 0xFFDE, 0xFFDE, 0xFFDE, 0xFFDE, 0xFFDE, 0xCE58,
    0xCE58, 0x7BAD, 0x7BAD, 0x736D, 0x736D, 0x7BAE, 0x7BAE, 0xFFDE, 0xFFDE, 0xFFDE, 0xFFDE, 0xFFDE,
    0xFFDE, 0xBDB6, 0xBDB6, 0xB554, 0xB554, 0xA491, 0xA491, 0xA470, 0xA470, 0xA42F, 0xA42F, 0xA42F,
    0xA42F, 0x9BEF, 0x9BEF, 0x9BEE, 0x9BEE, 0x9BEE, 0x9BEE, 0xA42F, 0xA42F, 0xA470, 0xA470, 0xA470,
    0xA470, 0xB490, 0xB490, 0xB4B1, 0xB4B1, 0xBCF1, 0xBCF1, 0xBCF2, 0xBCF2, 0xC574, 0xC574, 0xDEB9,
    0xDEB9, 0xFFDE, 0xFFDE, 0xFFDE, 0xFFDE, 0xFFDE, 0xFFDE, 0xFFDE, 0xFFDE, 0xFFDE, 0xFFDE, 0xA4F3,
    0xA4F3, 0x83EF, 0x83EF, 0x83EF, 0x83EF, 0x7BAE, 0x7BAE, 0x736D, 0x736D, 0x39A6, 0x39A6, 0xFFDE,
    0xFFDE, 0xFFDE, 0xFFDE, 0xFFDE, 0xFFDE, 0xFFDE, 0xFFDE, 0xFFDE, 0xFFDE, 0xFFDE, 0xFFDE, 0xFFDE,
    0xFFDE, 0xFFDE, 0xFFDE, 0xFFDE, 0xFFDE, 0xFFDE, 0xFFDE, 0xFFDE, 0xFFDE, 0xFFDE, 0xFFDE, 0xFFDE,
    0xFFDE, 0xFFDE, 0xFFDE, 0xFFDE, 0xFFDE, 0xFFDE, 0xFFDE, 0xFFDE, 0xFFDE, 0xFFDE, 0xFFDE, 0xFFDE,
    0xFFDE, 0xFFDE, 0xFFDE, 0xFFDE, 0xFFDE, 0xFFDE, 0xFFDE, 0xFFDE, 0xFFDE, 0xFFDE, 0xFFDE, 0xFFDE,
    0xFFDE, 0xFFDE, 0xFFDE, 0xFFDE, 0xFFDE, 0xFFDE, 0xFFDE, 0xFFDE, 0xFFDE, 0xFFDE, 0xFFDE, 0xFFDE,
    0xFFDE, 0xFFDE, 0xFFDE, 0xFFDE, 0xFFDE, 0xFFDE, 0xFFDE, 0xFFDE, 0xFFDE, 0xFFDE, 0xFFDE, 0xFFDE,
    0xFFDE, 0xFFDE, 0xFFDE, 0xFFDE, 0xFFDE, 0xFFDE, 0xFFDE, 0xFFDE, 0xFFDE, 0xFFDE, 0xFFDE, 0xFFDE,
    0xFFDE, 0xFFDE, 0xFFDE, 0xCE58, 0xCE58, 0x7BAD, 0x7BAD, 0x736D, 0x736D, 0x7BAE, 0x7BAE, 0xFFDE,
    0xFFDE, 0xFFDE, 0xFFDE, 0xFFDE, 0xFFDE, 0xBDB6, 0xBDB6, 0xB554, 0xB554, 0xA491, 0xA491, 0xA470,
    0xA470, 0xA42F, 0xA42F, 0xA42F, 0xA42F, 0x9BEF, 0x9BEF, 0x9BEE, 0x9BEE, 0x9BEE, 0x9BEE, 0xA42F,
    0xA42F, 0xA470, 0xA470, 0xA470, 0xA470, 0xB490, 0xB490, 0xB4B1, 0xB4B1, 0xBCF1, 0xBCF1, 0xBCF2,
    0xBCF2, 0xC574, 0xC574, 0xDEB9, 0xDEB9, 0xFFDE, 0xFFDE, 0xFFDE, 0xFFDE, 0xFFDE, 0xFFDE, 0xFFDE,
    0xFFDE, 0xFFDE, 0xFFDE, 0xA4F3, 0xA4F3, 0x83EF, 0x83EF, 0x83EF, 0x83EF, 0x7BAE, 0x7BAE, 0x736D,
    0x736D, 0x39A6, 0x39A6, 0xFFDE, 0xFFDE, 0xFFDE, 0xFFDE, 0xFFDE, 0xFFDE, 0xFFDE, 0xFFDE, 0xFFDE,
    0xFFDE, 0xFFDE, 0xFFDE, 0xFFDE, 0xFFDE, 0xFFDE, 0xFFDE, 0xFFDE, 0xFFDE, 0xFFDE, 0xFFDE, 0xFFDE,
    0xFFDE, 0xFFDE, 0xFFDE, 0xFFDE, 0xFFDE, 0xFFDE, 0xFFDE, 0xFFDE, 0xFFDE, 0xFFDE, 0xFFDE, 0xFFDE,
    0xFFDE, 0xFFDE, 0xFFDE, 0xFFDE, 0xFFDE, 0xFFDE, 0xFFDE, 0xFFDE, 0xFFDE, 0xFFDE, 0xFFDE, 0xFFDE,
    0xFFDE, 0xFFDE, 0xFFDE, 0xFFDE, 0xFFDE, 0xFFDE, 0xFFDE, 0xFFDE, 0xFFDE, 0xFFDE, 0xFFDE, 0xFFDE,
    0xFFDE, 0xFFDE, 0xFFDE, 0xFFDE, 0xFFDE, 0xFFDE, 0xFFDE, 0xFFDE, 0xFFDE, 0xFFDE, 0xFFDE, 0xFFDE,
    0xFFDE, 0xFFDE, 0xFFDE, 0xFFDE, 0xFFDE, 0xFFDE, 0xFFDE, 0xFFDE, 0xFFDE, 0xFFDE, 0xFFDE, 0xFFDE,
    0xFFDE, 0xFFDE, 0xFFDE, 0xFFDE, 0xFFDE, 0xFFDE, 0xFFDE, 0x83EF, 0x83EF, 0x83EF, 0x83EF, 0x83EF,
    0x83EF, 0x83EF, 0x83EF, 0x83EE, 0x83EE, 0xE6FA, 0xE6FA, 0xBD95, 0xBD95, 0xB554, 0xB554, 0xA491,
    0xA491, 0xA470, 0xA470, 0xA470, 0xA470, 0xA42F, 0xA42F, 0xA42F, 0xA42F, 0x9BEE, 0x9BEE, 0x9BEE,
    0x9BEE, 0x9BEE, 0x9BEE, 0xA42F, 0xA42F, 0xA470, 0xA470, 0xB490, 0xB490, 0xB490, 0xB490, 0xB4B1,
    0xB4B1, 0xBCF1, 0xBCF1, 0xBCF1, 0xBCF1, 0xBCF2, 0xBCF2, 0xBD13, 0xBD13, 0xB533, 0xB533, 0xFFDE,
    0xFFDE, 0xFFDE, 0xFFDE, 0xFFDE, 0xFFDE, 0xD658, 0xD658, 0x9450, 0x9450, 0x9450, 0x9450, 0x9450,
    0x9450, 0x9450, 0x9450, 0x8C2F, 0x8C2F, 0x7B8D, 0x7B8D, 0xFFDE, 0xFFDE, 0xFFDE, 0xFFDE, 0xFFDE,
    0xFFDE, 0xFFDE, 0xFFDE, 0xFFDE, 0xFFDE, 0xFFDE, 0xFFDE, 0xFFDE, 0xFFDE, 0xFFDE, 0xFFDE, 0xFFDE,
    0xFFDE, 0xFFDE, 0xFFDE, 0xFFDE, 0xFFDE, 0xFFDE, 0xFFDE, 0xFFDE, 0xFFDE, 0xFFDE, 0xFFDE, 0xFFDE,
    0xFFDE, 0xFFDE, 0xFFDE, 0xFFDE, 0xFFDE, 0xFFDE, 0xFFDE, 0xFFDE, 0xFFDE, 0xFFDE, 0xFFDE, 0xFFDE,
    0xFFDE, 0xFFDE, 0xFFDE, 0xFFDE, 0xFFDE, 0xFFDE, 0xFFDE, 0xFFDE, 0xFFDE, 0xFFDE, 0xFFDE, 0xFFDE,
    0xFFDE, 0xFFDE, 0xFFDE, 0xFFDE, 0xFFDE, 0xFFDE, 0xFFDE, 0xFFDE, 0xFFDE, 0xFFDE, 0xFFDE, 0xFFDE,
    0xFFDE, 0xFFDE, 0xFFDE, 0xFFDE, 0xFFDE, 0xFFDE, 0xFFDE, 0xFFDE, 0xFFDE, 0xFFDE, 0xFFDE, 0xFFDE,
    0xFFDE, 0xFFDE, 0xFFDE, 0xFFDE, 0xFFDE, 0xFFDE, 0xFFDE, 0xFFDE, 0xFFDE, 0xFFDE, 0xFFDE, 0x83EF,
    0x83EF, 0x83EF, 0x83EF, 0x83EF, 0x83EF, 0x83EF, 0x83EF, 0x83EE, 0x83EE, 0xE6FA, 0xE6FA, 0xBD95,
    0xBD95, 0xB554, 0xB554, 0xA491, 0xA491, 0xA470, 0xA470, 0xA470, 0xA470, 0xA42F, 0xA42F, 0xA42F,
    0xA42F, 0x9BEE, 0x9BEE, 0x9BEE, 0x9BEE, 0x9BEE, 0x9BEE, 0xA42F, 0xA42F, 0xA470, 0xA470, 0xB490,
    0xB490, 0xB490, 0xB490, 0xB4B1, 0xB4B1, 0xBCF1, 0xBCF1, 0xBCF1, 0xBCF1, 0xBCF2, 0xBCF2, 0xBD13,
    0xBD13, 0xB533, 0xB533, 0xFFDE, 0xFFDE, 0xFFDE, 0xFFDE, 0xFFDE, 0xFFDE, 0xD658, 0xD658, 0x9450,
    0x9450, 0x9450, 0x9450, 0x9450, 0x9450, 0x9450, 0x9450, 0x8C2F, 0x8C2F, 0x7B8D, 0x7B8D, 0xFFDE,
    0xFFDE, 0xFFDE, 0xFFDE, 0xFFDE, 0xFFDE, 0xFFDE, 0xFFDE, 0xFFDE, 0xFFDE, 0xFFDE, 0xFFDE, 0xFFDE,
    0xFFDE, 0xFFDE, 0xFFDE, 0xFFDE, 0xFFDE, 0xFFDE, 0xFFDE, 0xFFDE, 0xFFDE, 0xFFDE, 0xFFDE, 0xFFDE,
    0xFFDE, 0xFFDE, 0xFFDE, 0xFFDE, 0xFFDE, 0xFFDE, 0xFFDE, 0xFFDE, 0xFFDE, 0xFFDE, 0xFFDE, 0xFFDE,
    0xFFDE, 0xFFDE, 0xFFDE, 0xFFDE, 0xFFDE, 0xFFDE, 0xFFDE, 0xFFDE, 0xFFDE, 0xFFDE, 0xFFDE, 0xFFDE,
    0xFFDE, 0xFFDE, 0xFFDE, 0xFFDE, 0xFFDE, 0xFFDE, 0xFFDE, 0xFFDE, 0xFFDE, 0xFFDE, 0xFFDE, 0xFFDE,
    0xFFDE, 0xFFDE, 0xFFDE, 0xFFDE, 0xFFDE, 0xFFDE, 0xFFDE, 0xFFDE, 0xFFDE, 0xFFDE, 0xFFDE, 0xFFDE,
    0xFFDE, 0xFFDE, 0xFFDE, 0xFFDE, 0xFFDE, 0xFFDE, 0xFFDE, 0xFFDE, 0xFFDE, 0xFFDE, 0xFFDE, 0xFFDE,
    0xFFDE, 0xFFDE, 0xFFDE, 0xDEDA, 0xDEDA, 0x83EF, 0x83EF, 0x83EF, 0x83EF, 0x83EF, 0x83EF, 0x8C0F,
    0x8C0F, 0xBD95, 0xBD95, 0x9CB1, 0x9CB1, 0x9CB1, 0x9CB1, 0xA491, 0xA491, 0xA470, 0xA470, 0xA42F,
    0xA42F, 0xA42F, 0xA42F, 0x9BEE, 0x9BEE, 0x9BEE, 0x9BEE, 0x9BEE, 0x9BEE, 0x9BEE, 0x9BEE, 0xA42F,
    0xA42F, 0xA42F, 0xA42F, 0xA470, 0xA470, 0xB490, 0xB490, 0xB4B1, 0xB4B1, 0xB4B1, 0xB4B1, 0xBCF1,
    0xBCF1, 0xBCF1, 0xBCF1, 0xBCF2, 0xBCF2, 0xB533, 0xB533, 0xBD95, 0xBD95, 0xFFDE, 0xFFDE, 0xF7BE,
    0xF7BE, 0xA513, 0xA513, 0x9450, 0x9450, 0x9C91, 0x9C91, 0x9471, 0x9471, 0x9450, 0x9450, 0x8C30,
    0x8C30, 0x62CA, 0x62CA, 0xFFDE, 0xFFDE, 0xFFDE, 0xFFDE, 0xFFDE, 0xFFDE, 0xFFDE, 0xFFDE, 0xFFDE,
    0xFFDE, 0xFFDE, 0xFFDE, 0xFFDE, 0xFFDE, 0xFFDE, 0xFFDE, 0xFFDE, 0xFFDE, 0xFFDE, 0xFFDE, 0xFFDE,
    0xFFDE, 0xFFDE, 0xFFDE, 0xFFDE, 0xFFDE, 0xFFDE, 0xFFDE, 0xFFDE, 0xFFDE, 0xFFDE, 0xFFDE, 0xFFDE,
    0xFFDE, 0xFFDE, 0xFFDE, 0xFFDE, 0xFFDE, 0xFFDE, 0xFFDE, 0xFFDE, 0xFFDE, 0xFFDE, 0xFFDE, 0xFFDE,
    0xFFDE, 0xFFDE, 0xFFDE, 0xFFDE, 0xFFDE, 0xFFDE, 0xFFDE, 0xFFDE, 0xFFDE, 0xFFDE, 0xFFDE, 0xFFDE,
    0xFFDE, 0xFFDE, 0xFFDE, 0xFFDE, 0xFFDE, 0xFFDE, 0xFFDE, 0xFFDE, 0xFFDE, 0xFFDE, 0xFFDE, 0xFFDE,
    0xFFDE, 0xFFDE, 0xFFDE, 0xFFDE, 0xFFDE, 0xFFDE, 0xFFDE, 0xFFDE, 0xFFDE, 0xFFDE, 0xFFDE, 0xFFDE,
    0xFFDE, 0xFFDE, 0xFFDE, 0xFFDE, 0xFFDE, 0xFFDE, 0xFFDE, 0xDEDA, 0xDEDA, 0x83EF, 0x83EF, 0x83EF,
    0x83EF, 0x83EF, 0x83EF, 0x8C0F, 0x8C0F, 0xBD95, 0xBD95, 0x9CB1, 0x9CB1, 0x9CB1, 0x9CB1, 0xA491,
    0xA491, 0xA470, 0xA470, 0xA42F, 0xA42F, 0xA42F, 0xA42F, 0x9BEE, 0x9BEE, 0x9BEE, 0x9BEE, 0x9BEE,
    0x9BEE, 0x9BEE, 0x9BEE, 0xA42F, 0xA42F, 0xA42F, 0xA42F, 0xA470, 0xA470, 0xB490, 0xB490, 0xB4B1,
    0xB4B1, 0xB4B1, 0xB4B1, 0xBCF1, 0xBCF1, 0xBCF1, 0xBCF1, 0xBCF2, 0xBCF2, 0xB533, 0xB533, 0xBD95,
    0xBD95, 0xFFDE, 0xFFDE, 0xF7BE, 0xF7BE, 0xA513, 0xA513, 0x9450, 0x9450, 0x9C91, 0x9C91, 0x9471,
    0x9471, 0x9450, 0x9450, 0x8C30, 0x8C30, 0x62CA, 0x62CA, 0xFFDE, 0xFFDE, 0xFFDE, 0xFFDE, 0xFFDE,
    0xFFDE, 0xFFDE, 0xFFDE, 0xFFDE, 0xFFDE, 0xFFDE, 0xFFDE, 0xFFDE, 0xFFDE, 0xFFDE, 0xFFDE, 0xFFDE,
    0xFFDE, 0xFFDE, 0xFFDE, 0xFFDE, 0xFFDE, 0xFFDE, 0xFFDE, 0xFFDE, 0xFFDE, 0xFFDE, 0xFFDE, 0xFFDE,
    0xFFDE, 0xFFDE, 0xFFDE, 0xFFDE, 0xFFDE, 0xFFDE, 0xFFDE, 0xFFDE, 0xFFDE, 0xFFDE, 0xFFDE, 0xFFDE,
    0xFFDE, 0xFFDE, 0xFFDE, 0xFFDE, 0xFFDE, 0xFFDE, 0xFFDE, 0xFFDE, 0xFFDE, 0xFFDE, 0xFFDE, 0xFFDE,
    0xFFDE, 0xFFDE, 0xFFDE, 0xFFDE, 0xFFDE, 0xFFDE, 0xFFDE, 0xFFDE, 0xFFDE, 0xFFDE, 0xFFDE, 0xFFDE,
    0xFFDE, 0xFFDE, 0xFFDE, 0xFFDE, 0xFFDE, 0xFFDE, 0xFFDE, 0xFFDE, 0xFFDE, 0xFFDE, 0xFFDE, 0xFFDE,
    0xFFDE, 0xFFDE, 0xFFDE, 0xFFDE, 0xFFDE, 0xFFDE, 0xFFDE, 0xFFDE, 0xFFDE, 0xFFDE, 0xFFDE, 0xFFDE,
    0xFFDE, 0x8C30, 0x8C30, 0x83EF, 0x83EF, 0x83EF, 0x83EF, 0x9471, 0x9471, 0x9CD2, 0x9CD2, 0x9CB1,
    0x9CB1, 0xA491, 0xA491, 0xA491, 0xA491, 0xA470, 0xA470, 0xA42F, 0xA42F, 0xA42F, 0xA42F, 0x9BEE,
    0x9BEE, 0x9BEE, 0x9BEE, 0x9BEE, 0x9BEE, 0x9BEE, 0x9BEE, 0xA42F, 0xA42F, 0xA42F, 0xA42F, 0xA470,
    0xA470, 0xB490, 0xB490, 0xB490, 0xB490, 0xB490, 0xB490, 0xB4B1, 0xB4B1, 0xB4B1, 0xB4B1, 0xB490,
    0xB490, 0x9C2F, 0x9C2F, 0xA491, 0xA491, 0xACD2, 0xACD2, 0xA491, 0xA491, 0xA491, 0xA491, 0x9C91,
    0x9C91, 0x9C91, 0x9C91, 0x9CB1, 0x9CB1, 0x9CB1, 0x9CB1, 0x9450, 0x9450, 0x5AAA, 0x5AAA, 0xFFDE,
    0xFFDE, 0xFFDE, 0xFFDE, 0xFFDE, 0xFFDE, 0xFFDE, 0xFFDE, 0xFFDE, 0xFFDE, 0xFFDE, 0xFFDE, 0xFFDE,
    0xFFDE, 0xFFDE, 0xFFDE, 0xFFDE, 0xFFDE, 0xFFDE, 0xFFDE, 0xFFDE, 0xFFDE, 0xFFDE, 0xFFDE, 0xFFDE,
    0xFFDE, 0xFFDE, 0xFFDE, 0xFFDE, 0xFFDE, 0xFFDE, 0xFFDE, 0xFFDE, 0xFFDE, 0xFFDE, 0xFFDE, 0xFFDE,
    0xFFDE, 0xFFDE, 0xFFDE, 0xFFDE, 0xFFDE, 0xFFDE, 0xFFDE, 0xFFDE, 0xFFDE, 0xFFDE, 0xFFDE, 0xFFDE,
    0xFFDE, 0xFFDE, 0xFFDE, 0xFFDE, 0xFFDE, 0xFFDE, 0xFFDE, 0xFFDE, 0xFFDE, 0xFFDE, 0xFFDE, 0xFFDE,
    0xFFDE, 0xFFDE, 0xFFDE, 0xFFDE, 0xFFDE, 0xFFDE, 0xFFDE, 0xFFDE, 0xFFDE, 0xFFDE, 0xFFDE, 0xFFDE,
    0xFFDE, 0xFFDE, 0xFFDE, 0xFFDE, 0xFFDE, 0xFFDE, 0xFFDE, 0xFFDE, 0xFFDE, 0xFFDE, 0xFFDE, 0xFFDE,
    0xFFDE, 0xFFDE, 0xFFDE, 0xFFDE, 0xFFDE, 0x8C30, 0x8C30, 0x83EF, 0x83EF, 0x83EF, 0x83EF, 0x9471,
    0x9471, 0x9CD2, 0x9CD2, 0x9CB1, 0x9CB1, 0xA491, 0xA491, 0xA491, 0xA491, 0xA470, 0xA470, 0xA42F,
    0xA42F, 0xA42F, 0xA42F, 0x9BEE, 0x9BEE, 0x9BEE, 0x9BEE, 0x9BEE, 0x9BEE, 0x9BEE, 0x9BEE, 0xA42F,
    0xA42F, 0xA42F, 0xA42F, 0xA470, 0xA470, 0xB490, 0xB490, 0xB490, 0xB490, 0xB490, 0xB490, 0xB4B1,
    0xB4B1, 0xB4B1, 0xB4B1, 0xB490, 0xB490, 0x9C2F, 0x9C2F, 0xA491, 0xA491, 0xACD2, 0xACD2, 0xA491,
    0xA491, 0xA491, 0xA491, 0x9C91, 0x9C91, 0x9C91, 0x9C91, 0x9CB1, 0x9CB1, 0x9CB1, 0x9CB1, 0x9450,
    0x9450, 0x5AAA, 0x5AAA, 0xFFDE, 0xFFDE, 0xFFDE, 0xFFDE, 0xFFDE, 0xFFDE, 0xFFDE, 0xFFDE, 0xFFDE,
    0xFFDE, 0xFFDE, 0xFFDE, 0xFFDE, 0xFFDE, 0xFFDE, 0xFFDE, 0xFFDE, 0xFFDE, 0xFFDE, 0xFFDE, 0xFFDE,
    0xFFDE, 0xFFDE, 0xFFDE, 0xFFDE, 0xFFDE, 0xFFDE, 0xFFDE, 0xFFDE, 0xFFDE, 0xFFDE, 0xFFDE, 0xFFDE,
    0xFFDE, 0xFFDE, 0xFFDE, 0xFFDE, 0xFFDE, 0xFFDE, 0xFFDE, 0xFFDE, 0xFFDE, 0xFFDE, 0xFFDE, 0xFFDE,
    0xFFDE, 0xFFDE, 0xFFDE, 0xFFDE, 0xFFDE, 0xFFDE, 0xFFDE, 0xFFDE, 0xFFDE, 0xFFDE, 0xFFDE, 0xFFDE,
    0xFFDE, 0xFFDE, 0xFFDE, 0xFFDE, 0xFFDE, 0xFFDE, 0xFFDE, 0xFFDE, 0xFFDE, 0xFFDE, 0xFFDE, 0xFFDE,
    0xFFDE, 0xFFDE, 0xFFDE, 0xFFDE, 0xFFDE, 0xFFDE, 0xFFDE, 0xFFDE, 0xFFDE, 0xFFDE, 0xFFDE, 0xFFDE,
    0xFFDE, 0xFFDE, 0xFFDE, 0xFFDE, 0xFFDE, 0xFFDE, 0xFFDE, 0xFFDE, 0xFFDE, 0x83EF, 0x83EF, 0x9CB2,
    0x9CB2, 0x9CB2, 0x9CB2, 0xAD13, 0xAD13, 0xA4D2, 0xA4D2, 0x9CB1, 0x9CB1, 0xA491, 0xA491, 0xA491,
    0xA491, 0xA470, 0xA470, 0xA42F, 0xA42F, 0x9BEE, 0x9BEE, 0x9BCE, 0x9BCE, 0x9BCE, 0x9BCE, 0x93AD,
    0x93AD, 0x93AD, 0x93AD, 0x93AD, 0x93AD, 0x936C, 0x936C, 0x936C, 0x936C, 0x9C0E, 0x9C0E, 0x8B4C,
    0x8B4C, 0x9BCE, 0x9BCE, 0x9C0E, 0x9C0E, 0x9C0E, 0x9C0E, 0x9C0E, 0x9C0E, 0x93AD, 0x93AD, 0x93EE,
    0x93EE, 0x93EE, 0x93EE, 0x9C70, 0x9C70, 0x9C70, 0x9C70, 0x9CB1, 0x9CB1, 0x9CB1, 0x9CB1, 0x9CB1,
    0x9CB1, 0x9CB1, 0x9CB1, 0x9C91, 0x9C91, 0x7B8D, 0x7B8D, 0xFFDE, 0xFFDE, 0xFFDE, 0xFFDE, 0xFFDE,
    0xFFDE, 0xFFDE, 0xFFDE, 0xFFDE, 0xFFDE, 0xFFDE, 0xFFDE, 0xFFDE, 0xFFDE, 0xFFDE, 0xFFDE, 0xFFDE,
    0xFFDE, 0xFFDE, 0xFFDE, 0xFFDE, 0xFFDE, 0xFFDE, 0xFFDE, 0xFFDE, 0xFFDE, 0xFFDE, 0xFFDE, 0xFFDE,
    0xFFDE, 0xFFDE, 0xFFDE, 0xFFDE, 0xFFDE, 0xFFDE, 0xFFDE, 0xFFDE, 0xFFDE, 0xFFDE, 0xFFDE, 0xFFDE,
    0xFFDE, 0xFFDE, 0xFFDE, 0xFFDE, 0xFFDE, 0xFFDE, 0xFFDE, 0xFFDE, 0xFFDE, 0xFFDE, 0xFFDE, 0xFFDE,
    0xFFDE, 0xFFDE, 0xFFDE, 0xFFDE, 0xFFDE, 0xFFDE, 0xFFDE, 0xFFDE, 0xFFDE, 0xFFDE, 0xFFDE, 0xFFDE,
    0xFFDE, 0xFFDE, 0xFFDE, 0xFFDE, 0xFFDE, 0xFFDE, 0xFFDE, 0xFFDE, 0xFFDE, 0xFFDE, 0xFFDE, 0xFFDE,
    0xFFDE, 0xFFDE, 0xFFDE, 0xFFDE, 0xFFDE, 0xFFDE, 0xFFDE, 0xFFDE, 0xFFDE, 0xFFDE, 0xFFDE, 0xFFDE,
    0xFFDE, 0x83EF, 0x83EF, 0x9CB2, 0x9CB2, 0x9CB2, 0x9CB2, 0xAD13, 0xAD13, 0xA4D2, 0xA4D2, 0x9CB1,
    0x9CB1, 0xA491, 0xA491, 0xA491, 0xA491, 0xA470, 0xA470, 0xA42F, 0xA42F, 0x9BEE, 0x9BEE, 0x9BCE,
    0x9BCE, 0x9BCE, 0x9BCE, 0x93AD, 0x93AD, 0x93AD, 0x93AD, 0x93AD, 0x93AD, 0x936C, 0x936C, 0x936C,
    0x936C, 0x9C0E, 0x9C0E, 0x8B4C, 0x8B4C, 0x9BCE, 0x9BCE, 0x9C0E, 0x9C0E, 0x9C0E, 0x9C0E, 0x9C0E,
    0x9C0E, 0x93AD, 0x93AD, 0x93EE, 0x93EE, 0x93EE, 0x93EE, 0x9C70, 0x9C70, 0x9C70, 0x9C70, 0x9CB1,
    0x9CB1, 0x9CB1, 0x9CB1, 0x9CB1, 0x9CB1, 0x9CB1, 0x9CB1, 0x9C91, 0x9C91, 0x7B8D, 0x7B8D, 0xFFDE,
    0xFFDE, 0xFFDE, 0xFFDE, 0xFFDE, 0xFFDE, 0xFFDE, 0xFFDE, 0xFFDE, 0xFFDE, 0xFFDE, 0xFFDE, 0xFFDE,
    0xFFDE, 0xFFDE, 0xFFDE, 0xFFDE, 0xFFDE, 0xFFDE, 0xFFDE, 0xFFDE, 0xFFDE, 0xFFDE, 0xFFDE, 0xFFDE,
    0xFFDE, 0xFFDE, 0xFFDE, 0xFFDE, 0xFFDE, 0xFFDE, 0xFFDE, 0xFFDE, 0xFFDE, 0xFFDE, 0xFFDE, 0xFFDE,
    0xFFDE, 0xFFDE, 0xFFDE, 0xFFDE, 0xFFDE, 0xFFDE, 0xFFDE, 0xFFDE, 0xFFDE, 0xFFDE, 0xFFDE, 0xFFDE,
    0xFFDE, 0xFFDE, 0xFFDE, 0xFFDE, 0xFFDE, 0xFFDE, 0xFFDE, 0xFFDE, 0xFFDE, 0xFFDE, 0xFFDE, 0xFFDE,
    0xFFDE, 0xFFDE, 0xFFDE, 0xFFDE, 0xFFDE, 0xFFDE, 0xFFDE, 0xFFDE, 0xFFDE, 0xFFDE, 0xFFDE, 0xFFDE,
    0xFFDE, 0xFFDE, 0xFFDE, 0xFFDE, 0xFFDE, 0xFFDE, 0xFFDE, 0xFFDE, 0xFFDE, 0xFFDE, 0xFFDE, 0xFFDE,
    0xFFDE, 0xFFDE, 0xFFDE, 0xFFDE, 0xFFDE, 0xFFDE, 0xFFDE, 0xA4F3, 0xA4F3, 0xAD34, 0xAD34, 0xAD13,
    0xAD13, 0xAD13, 0xAD13, 0xAD13, 0xAD13, 0xB4D2, 0xB4D2, 0xA491, 0xA491, 0xA470, 0xA470, 0xA42F,
    0xA42F, 0x9BEE, 0x9BEE, 0x9BCE, 0x9BCE, 0x93AD, 0x93AD, 0x93AD, 0x93AD, 0x8B4B, 0x8B4B, 0x8B4B,
    0x8B4B, 0x8B4B, 0x8B4B, 0x8B4B, 0x8B4B, 0x832B, 0x832B, 0x7B0A, 0x7B0A, 0x72A9, 0x72A9, 0x830A,
    0x830A, 0x72A9, 0x72A9, 0x72A9, 0x72A9, 0x72A9, 0x72A9, 0x72A9, 0x72A9, 0x6AA9, 0x6AA9, 0x72C9,
    0x72C9, 0x940E, 0x940E, 0x9CB1, 0x9CB1, 0xA4D2, 0xA4D2, 0xA4D2, 0xA4D2, 0xA4D2, 0xA4D2, 0x9CB1,
    0x9CB1, 0xFFDE, 0xFFDE, 0xFFDE, 0xFFDE, 0xFFDE, 0xFFDE, 0xFFDE, 0xFFDE, 0xFFDE, 0xFFDE, 0xFFDE,
    0xFFDE, 0xFFDE, 0xFFDE, 0xFFDE, 0xFFDE, 0xFFDE, 0xFFDE, 0xFFDE, 0xFFDE, 0xFFDE, 0xFFDE, 0xFFDE,
    0xFFDE, 0xFFDE, 0xFFDE, 0xFFDE, 0xFFDE, 0xFFDE, 0xFFDE, 0xFFDE, 0xFFDE, 0xFFDE, 0xFFDE, 0xFFDE,
    0xFFDE, 0xFFDE, 0xFFDE, 0xFFDE, 0xFFDE, 0xFFDE, 0xFFDE, 0xFFDE, 0xFFDE, 0xFFDE, 0xFFDE, 0xFFDE,
    0xFFDE, 0xFFDE, 0xFFDE, 0xFFDE, 0xFFDE, 0xFFDE, 0xFFDE, 0xFFDE, 0xFFDE, 0xFFDE, 0xFFDE, 0xFFDE,
    0xFFDE, 0xFFDE, 0xFFDE, 0xFFDE, 0xFFDE, 0xFFDE, 0xFFDE, 0xFFDE, 0xFFDE, 0xFFDE, 0xFFDE, 0xFFDE,
    0xFFDE, 0xFFDE, 0xFFDE, 0xFFDE, 0xFFDE, 0xFFDE, 0xFFDE, 0xFFDE, 0xFFDE, 0xFFDE, 0xFFDE, 0xFFDE,
    0xFFDE, 0xFFDE, 0xFFDE, 0xFFDE, 0xFFDE, 0xFFDE, 0xFFDE, 0xFFDE, 0xFFDE, 0xFFDE, 0xFFDE, 0xA4F3,
    0xA4F3, 0xAD34, 0xAD34, 0xAD13, 0xAD13, 0xAD13, 0xAD13, 0xAD13, 0xAD13, 0xB4D2, 0xB4D2, 0xA491,
    0xA491, 0xA470, 0xA470, 0xA42F, 0xA42F, 0x9BEE, 0x9BEE, 0x9BCE, 0x9BCE, 0x93AD, 0x93AD, 0x93AD,
    0x93AD, 0x8B4B, 0x8B4B, 0x8B4B, 0x8B4B, 0x8B4B, 0x8B4B, 0x8B4B, 0x8B4B, 0x832B, 0x832B, 0x7B0A,
    0x7B0A, 0x72A9, 0x72A9, 0x830A, 0x830A, 0x72A9, 0x72A9, 0x72A9, 0x72A9, 0x72A9, 0x72A9, 0x72A9,
    0x72A9, 0x6AA9, 0x6AA9, 0x72C9, 0x72C9, 0x940E, 0x940E, 0x9CB1, 0x9CB1, 0xA4D2, 0xA4D2, 0xA4D2,
    0xA4D2, 0xA4D2, 0xA4D2, 0x9CB1, 0x9CB1, 0xFFDE, 0xFFDE, 0xFFDE, 0xFFDE, 0xFFDE, 0xFFDE, 0xFFDE,
    0xFFDE, 0xFFDE, 0xFFDE, 0xFFDE, 0xFFDE, 0xFFDE, 0xFFDE, 0xFFDE, 0xFFDE, 0xFFDE, 0xFFDE, 0xFFDE,
    0xFFDE, 0xFFDE, 0xFFDE, 0xFFDE, 0xFFDE, 0xFFDE, 0xFFDE, 0xFFDE, 0xFFDE, 0xFFDE, 0xFFDE, 0xFFDE,
    0xFFDE, 0xFFDE, 0xFFDE, 0xFFDE, 0xFFDE, 0xFFDE, 0xFFDE, 0xFFDE, 0xFFDE, 0xFFDE, 0xFFDE, 0xFFDE,
    0xFFDE, 0xFFDE, 0xFFDE, 0xFFDE, 0xFFDE, 0xFFDE, 0xFFDE, 0xFFDE, 0xFFDE, 0xFFDE, 0xFFDE, 0xFFDE,
    0xFFDE, 0xFFDE, 0xFFDE, 0xFFDE, 0xFFDE, 0xFFDE, 0xFFDE, 0xFFDE, 0xFFDE, 0xFFDE, 0xFFDE, 0xFFDE,
    0xFFDE, 0xFFDE, 0xFFDE, 0xFFDE, 0xFFDE, 0xFFDE, 0xFFDE, 0xFFDE, 0xFFDE, 0xFFDE, 0xFFDE, 0xFFDE,
    0xFFDE, 0xFFDE, 0xFFDE, 0xFFDE, 0xFFDE, 0xFFDE, 0xFFDE, 0xFFDE, 0xFFDE, 0xFFDE, 0xFFDE, 0xFFDE,
    0xFFDE, 0xC5D6, 0xC5D6, 0xC5D6, 0xC5D6, 0xBDB6, 0xBDB6, 0xBDB6, 0xBDB6, 0xB533, 0xB533, 0x940F,
    0x940F, 0x8BAD, 0x8BAD, 0x9C2F, 0x9C2F, 0x938C, 0x938C, 0x7B0A, 0x7B0A, 0x938C, 0x938C, 0x830B,
    0x830B, 0x8B4B, 0x8B4B, 0x832B, 0x832B, 0x832B, 0x832B, 0x8B4B, 0x8B4B, 0x8B4B, 0x8B4B, 0x830B,
    0x830B, 0x7B0A, 0x7B0A, 0x72A9, 0x72A9, 0x72A9, 0x72A9, 0x72A9, 0x72A9, 0x7288, 0x7288, 0x6AA9,
    0x6AA9, 0x6AA9, 0x6AA9, 0x6AA9, 0x6AA9, 0x6AA9, 0x6AA9, 0x72A9, 0x72A9, 0x7B4B, 0x7B4B, 0x8BEE,
    0x8BEE, 0x9C50, 0x9C50, 0x9430, 0x9430, 0xA4D2, 0xA4D2, 0xA4F3, 0xA4F3, 0xFFDE, 0xFFDE, 0xFFDE,
    0xFFDE, 0xFFDE, 0xFFDE, 0xFFDE, 0xFFDE, 0xFFDE, 0xFFDE, 0xFFDE, 0xFFDE, 0xFFDE, 0xFFDE, 0xFFDE,
    0xFFDE, 0xFFDE, 0xFFDE, 0xFFDE, 0xFFDE, 0xFFDE, 0xFFDE, 0xFFDE, 0xFFDE, 0xFFDE, 0xFFDE, 0xFFDE,
    0xFFDE, 0xFFDE, 0xFFDE, 0xFFDE, 0xFFDE, 0xFFDE, 0xFFDE, 0xFFDE, 0xFFDE, 0xFFDE, 0xFFDE, 0xFFDE,
    0xFFDE, 0xFFDE, 0xFFDE, 0xFFDE, 0xFFDE, 0xFFDE, 0xFFDE, 0xFFDE, 0xFFDE, 0xFFDE, 0xFFDE, 0xFFDE,
    0xFFDE, 0xFFDE, 0xFFDE, 0xFFDE, 0xFFDE, 0xFFDE, 0xFFDE, 0xFFDE, 0xFFDE, 0xFFDE, 0xFFDE, 0xFFDE,
    0xFFDE, 0xFFDE, 0xFFDE, 0xFFDE, 0xFFDE, 0xFFDE, 0xFFDE, 0xFFDE, 0xFFDE, 0xFFDE, 0xFFDE, 0xFFDE,
    0xFFDE, 0xFFDE, 0xFFDE, 0xFFDE, 0xFFDE, 0xFFDE, 0xFFDE, 0xFFDE, 0xFFDE, 0xFFDE, 0xFFDE, 0xFFDE,
    0xFFDE, 0xFFDE, 0xFFDE, 0xFFDE, 0xFFDE, 0xC5D6, 0xC5D6, 0xC5D6, 0xC5D6, 0xBDB6, 0xBDB6, 0xBDB6,
    0xBDB6, 0xB533, 0xB533, 0x940F, 0x940F, 0x8BAD, 0x8BAD, 0x9C2F, 0x9C2F, 0x938C, 0x938C, 0x7B0A,
    0x7B0A, 0x938C, 0x938C, 0x830B, 0x830B, 0x8B4B, 0x8B4B, 0x832B, 0x832B, 0x832B, 0x832B, 0x8B4B,
    0x8B4B, 0x8B4B, 0x8B4B, 0x830B, 0x830B, 0x7B0A, 0x7B0A, 0x72A9, 0x72A9, 0x72A9, 0x72A9, 0x72A9,
    0x72A9, 0x7288, 0x7288, 0x6AA9, 0x6AA9, 0x6AA9, 0x6AA9, 0x6AA9, 0x6AA9, 0x6AA9, 0x6AA9, 0x72A9,
    0x72A9, 0x7B4B, 0x7B4B, 0x8BEE, 0x8BEE, 0x9C50, 0x9C50, 0x9430, 0x9430, 0xA4D2, 0xA4D2, 0xA4F3,
    0xA4F3, 0xFFDE, 0xFFDE, 0xFFDE, 0xFFDE, 0xFFDE, 0xFFDE, 0xFFDE, 0xFFDE, 0xFFDE, 0xFFDE, 0xFFDE,
    0xFFDE, 0xFFDE, 0xFFDE, 0xFFDE, 0xFFDE, 0xFFDE, 0xFFDE, 0xFFDE, 0xFFDE, 0xFFDE, 0xFFDE, 0xFFDE,
    0xFFDE, 0xFFDE, 0xFFDE, 0xFFDE, 0xFFDE, 0xFFDE, 0xFFDE, 0xFFDE, 0xFFDE, 0xFFDE, 0xFFDE, 0xFFDE,
    0xFFDE, 0xFFDE, 0xFFDE, 0xFFDE, 0xFFDE, 0xFFDE, 0xFFDE, 0xFFDE, 0xFFDE, 0xFFDE, 0xFFDE, 0xFFDE,
    0xFFDE, 0xFFDE, 0xFFDE, 0xFFDE, 0xFFDE, 0xFFDE, 0xFFDE, 0xFFDE, 0xFFDE, 0xFFDE, 0xFFDE, 0xFFDE,
    0xFFDE, 0xFFDE, 0xFFDE, 0xFFDE, 0xFFDE, 0xFFDE, 0xFFDE, 0xFFDE, 0xFFDE, 0xFFDE, 0xFFDE, 0xFFDE,
    0xFFDE, 0xFFDE, 0xFFDE, 0xFFDE, 0xFFDE, 0xFFDE, 0xFFDE, 0xFFDE, 0xFFDE, 0xFFDE, 0xFFDE, 0xE73C,
    0xE73C, 0xCE58, 0xCE58, 0xAD54, 0xAD54, 0x7B8D, 0x7B8D, 0x7B8D, 0x7B8D, 0x7B8D, 0x7B8D, 0x7B6C,
    0x7B6C, 0x83AE, 0x83AE, 0x83AE, 0x83AE, 0x836C, 0x836C, 0x7B4B, 0x7B4B, 0x7B6C, 0x7B6C, 0x7B6C,
    0x7B6C, 0x7B0A, 0x7B0A, 0x7B0A, 0x7B0A, 0x72A9, 0x72A9, 0x72A9, 0x72A9, 0x72A9, 0x72A9, 0x72A9,
    0x72A9, 0x72A9, 0x72A9, 0x72A9, 0x72A9, 0x72A9, 0x72A9, 0x7288, 0x7288, 0x7288, 0x7288, 0x6A68,
    0x6A68, 0x6A68, 0x6A68, 0x6A88, 0x6A88, 0x6A88, 0x6A88, 0x6A88, 0x6A88, 0x6A88, 0x6A88, 0x6AA9,
    0x6AA9, 0x6AA9, 0x6AA9, 0x72A9, 0x72A9, 0x72C9, 0x72C9, 0x7B0B, 0x7B0B, 0x7B4C, 0x7B4C, 0x7B4C,
    0x7B4C, 0x734C, 0x734C, 0xAD13, 0xAD13, 0xC617, 0xC617, 0xFFDE, 0xFFDE, 0xFFDE, 0xFFDE, 0xFFDE,
    0xFFDE, 0xFFDE, 0xFFDE, 0xFFDE, 0xFFDE, 0xFFDE, 0xFFDE, 0xFFDE, 0xFFDE, 0xFFDE, 0xFFDE, 0xFFDE,
    0xFFDE, 0xFFDE, 0xFFDE, 0xFFDE, 0xFFDE, 0xFFDE, 0xFFDE, 0xFFDE, 0xFFDE, 0xFFDE, 0xFFDE, 0xFFDE,
    0xFFDE, 0xFFDE, 0xFFDE, 0xFFDE, 0xFFDE, 0xFFDE, 0xFFDE, 0xFFDE, 0xFFDE, 0xFFDE, 0xFFDE, 0xFFDE,
    0xFFDE, 0xFFDE, 0xFFDE, 0xFFDE, 0xFFDE, 0xFFDE, 0xFFDE, 0xFFDE, 0xFFDE, 0xFFDE, 0xFFDE, 0xFFDE,
    0xFFDE, 0xFFDE, 0xFFDE, 0xFFDE, 0xFFDE, 0xFFDE, 0xFFDE, 0xFFDE, 0xFFDE, 0xFFDE, 0xFFDE, 0xFFDE,
    0xFFDE, 0xFFDE, 0xFFDE, 0xFFDE, 0xFFDE, 0xFFDE, 0xFFDE, 0xFFDE, 0xFFDE, 0xFFDE, 0xFFDE, 0xFFDE,
    0xFFDE, 0xFFDE, 0xFFDE, 0xE73C, 0xE73C, 0xCE58, 0xCE58, 0xAD54, 0xAD54, 0x7B8D, 0x7B8D, 0x7B8D,
    0x7B8D, 0x7B8D, 0x7B8D, 0x7B6C, 0x7B6C, 0x83AE, 0x83AE, 0x83AE, 0x83AE, 0x836C, 0x836C, 0x7B4B,
    0x7B4B, 0x7B6C, 0x7B6C, 0x7B6C, 0x7B6C, 0x7B0A, 0x7B0A, 0x7B0A, 0x7B0A, 0x72A9, 0x72A9, 0x72A9,
    0x72A9, 0x72A9, 0x72A9, 0x72A9, 0x72A9, 0x72A9, 0x72A9, 0x72A9, 0x72A9, 0x72A9, 0x72A9, 0x7288,
    0x7288, 0x7288, 0x7288, 0x6A68, 0x6A68, 0x6A68, 0x6A68, 0x6A88, 0x6A88, 0x6A88, 0x6A88, 0x6A88,
    0x6A88, 0x6A89, 0x730B, 0x6AA9, 0x6AA9, 0x6AA9, 0x6AA9, 0x72A9, 0x72A9, 0x72C9, 0x72C9, 0x7B0B,
    0x7B0B, 0x7B4C, 0x7B4C, 0x7B4C, 0x7B4C, 0x734C, 0x734C, 0xAD13, 0xAD13, 0xC617, 0xC617, 0xFFDE,
    0xFFDE, 0xFFDE, 0xFFDE, 0xFFDE, 0xFFDE, 0xFFDE, 0xFFDE, 0xFFDE, 0xFFDE, 0xFFDE, 0xFFDE, 0xFFDE,
    0xFFDE, 0xFFDE, 0xFFDE, 0xFFDE, 0xFFDE, 0xFFDE, 0xFFDE, 0xFFDE, 0xFFDE, 0xFFDE, 0xFFDE, 0xFFDE,
    0xFFDE, 0xFFDE, 0xFFDE, 0xFFDE, 0xFFDE, 0xFFDE, 0xFFDE, 0xFFDE, 0xFFDE, 0xFFDE, 0xFFDE, 0xFFDE,
    0xFFDE, 0xFFDE, 0xFFDE, 0xFFDE, 0xFFDE, 0xFFDE, 0xFFDE, 0xFFDE, 0xFFDE, 0xFFDE, 0xFFDE, 0xFFDE,
    0xFFDE, 0xFFDE, 0xFFDE, 0xFFDE, 0xFFDE, 0xFFDE, 0xFFDE, 0xFFDE, 0xFFDE, 0xFFDE, 0xFFDE, 0xFFDE,
    0xFFDE, 0xFFDE, 0xFFDE, 0xFFDE, 0xFFDE, 0xFFDE, 0xFFDE, 0xFFDE, 0xFFDE, 0xFFDE, 0xFFDE, 0xC617,
    0xC617, 0xBDB6, 0xBDB6, 0xC5D6, 0xC5D6, 0xA4F3, 0xA4F3, 0x83AD, 0x83AD, 0x8C0F, 0x8C0F, 0x7B8D,
    0x7B8D, 0x7B4B, 0x7B4B, 0x7B2B, 0x7B2B, 0x7B4B, 0x7B4B, 0x7B4B, 0x7B4B, 0x7B4B, 0x7B4B, 0x7B4B,
    0x7B4B, 0x7B4B, 0x7B4B, 0x7B4B, 0x7B4B, 0x7B4B, 0x7B4B, 0x72C9, 0x72C9, 0x72C9, 0x72C9, 0x6AA9,
    0x6AA9, 0x72A9, 0x72A9, 0x72A9, 0x72A9, 0x72A9, 0x72A9, 0x6A88, 0x6A88, 0x7288, 0x7288, 0x6A68,
    0x6A68, 0x6A68, 0x6A68, 0x6A68, 0x6A68, 0x6A68, 0x6A68, 0x6A68, 0x6A68, 0x6A68, 0x6A68, 0x6A68,
    0x6A68, 0x6A68, 0x6A68, 0x6A68, 0x6A68, 0x6A88, 0x72CA, 0x6A88, 0x6A88, 0x6A88, 0x6A88, 0x6AA9,
    0x6AA9, 0x72C9, 0x72C9, 0x72C9, 0x72C9, 0x7B0B, 0x7B0B, 0x734C, 0x734C, 0x7B4C, 0x7B4C, 0x7B4C,
    0x7B4C, 0x83AE, 0x83AE, 0x9450, 0x9450, 0xFFDE, 0xFFDE, 0xFFDE, 0xFFDE, 0xFFDE, 0xFFDE, 0xFFDE,
    0xFFDE, 0xFFDE, 0xFFDE, 0xFFDE, 0xFFDE, 0xFFDE, 0xFFDE, 0xFFDE, 0xFFDE, 0xFFDE, 0xFFDE, 0xFFDE,
    0xFFDE, 0xFFDE, 0xFFDE, 0xFFDE, 0xFFDE, 0xFFDE, 0xFFDE, 0xFFDE, 0xFFDE, 0xFFDE, 0xFFDE, 0xFFDE,
    0xFFDE, 0xFFDE, 0xFFDE, 0xFFDE, 0xFFDE, 0xFFDE, 0xFFDE, 0xFFDE, 0xFFDE, 0xFFDE, 0xFFDE, 0xFFDE,
    0xFFDE, 0xFFDE, 0xFFDE, 0xFFDE, 0xFFDE, 0xFFDE, 0xFFDE, 0xFFDE, 0xFFDE, 0xFFDE, 0xFFDE, 0xFFDE,
    0xFFDE, 0xFFDE, 0xFFDE, 0xFFDE, 0xFFDE, 0xFFDE, 0xFFDE, 0xFFDE, 0xFFDE, 0xFFDE, 0xFFDE, 0xFFDE,
    0xFFDE, 0xFFDE, 0xFFDE, 0xC617, 0xC617, 0xBDB6, 0xBDB6, 0xC5D6, 0xC5D6, 0xA4F3, 0xA4F3, 0x83AD,
    0x83AD, 0x8C0F, 0x8C0F, 0x7B8D, 0x7B8D, 0x7B4B, 0x7B4B, 0x7B2B, 0x7B2B, 0x7B4B, 0x7B4B, 0x7B4B,
    0x7B4B, 0x7B4B, 0x7B4B, 0x7B4B, 0x7B4B, 0x7B4B, 0x7B4B, 0x7B4B, 0x7B4B, 0x7B4B, 0x7B4B, 0x72C9,
    0x72C9, 0x72C9, 0x72C9, 0x6AA9, 0x6AA9, 0x72A9, 0x72A9, 0x72A9, 0x72A9, 0x72A9, 0x72A9, 0x6A88,
    0x6A88, 0x7288, 0x7288, 0x6A68, 0x6A68, 0x6A68, 0x6A68, 0x6A68, 0x6A68, 0x6A68, 0x6A68, 0x6A68,
    0x6A68, 0x6A68, 0x6A68, 0x6A68, 0x6A68, 0x6A68, 0x6A68, 0x6A68, 0x6A68, 0x6A88, 0x6A88, 0x6A88,
    0x6A88, 0x6A88, 0x6A88, 0x6AA9, 0x6AA9, 0x72C9, 0x72C9, 0x72C9, 0x72C9, 0x7B0B, 0x7B0B, 0x734C,
    0x734C, 0x7B4C, 0x7B4C, 0x7B4C, 0x7B4C, 0x83AE, 0x83AE, 0x9450, 0x9450, 0xFFDE, 0xFFDE, 0xFFDE,
    0xFFDE, 0xFFDE, 0xFFDE, 0xFFDE, 0xFFDE, 0xFFDE, 0xFFDE, 0xFFDE, 0xFFDE, 0xFFDE, 0xFFDE, 0xFFDE,
    0xFFDE, 0xFFDE, 0xFFDE, 0xFFDE, 0xFFDE, 0xFFDE, 0xFFDE, 0xFFDE, 0xFFDE, 0xFFDE, 0xFFDE, 0xFFDE,
    0xFFDE, 0xFFDE, 0xFFDE, 0xFFDE, 0xFFDE, 0xFFDE, 0xFFDE, 0xFFDE, 0xFFDE, 0xFFDE, 0xFFDE, 0xFFDE,
    0xFFDE, 0xFFDE, 0xFFDE, 0xFFDE, 0xFFDE, 0xFFDE, 0xFFDE, 0xFFDE, 0xFFDE, 0xFFDE, 0xFFDE, 0xFFDE,
    0xFFDE, 0xFFDE, 0xFFDE, 0xFFDE, 0xFFDE, 0xFFDE, 0xFFDE, 0xFFDE, 0xFFDE, 0xFFDE, 0xFFDE, 0xFFDE,
    0xFFDE, 0xFFDE, 0xFFDE, 0xC5D6, 0xC5D6, 0xC617, 0xC617, 0xAD13, 0xAD13, 0x9450, 0x9450, 0x8BEE,
    0x8BEE, 0x8BEE, 0x8BEE, 0x7B6C, 0x7B6C, 0x7B6C, 0x7B6C, 0x830B, 0x830B, 0x7B0A, 0x7B0A, 0x7AE9,
    0x7AE9, 0x7AE9, 0x7AE9, 0x7AE9, 0x7AE9, 0x7AE9, 0x7AE9, 0x7AE9, 0x7AE9, 0x7B0A, 0x7B0A, 0x7B0B,
    0x7B0B, 0x7B0B, 0x7B0B, 0x7B0A, 0x7B0A, 0x6AA9, 0x6AA9, 0x6A68, 0x6A68, 0x72C9, 0x72C9, 0x6A68,
    0x6A68, 0x6A68, 0x6A68, 0x6A68, 0x6A68, 0x6A68, 0x6A68, 0x6A68, 0x6A68, 0x6AA9, 0x6AA9, 0x6A68,
    0x6A68, 0x6A88, 0x6A88, 0x6A88, 0x6A88, 0x6A88, 0x7288, 0x6AA9, 0x6AA9, 0x5A06, 0x5A06, 0x6A68,
    0x6A68, 0x6A88, 0x6A88, 0x6A88, 0x6A88, 0x6A88, 0x6A88, 0x6AA9, 0x6AA9, 0x6AA9, 0x6AA9, 0x7AE9,
    0x7AE9, 0x7B0A, 0x7B0A, 0x7B0B, 0x7B0B, 0x7B0B, 0x7B0B, 0x7B4C, 0x7B4C, 0x83EE, 0x83EE, 0x9450,
    0x9450, 0xBDD6, 0xBDD6, 0xFFDE, 0xFFDE, 0xFFDE, 0xFFDE, 0xFFDE, 0xFFDE, 0xFFDE, 0xFFDE, 0xFFDE,
    0xFFDE, 0xFFDE, 0xFFDE, 0xFFDE, 0xFFDE, 0xFFDE, 0xFFDE, 0xFFDE, 0xFFDE, 0xFFDE, 0xFFDE, 0xFFDE,
    0xFFDE, 0xFFDE, 0xFFDE, 0xFFDE, 0xFFDE, 0xFFDE, 0xFFDE, 0xFFDE, 0xFFDE, 0xFFDE, 0xFFDE, 0xFFDE,
    0xFFDE, 0xFFDE, 0xFFDE, 0xFFDE, 0xFFDE, 0xFFDE, 0xFFDE, 0xFFDE, 0xFFDE, 0xFFDE, 0xFFDE, 0xFFDE,
    0xFFDE, 0xFFDE, 0xFFDE, 0xFFDE, 0xFFDE, 0xFFDE, 0xFFDE, 0xFFDE, 0xFFDE, 0xFFDE, 0xFFDE, 0xFFDE,
    0xFFDE, 0xFFDE, 0xFFDE, 0xFFDE, 0xFFDE, 0xFFDE, 0xFFDE, 0xC5D6, 0xC5D6, 0xC617, 0xC617, 0xAD13,
    0xAD13, 0x9450, 0x9450, 0x8BEE, 0x8BEE, 0x8BEE, 0x8BEE, 0x7B6C, 0x7B6C, 0x7B6C, 0x7B6C, 0x830B,
    0x830B, 0x7B0A, 0x7B0A, 0x7AE9, 0x7AE9, 0x7AE9, 0x7AE9, 0x7AE9, 0x7AE9, 0x7AE9, 0x7AE9, 0x7AE9,
    0x7AE9, 0x7B0A, 0x7B0A, 0x7B0B, 0x7B0B, 0x7B0B, 0x7B0B, 0x7B0A, 0x7B0A, 0x6AA9, 0x6AA9, 0x6A68,
    0x6A68, 0x72C9, 0x72C9, 0x6A68, 0x6A68, 0x6A68, 0x6A68, 0x6A68, 0x6A68, 0x6A68, 0x6A68, 0x6A68,
    0x6A68, 0x6AA9, 0x6AA9, 0x6A68, 0x6A68, 0x6A88, 0x6A88, 0x7288, 0x7288, 0x7288, 0x72A9, 0x72C9,
    0x72C9, 0x6207, 0x6207, 0x6A68, 0x6A68, 0x6A88, 0x6A88, 0x6A88, 0x6A88, 0x6A88, 0x6A88, 0x6AA9,
    0x6AA9, 0x6AA9, 0x6AA9, 0x7AE9, 0x7AE9, 0x7B0A, 0x7B0A, 0x7B0B, 0x7B0B, 0x7B0B, 0x7B0B, 0x7B4C,
    0x7B4C, 0x83EE, 0x83EE, 0x9450, 0x9450, 0xBDD6, 0xBDD6, 0xFFDE, 0xFFDE, 0xFFDE, 0xFFDE, 0xFFDE,
    0xFFDE, 0xFFDE, 0xFFDE, 0xFFDE, 0xFFDE, 0xFFDE, 0xFFDE, 0xFFDE, 0xFFDE, 0xFFDE, 0xFFDE, 0xFFDE,
    0xFFDE, 0xFFDE, 0xFFDE, 0xFFDE, 0xFFDE, 0xFFDE, 0xFFDE, 0xFFDE, 0xFFDE, 0xFFDE, 0xFFDE, 0xFFDE,
    0xFFDE, 0xFFDE, 0xFFDE, 0xFFDE, 0xFFDE, 0xFFDE, 0xFFDE, 0xFFDE, 0xFFDE, 0xFFDE, 0xFFDE, 0xFFDE,
    0xFFDE, 0xFFDE, 0xFFDE, 0xFFDE, 0xFFDE, 0xFFDE, 0xFFDE, 0xFFDE, 0xFFDE, 0xFFDE, 0xFFDE, 0xFFDE,
    0xFFDE, 0xFFDE, 0xFFDE, 0xFFDE, 0xFFDE, 0xFFDE, 0xFFDE, 0xFFDE, 0xFFDE, 0xC5F6, 0xC5F6, 0xBD95,
    0xBD95, 0x9471, 0x9471, 0x8C30, 0x8C30, 0x8C30, 0x8C30, 0x8BEE, 0x8BEE, 0x83AD, 0x83AD, 0x836C,
    0x836C, 0x832B, 0x832B, 0x830B, 0x830B, 0x7B0A, 0x7B0A, 0x7B0A, 0x7B0A, 0x7AE9, 0x7AE9, 0x7AE9,
    0x7AE9, 0x7AE9, 0x7AE9, 0x7AE9, 0x7AE9, 0x7B0A, 0x7B0A, 0x7B0A, 0x7B0A, 0x7B0A, 0x7B0A, 0x832B,
    0x832B, 0x936C, 0x936C, 0x93AD, 0x93AD, 0xA470, 0xACB1, 0xACD2, 0xA491, 0xB4D2, 0xB4D2, 0xC575,
    0xC575, 0xC575, 0xC575, 0xCD95, 0xCD95, 0xCDF7, 0xCDF7, 0xCDD6, 0xCDD6, 0xB4D2, 0xB4D2, 0xC595,
    0xC595, 0xA4B1, 0xA4B1, 0xB513, 0xB4F3, 0xB4F3, 0xB4F3, 0xA42F, 0xA42F, 0x7AE9, 0x7AE9, 0x6AA9,
    0x6AA9, 0x6A88, 0x6A88, 0x6AA9, 0x6AA9, 0x6AA9, 0x6AA9, 0x72A9, 0x72A9, 0x7AE9, 0x7AE9, 0x7B0B,
    0x7B0B, 0x7B0B, 0x7B0B, 0x734C, 0x734C, 0x83CE, 0x83CE, 0x9450, 0x9450, 0x9450, 0x9450, 0x9CD2,
    0x9CD2, 0x9450, 0x9450, 0xFFDE, 0xFFDE, 0xFFDE, 0xFFDE, 0xFFDE, 0xFFDE, 0xFFDE, 0xFFDE, 0xFFDE,
    0xFFDE, 0xFFDE, 0xFFDE, 0xFFDE, 0xFFDE, 0xFFDE, 0xFFDE, 0xFFDE, 0xFFDE, 0xFFDE, 0xFFDE, 0xFFDE,
    0xFFDE, 0xFFDE, 0xFFDE, 0xFFDE, 0xFFDE, 0xFFDE, 0xFFDE, 0xFFDE, 0xFFDE, 0xFFDE, 0xFFDE, 0xFFDE,
    0xFFDE, 0xFFDE, 0xFFDE, 0xFFDE, 0xFFDE, 0xFFDE, 0xFFDE, 0xFFDE, 0xFFDE, 0xFFDE, 0xFFDE, 0xFFDE,
    0xFFDE, 0xFFDE, 0xFFDE, 0xFFDE, 0xFFDE, 0xFFDE, 0xFFDE, 0xFFDE, 0xFFDE, 0xFFDE, 0xFFDE, 0xFFDE,
    0xFFDE, 0xC5F6, 0xC5F6, 0xBD95, 0xBD95, 0x9471, 0x9471, 0x8C30, 0x8C30, 0x8C30, 0x8C30, 0x8BEE,
    0x8BEE, 0x83AD, 0x83AD, 0x836C, 0x836C, 0x832B, 0x832B, 0x830B, 0x830B, 0x7B0A, 0x7B0A, 0x7B0A,
    0x7B0A, 0x7AE9, 0x7AE9, 0x7AE9, 0x7AE9, 0x7AE9, 0x7AE9, 0x7AE9, 0x7AE9, 0x7B0A, 0x7B0A, 0x7B0A,
    0x7B0A, 0x7B0A, 0x7B0A, 0x832B, 0x832B, 0x938D, 0x93AD, 0x9BEE, 0x9C0E, 0xACB1, 0xBD54, 0xBD54,
    0xB513, 0xB513, 0xB4F2, 0xC575, 0xC575, 0xC575, 0xC575, 0xCD95, 0xCD95, 0xCDF7, 0xCDF7, 0xCDD6,
    0xCDD6, 0xB4F2, 0xB4F2, 0xC595, 0xC595, 0xACD1, 0xACD2, 0xB513, 0xB513, 0xB513, 0xBD75, 0xBD33,
    0xB4F2, 0x93EE, 0x8B8C, 0x72C9, 0x6AA9, 0x6A88, 0x6A88, 0x6AA9, 0x6AA9, 0x6AA9, 0x6AA9, 0x72A9,
    0x72A9, 0x7AE9, 0x7AE9, 0x7B0B, 0x7B0B, 0x7B0B, 0x7B0B, 0x734C, 0x734C, 0x83CE, 0x83CE, 0x9450,
    0x9450, 0x9450, 0x9450, 0x9CD2, 0x9CD2, 0x9450, 0x9450, 0xFFDE, 0xFFDE, 0xFFDE, 0xFFDE, 0xFFDE,
    0xFFDE, 0xFFDE, 0xFFDE, 0xFFDE, 0xFFDE, 0xFFDE, 0xFFDE, 0xFFDE, 0xFFDE, 0xFFDE, 0xFFDE, 0xFFDE,
    0xFFDE, 0xFFDE, 0xFFDE, 0xFFDE, 0xFFDE, 0xFFDE, 0xFFDE, 0xFFDE, 0xFFDE, 0xFFDE, 0xFFDE, 0xFFDE,
    0xFFDE, 0xFFDE, 0xFFDE, 0xFFDE, 0xFFDE, 0xFFDE, 0xFFDE, 0xFFDE, 0xFFDE, 0xFFDE, 0xFFDE, 0xFFDE,
    0xFFDE, 0xFFDE, 0xFFDE, 0xFFDE, 0xFFDE, 0xFFDE, 0xFFDE, 0xFFDE, 0xFFDE, 0xFFDE, 0xFFDE, 0xFFDE,
    0xFFDE, 0xFFDE, 0xFFDE, 0xFFDE, 0xFFDE, 0xCE58, 0xCE58, 0xA4F3, 0xA4F3, 0x9450, 0x9450, 0x8C0F,
    0x8C0F, 0x83EE, 0x83EE, 0x83AE, 0x83AE, 0x836C, 0x836C, 0x7B4B, 0x7B4B, 0x7B0B, 0x7B0B, 0x7B0A,
    0x7B0A, 0x7B0A, 0x7B0A, 0x7B0A, 0x7B0A, 0x7AE9, 0x7AE9, 0x7AE9, 0x7AE9, 0x7AE9, 0x7AE9, 0x7AE9,
    0x7AE9, 0x7AE9, 0x7AE9, 0x72A9, 0x72C9, 0x838D, 0x940F, 0xA491, 0x9C50, 0xA4B2, 0xACD2, 0xB513,
    0xBD34, 0xBD54, 0xBD34, 0xB533, 0xB533, 0xB533, 0xB533, 0xC575, 0xC575, 0xCD95, 0xCD95, 0xCDD6,
    0xCDD6, 0xCDF7, 0xCDF7, 0xCDF7, 0xCDF7, 0xCDF7, 0xCDF7, 0xBD95, 0xBD95, 0xC595, 0xC595, 0xC595,
    0xBD75, 0xBD54, 0xCDF7, 0xBD74, 0xBD74, 0xBD54, 0xB534, 0x9430, 0x41A6, 0x6268, 0x6268, 0x6A88,
    0x6A88, 0x6AA9, 0x6AA9, 0x72C9, 0x72C9, 0x72C9, 0x72C9, 0x72C9, 0x72C9, 0x72C9, 0x72C9, 0x6B0B,
    0x6B0B, 0x7B8D, 0x7B8D, 0x8C30, 0x8C30, 0x8C30, 0x8C30, 0x9450, 0x9450, 0x8C30, 0x8C30, 0x8C0F,
    0x8C0F, 0xFFDE, 0xFFDE, 0xFFDE, 0xFFDE, 0xFFDE, 0xFFDE, 0xFFDE, 0xFFDE, 0xFFDE, 0xFFDE, 0xFFDE,
    0xFFDE, 0xFFDE, 0xFFDE, 0xFFDE, 0xFFDE, 0xFFDE, 0xFFDE, 0xFFDE, 0xFFDE, 0xFFDE, 0xFFDE, 0xFFDE,
    0xFFDE, 0xFFDE, 0xFFDE, 0xFFDE, 0xFFDE, 0xFFDE, 0xFFDE, 0xFFDE, 0xFFDE, 0xFFDE, 0xFFDE, 0xFFDE,
    0xFFDE, 0xFFDE, 0xFFDE, 0xFFDE, 0xFFDE, 0xFFDE, 0xFFDE, 0xFFDE, 0xFFDE, 0xFFDE, 0xFFDE, 0xFFDE,
    0xFFDE, 0xFFDE, 0xFFDE, 0xFFDE, 0xFFDE, 0xFFDE, 0xFFDE, 0xFFDE, 0xFFDE, 0xCE58, 0xCE58, 0xA4F3,
    0xA4F3, 0x9450, 0x9450, 0x8C0F, 0x8C0F, 0x83EE, 0x83EE, 0x83AE, 0x83AE, 0x836C, 0x836C, 0x7B4B,
    0x7B4B, 0x7B0B, 0x7B0B, 0x7B0A, 0x7B0A, 0x7B0A, 0x7B0A, 0x7B0A, 0x7B0A, 0x7AE9, 0x7AE9, 0x7AE9,
    0x7AE9, 0x7AE9, 0x7AE9, 0x7AE9, 0x7AE9, 0x7AE9, 0x7AE9, 0x72C9, 0x7B0A, 0xA491, 0xACF2, 0xBD54,
    0xBD34, 0xBD34, 0xBD34, 0xBD54, 0xBD54, 0xBD54, 0xBD34, 0xBD54, 0xBD34, 0xBD54, 0xB513, 0xBD54,
    0xC575, 0xCD95, 0xCD95, 0xCDD6, 0xCDD6, 0xCDF7, 0xCDF7, 0xCDF7, 0xCDF7, 0xCDF7, 0xCE17, 0xBD95,
    0xC595, 0xC5B6, 0xC5B6, 0xC5B5, 0xC5B5, 0xC5D6, 0xCE37, 0xCDF6, 0xC595, 0xBD74, 0xBD74, 0xBD74,
    0xBD54, 0x9C4F, 0x6ACA, 0x6A88, 0x6A88, 0x6AA9, 0x6AA9, 0x72C9, 0x72C9, 0x72C9, 0x72C9, 0x72C9,
    0x72C9, 0x72C9, 0x72C9, 0x6B0B, 0x6B0B, 0x7B8D, 0x7B8D, 0x8C30, 0x8C30, 0x8C30, 0x8C30, 0x9450,
    0x9450, 0x8C30, 0x8C30, 0x8C0F, 0x8C0F, 0xFFDE, 0xFFDE, 0xFFDE, 0xFFDE, 0xFFDE, 0xFFDE, 0xFFDE,
    0xFFDE, 0xFFDE, 0xFFDE, 0xFFDE, 0xFFDE, 0xFFDE, 0xFFDE, 0xFFDE, 0xFFDE, 0xFFDE, 0xFFDE, 0xFFDE,
    0xFFDE, 0xFFDE, 0xFFDE, 0xFFDE, 0xFFDE, 0xFFDE, 0xFFDE, 0xFFDE, 0xFFDE, 0xFFDE, 0xFFDE, 0xFFDE,
    0xFFDE, 0xFFDE, 0xFFDE, 0xFFDE, 0xFFDE, 0xFFDE, 0xFFDE, 0xFFDE, 0xFFDE, 0xFFDE, 0xFFDE, 0xFFDE,
    0xFFDE, 0xFFDE, 0xFFDE, 0xFFDE, 0xFFDE, 0xFFDE, 0xFFDE, 0xFFDE, 0xFFDE, 0xFFDE, 0xFFDE, 0xFFDE,
    0xFFDE, 0xFFDE, 0xFFDE, 0xBD95, 0xBD95, 0x9450, 0x9450, 0x7BAE, 0x7BAE, 0x7B6C, 0x7B6C, 0x7B6C,
    0x7B6C, 0x830B, 0x830B, 0x7B0A, 0x7B0A, 0x7B0A, 0x7B0A, 0x7B0A, 0x7B0A, 0x7B0A, 0x7B0A, 0x7B0A,
    0x7B0A, 0x7AE9, 0x7AE9, 0x7AE9, 0x7AE9, 0x7AE9, 0x7AE9, 0x7AE9, 0x7AE9, 0x72EA, 0x72EA, 0xBD54,
    0xB513, 0xB513, 0xB533, 0xB533, 0xBD54, 0xBD34, 0xB533, 0xBD54, 0xBD54, 0xBD54, 0xBD54, 0xBD54,
    0xBD54, 0xBD54, 0xB533, 0xC575, 0xC575, 0xC5B6, 0xC5B6, 0xCDF7, 0xCDF7, 0xCDF7, 0xCDF7, 0xCDF7,
    0xCDF7, 0xCE37, 0xCE37, 0xC5D6, 0xC5D6, 0xC5D6, 0xC5D6, 0xC5D6, 0xC5D6, 0xC5B6, 0xC5B5, 0xBD95,
    0xBD74, 0xBD54, 0xBD54, 0xBD54, 0xBD54, 0xBD75, 0xB534, 0xC5B6, 0xA4F3, 0x7B2B, 0x72C9, 0x72C9,
    0x72C9, 0x72C9, 0x72C9, 0x72C9, 0x72C9, 0x72C9, 0x72C9, 0x72C9, 0x72C9, 0x6B0B, 0x6B0B, 0x6B2B,
    0x6B2B, 0x7BAE, 0x7BAE, 0x7B8D, 0x7B8D, 0x83EE, 0x83EE, 0x83EF, 0x83EF, 0x83CE, 0x83CE, 0xC617,
    0xC617, 0xFFDE, 0xFFDE, 0xFFDE, 0xFFDE, 0xFFDE, 0xFFDE, 0xFFDE, 0xFFDE, 0xFFDE, 0xFFDE, 0xFFDE,
    0xFFDE, 0xFFDE, 0xFFDE, 0xFFDE, 0xFFDE, 0xFFDE, 0xFFDE, 0xFFDE, 0xFFDE, 0xFFDE, 0xFFDE, 0xFFDE,
    0xFFDE, 0xFFDE, 0xFFDE, 0xFFDE, 0xFFDE, 0xFFDE, 0xFFDE, 0xFFDE, 0xFFDE, 0xFFDE, 0xFFDE, 0xFFDE,
    0xFFDE, 0xFFDE, 0xFFDE, 0xFFDE, 0xFFDE, 0xFFDE, 0xFFDE, 0xFFDE, 0xFFDE, 0xFFDE, 0xFFDE, 0xFFDE,
    0xFFDE, 0xFFDE, 0xFFDE, 0xFFDE, 0xFFDE, 0xFFDE, 0xFFDE, 0xBD95, 0xBD95, 0x9450, 0x9450, 0x7BAE,
    0x7BAE, 0x7B6C, 0x7B6C, 0x7B6C, 0x7B6C, 0x830B, 0x830B, 0x7B0A, 0x7B0A, 0x7B0A, 0x7B0A, 0x7B0A,
    0x7B0A, 0x7B0A, 0x7B0A, 0x7B0A, 0x7B0A, 0x7AE9, 0x7AE9, 0x7AE9, 0x7AE9, 0x7AE9, 0x7AE9, 0x7AE9,
    0x7AE9, 0x72EA, 0x72EA, 0xACD2, 0xBD54, 0xB533, 0xBD34, 0xB533, 0xBD54, 0xBD54, 0xBD54, 0xBD54,
    0xBD54, 0xBD54, 0xBD54, 0xBD54, 0xBD54, 0xBD54, 0xB513, 0xC575, 0xC575, 0xC5B6, 0xC5B6, 0xCDF7,
    0xCDF7, 0xCDF7, 0xCDF7, 0xCDF7, 0xCDF7, 0xCE37, 0xCE37, 0xC5D6, 0xC5F6, 0xCDF7, 0xCE17, 0xCE17,
    0xCDF7, 0xC5D6, 0xC5D6, 0xBD95, 0xBD74, 0xBD75, 0xBD75, 0xBD75, 0xBD74, 0xBD54, 0xBD54, 0xBD54,
    0x9C70, 0x9C2F, 0x730A, 0x72C9, 0x72C9, 0x72C9, 0x72C9, 0x72C9, 0x72C9, 0x72C9, 0x72C9, 0x72C9,
    0x72C9, 0x6B0B, 0x6B0B, 0x6B2B, 0x6B2B, 0x7BAE, 0x7BAE, 0x7B8D, 0x7B8D, 0x83EE, 0x83EE, 0x83EF,
    0x83EF, 0x83CE, 0x83CE, 0xC617, 0xC617, 0xFFDE, 0xFFDE, 0xFFDE, 0xFFDE, 0xFFDE, 0xFFDE, 0xFFDE,
    0xFFDE, 0xFFDE, 0xFFDE, 0xFFDE, 0xFFDE, 0xFFDE, 0xFFDE, 0xFFDE, 0xFFDE, 0xFFDE, 0xFFDE, 0xFFDE,
    0xFFDE, 0xFFDE, 0xFFDE, 0xFFDE, 0xFFDE, 0xFFDE, 0xFFDE, 0xFFDE, 0xFFDE, 0xFFDE, 0xFFDE, 0xFFDE,
    0xFFDE, 0xFFDE, 0xFFDE, 0xFFDE, 0xFFDE, 0xFFDE, 0xFFDE, 0xFFDE, 0xFFDE, 0xFFDE, 0xFFDE, 0xFFDE,
    0xFFDE, 0xFFDE, 0xFFDE, 0xFFDE, 0xFFDE, 0xFFDE, 0xFFDE, 0xFFDE, 0xFFDE, 0xFFDE, 0xFFDE, 0xC5D6,
    0xC5D6, 0xAD13, 0xAD13, 0x836D, 0x836D, 0x7B6C, 0x7B6C, 0x830B, 0x830B, 0x7B0A, 0x7B0A, 0x7B0A,
    0x7B0A, 0x7B0A, 0x7B0A, 0x7B0A, 0x7B0A, 0x7AE9, 0x7AE9, 0x7AE9, 0x7AE9, 0x7AE9, 0x7AE9, 0x7AE9,
    0x7AE9, 0xBD12, 0xBD12, 0xCD74, 0xCD74, 0xB4D1, 0xB4D2, 0xB513, 0xBD54, 0xBD54, 0xBD54, 0xBD54,
    0xBD54, 0xB533, 0xBD54, 0xBD54, 0xBD54, 0xBD54, 0xB513, 0xBD54, 0xBD54, 0xBD54, 0xBD54, 0xC575,
    0xC575, 0xCDF7, 0xCDF7, 0xCE37, 0xCE37, 0xCDF7, 0xCDF7, 0xCDF7, 0xCDF7, 0xCE37, 0xCE37, 0xC5D6,
    0xC5F7, 0xCE17, 0xCE17, 0xCE37, 0xCE17, 0xCDF7, 0xC5D6, 0xC5B5, 0xC595, 0xBD74, 0xBD54, 0xBD54,
    0xBD74, 0xBD54, 0xBD54, 0xBD54, 0xA4D2, 0xBD54, 0x9C91, 0x83AD, 0x838C, 0x62C9, 0x62C9, 0x62C9,
    0x62C9, 0x6AA9, 0x6AA9, 0x62CA, 0x62CA, 0x62CA, 0x62CA, 0x6AEA, 0x6AEA, 0x6AEA, 0x6AEA, 0x6AEA,
    0x6AEA, 0x7B8D, 0x7B8D, 0x83AE, 0x83AE, 0x83EF, 0x83EF, 0x83EF, 0x83EF, 0xFFDE, 0xFFDE, 0xFFDE,
    0xFFDE, 0xFFDE, 0xFFDE, 0xFFDE, 0xFFDE, 0xFFDE, 0xFFDE, 0xFFDE, 0xFFDE, 0xFFDE, 0xFFDE, 0xFFDE,
    0xFFDE, 0xFFDE, 0xFFDE, 0xFFDE, 0xFFDE, 0xFFDE, 0xFFDE, 0xFFDE, 0xFFDE, 0xFFDE, 0xFFDE, 0xFFDE,
    0xFFDE, 0xFFDE, 0xFFDE, 0xFFDE, 0xFFDE, 0xFFDE, 0xFFDE, 0xFFDE, 0xFFDE, 0xFFDE, 0xFFDE, 0xFFDE,
    0xFFDE, 0xFFDE, 0xFFDE, 0xFFDE, 0xFFDE, 0xFFDE, 0xFFDE, 0xFFDE, 0xFFDE, 0xFFDE, 0xFFDE, 0xFFDE,
    0xFFDE, 0xFFDE, 0xFFDE, 0xC5D6, 0xC5D6, 0xAD13, 0xAD13, 0x836D, 0x836D, 0x7B6C, 0x7B6C, 0x830B,
    0x830B, 0x7B0A, 0x7B0A, 0x7B0A, 0x7B0A, 0x7B0A, 0x7B0A, 0x7B0A, 0x7B0A, 0x7AE9, 0x7AE9, 0x7AE9,
    0x7AE9, 0x7AE9, 0x7AE9, 0x7AE9, 0x7AE9, 0xBD12, 0xBD12, 0xCD74, 0xCD74, 0xB4D1, 0xB4F2, 0xBD34,
    0xBD54, 0xBD54, 0xBD54, 0xB533, 0xBD34, 0xB533, 0xBD54, 0xBD54, 0xBD54, 0xBD54, 0xBD54, 0xBD54,
    0xBD34, 0xBD54, 0xC575, 0xC575, 0xC575, 0xCDF7, 0xCDF7, 0xCE37, 0xCE37, 0xCDF7, 0xCDF7, 0xCDF7,
    0xCDF7, 0xCE37, 0xCE37, 0xC5D6, 0xC5F7, 0xCE17, 0xCE37, 0xCE37, 0xCE37, 0xCDF7, 0xC5D6, 0xC595,
    0xBD75, 0xBD54, 0xBD54, 0xBD54, 0xBD54, 0xBD54, 0xBD54, 0xBD54, 0xB533, 0xBD74, 0xBD54, 0x942F,
    0x838C, 0x62C9, 0x62C9, 0x62C9, 0x62C9, 0x6AA9, 0x6AA9, 0x62CA, 0x62CA, 0x62CA, 0x62CA, 0x6AEA,
    0x6AEA, 0x6AEA, 0x6AEA, 0x6AEA, 0x6AEA, 0x7B8D, 0x7B8D, 0x83AE, 0x83AE, 0x83EF, 0x83EF, 0x83EF,
    0x83EF, 0xFFDE, 0xFFDE, 0xFFDE, 0xFFDE, 0xFFDE, 0xFFDE, 0xFFDE, 0xFFDE, 0xFFDE, 0xFFDE, 0xFFDE,
    0xFFDE, 0xFFDE, 0xFFDE, 0xFFDE, 0xFFDE, 0xFFDE, 0xFFDE, 0xFFDE, 0xFFDE, 0xFFDE, 0xFFDE, 0xFFDE,
    0xFFDE, 0xFFDE, 0xFFDE, 0xFFDE, 0xFFDE, 0xFFDE, 0xFFDE, 0xFFDE, 0xFFDE, 0xFFDE, 0xFFDE, 0xFFDE,
    0xFFDE, 0xFFDE, 0xFFDE, 0xFFDE, 0xFFDE, 0xFFDE, 0xFFDE, 0xFFDE, 0xFFDE, 0xFFDE, 0xFFDE, 0xFFDE,
    0xFFDE, 0xFFDE, 0xFFDE, 0xFFDE, 0xFFDE, 0xFFDE, 0xFFDE, 0xFFDE, 0xFFDE, 0xBDB6, 0xBDB6, 0x7B4C,
    0x7B4C, 0x7B4B, 0x7B4B, 0x7B0A, 0x7B0A, 0x7B0A, 0x7B0A, 0x7B0A, 0x7B0A, 0x7B0A, 0x7B0A, 0x7B0A,
    0x7B0A, 0x7AE9, 0x7AE9, 0x72A9, 0x72A9, 0x72A9, 0x72A9, 0xC554, 0xC554, 0xCDD6, 0xCDD6, 0xCDD6,
    0xCDD6, 0xCDD6, 0xCDB6, 0xB533, 0xBD54, 0xBD54, 0xBD54, 0xBD54, 0xBD54, 0xBD54, 0xBD54, 0xBD54,
    0xB533, 0xBD54, 0xBD54, 0xBD54, 0xB533, 0xC575, 0xC575, 0xC5B6, 0xC5B6, 0xC5F6, 0xC5F6, 0xC617,
    0xC617, 0xCE37, 0xCE37, 0xCDF7, 0xCDF7, 0xCE17, 0xCE17, 0xCDF7, 0xCE17, 0xCE17, 0xCE17, 0xCE17,
    0xCE17, 0xC5F6, 0xC5D6, 0xC595, 0xBD75, 0xBD74, 0xBD74, 0xBD74, 0xBD74, 0xBD54, 0xBD54, 0xC595,
    0xB513, 0xB534, 0xBD54, 0xB554, 0xB533, 0x9C70, 0x9C70, 0x83AD, 0x83AD, 0x62C9, 0x62C9, 0x6289,
    0x6289, 0x6289, 0x6289, 0x62CA, 0x62CA, 0x62CA, 0x62CA, 0x6AEA, 0x6AEA, 0x6AEA, 0x6AEA, 0x7BAD,
    0x7BAD, 0x8C0F, 0x8C0F, 0x8C30, 0x8C30, 0x83EF, 0x83EF, 0xFFDE, 0xFFDE, 0xFFDE, 0xFFDE, 0xFFDE,
    0xFFDE, 0xFFDE, 0xFFDE, 0xFFDE, 0xFFDE, 0xFFDE, 0xFFDE, 0xFFDE, 0xFFDE, 0xFFDE, 0xFFDE, 0xFFDE,
    0xFFDE, 0xFFDE, 0xFFDE, 0xFFDE, 0xFFDE, 0xFFDE, 0xFFDE, 0xFFDE, 0xFFDE, 0xFFDE, 0xFFDE, 0xFFDE,
    0xFFDE, 0xFFDE, 0xFFDE, 0xFFDE, 0xFFDE, 0xFFDE, 0xFFDE, 0xFFDE, 0xFFDE, 0xFFDE, 0xFFDE, 0xFFDE,
    0xFFDE, 0xFFDE, 0xFFDE, 0xFFDE, 0xFFDE, 0xFFDE, 0xFFDE, 0xFFDE, 0xFFDE, 0xFFDE, 0xFFDE, 0xFFDE,
    0xFFDE, 0xBDB6, 0xBDB6, 0x7B4C, 0x7B4C, 0x7B4B, 0x7B4B, 0x7B0A, 0x7B0A, 0x7B0A, 0x7B0A, 0x7B0A,
    0x7B0A, 0x7B0A, 0x7B0A, 0x7B0A, 0x7B0A, 0x7AE9, 0x7AE9, 0x72A9, 0x72A9, 0x72A9, 0x72A9, 0xC554,
    0xC554, 0xCDD6, 0xCDD6, 0xCDD6, 0xCDD6, 0xCDD6, 0xCDD6, 0xB533, 0xBD54, 0xBD54, 0xBD54, 0xBD54,
    0xBD54, 0xBD34, 0xB533, 0xBD54, 0xB533, 0xBD54, 0xBD54, 0xBD54, 0xB513, 0xC575, 0xC575, 0xC5B6,
    0xC5B6, 0xC5F6, 0xC5F6, 0xC617, 0xC617, 0xCE37, 0xCE37, 0xCDF7, 0xCDF7, 0xCE17, 0xCE17, 0xC5F7,
    0xCE17, 0xC5F6, 0xCDF7, 0xCE17, 0xCE17, 0xC5F7, 0xC5B5, 0xC595, 0xBD74, 0xBD74, 0xBD54, 0xBD54,
    0xBD54, 0xBD74, 0xBD95, 0xB554, 0x9C70, 0xB533, 0xA4B2, 0xB533, 0xB533, 0x9C70, 0x9C70, 0x83AD,
    0x83AD, 0x62C9, 0x62C9, 0x6289, 0x6289, 0x6289, 0x6289, 0x62CA, 0x62CA, 0x62CA, 0x62CA, 0x6AEA,
    0x6AEA, 0x6AEA, 0x6AEA, 0x7BAD, 0x7BAD, 0x8C0F, 0x8C0F, 0x8C30, 0x8C30, 0x83EF, 0x83EF, 0xFFDE,
    0xFFDE, 0xFFDE, 0xFFDE, 0xFFDE, 0xFFDE, 0xFFDE, 0xFFDE, 0xFFDE, 0xFFDE, 0xFFDE, 0xFFDE, 0xFFDE,
    0xFFDE, 0xFFDE, 0xFFDE, 0xFFDE, 0xFFDE, 0xFFDE, 0xFFDE, 0xFFDE, 0xFFDE, 0xFFDE, 0xFFDE, 0xFFDE,
    0xFFDE, 0xFFDE, 0xFFDE, 0xFFDE, 0xFFDE, 0xFFDE, 0xFFDE, 0xFFDE, 0xFFDE, 0xFFDE, 0xFFDE, 0xFFDE,
    0xFFDE, 0xFFDE, 0xFFDE, 0xFFDE, 0xFFDE, 0xFFDE, 0xFFDE, 0xFFDE, 0xFFDE, 0xFFDE, 0xFFDE, 0xFFDE,
    0xFFDE, 0xFFDE, 0xFFDE, 0xFFDE, 0xFFDE, 0xE6FB, 0xE6FB, 0xBD95, 0xBD95, 0x838C, 0x838C, 0x7AE9,
    0x7AE9, 0x7B0A, 0x7B0A, 0x7B0A, 0x7B0A, 0x7B0A, 0x7B0A, 0x7B0A, 0x7B0A, 0x72A9, 0x72A9, 0x7289,
    0x7289, 0x6A68, 0x6A68, 0xCD94, 0xCD94, 0xCDD6, 0xCDD6, 0xCD95, 0xCD95, 0xCD95, 0xC595, 0xBD54,
    0xBD74, 0xB513, 0xB533, 0xBD54, 0xBD54, 0xBD54, 0xBD54, 0xBD54, 0xBD54, 0xBD54, 0xB513, 0xB513,
    0xBD54, 0xC5B6, 0xC5B6, 0xC5B6, 0xC5B6, 0xC5F6, 0xC5F6, 0xC617, 0xC617, 0xCDF7, 0xCDF7, 0xCDF7,
    0xCDF7, 0xC5F6, 0xC5F6, 0xC5D6, 0xC5D6, 0xCDF6, 0xCDF7, 0xC5F6, 0xC5D6, 0xC5B5, 0xC595, 0xBD95,
    0xBD74, 0xBD74, 0xBD54, 0xBD75, 0xBD95, 0xBD95, 0xBD95, 0xBD95, 0xBD75, 0xBDB5, 0xBDB5, 0xC5F6,
    0xC5F6, 0xC5B6, 0xC5B6, 0xC595, 0xC595, 0xA491, 0xA491, 0x6289, 0x6289, 0x6289, 0x6289, 0x62CA,
    0x62CA, 0x62CA, 0x62CA, 0x6AEA, 0x6AEA, 0x6AEA, 0x6AEA, 0x6B2C, 0x6B2C, 0x7BAE, 0x7BAE, 0x8C0F,
    0x8C0F, 0x8C0F, 0x8C0F, 0x9450, 0x9450, 0xFFDE, 0xFFDE, 0xFFDE, 0xFFDE, 0xFFDE, 0xFFDE, 0xFFDE,
    0xFFDE, 0xFFDE, 0xFFDE, 0xFFDE, 0xFFDE, 0xFFDE, 0xFFDE, 0xFFDE, 0xFFDE, 0xFFDE, 0xFFDE, 0xFFDE,
    0xFFDE, 0xFFDE, 0xFFDE, 0xFFDE, 0xFFDE, 0xFFDE, 0xFFDE, 0xFFDE, 0xFFDE, 0xFFDE, 0xFFDE, 0xFFDE,
    0xFFDE, 0xFFDE, 0xFFDE, 0xFFDE, 0xFFDE, 0xFFDE, 0xFFDE, 0xFFDE, 0xFFDE, 0xFFDE, 0xFFDE, 0xFFDE,
    0xFFDE, 0xFFDE, 0xFFDE, 0xFFDE, 0xFFDE, 0xFFDE, 0xFFDE, 0xFFDE, 0xFFDE, 0xE6FB, 0xE6FB, 0xBD95,
    0xBD95, 0x838C, 0x838C, 0x7AE9, 0x7AE9, 0x7B0A, 0x7B0A, 0x7B0A, 0x7B0A, 0x7B0A, 0x7B0A, 0x7B0A,
    0x7B0A, 0x72A9, 0x72A9, 0x7289, 0x7289, 0x6A68, 0x6A68, 0xCD94, 0xCD94, 0xCDD6, 0xCDD6, 0xCD95,
    0xCD95, 0xCD95, 0xCD95, 0xC575, 0xC575, 0xB513, 0xB513, 0xBD54, 0xBD54, 0xBD34, 0xB513, 0xBD54,
    0xBD74, 0xB513, 0xACF3, 0xACF3, 0xBD34, 0xC5B6, 0xC5B6, 0xC5B6, 0xC5B6, 0xC5F6, 0xC5F6, 0xC617,
    0xC617, 0xCDF7, 0xCDF7, 0xCDF7, 0xCDF7, 0xC5F6, 0xC5F6, 0xC5D6, 0xC5D6, 0xC5D6, 0xC5D6, 0xC5D6,
    0xC5D6, 0xBD74, 0xBD74, 0xBD54, 0xBD54, 0xBD95, 0xBDB6, 0xBDB6, 0xBDB6, 0xB595, 0xB595, 0xB595,
    0xB595, 0xBDB5, 0xBDB5, 0xC5F6, 0xC5F6, 0xC5B6, 0xC5B6, 0xC595, 0xC595, 0xA491, 0xA491, 0x6289,
    0x6289, 0x6289, 0x6289, 0x62CA, 0x62CA, 0x62CA, 0x62CA, 0x6AEA, 0x6AEA, 0x6AEA, 0x6AEA, 0x6B2C,
    0x6B2C, 0x7BAE, 0x7BAE, 0x8C0F, 0x8C0F, 0x8C0F, 0x8C0F, 0x9450, 0x9450, 0xFFDE, 0xFFDE, 0xFFDE,
    0xFFDE, 0xFFDE, 0xFFDE, 0xFFDE, 0xFFDE, 0xFFDE, 0xFFDE, 0xFFDE, 0xFFDE, 0xFFDE, 0xFFDE, 0xFFDE,
    0xFFDE, 0xFFDE, 0xFFDE, 0xFFDE, 0xFFDE, 0xFFDE, 0xFFDE, 0xFFDE, 0xFFDE, 0xFFDE, 0xFFDE, 0xFFDE,
    0xFFDE, 0xFFDE, 0xFFDE, 0xFFDE, 0xFFDE, 0xFFDE, 0xFFDE, 0xFFDE, 0xFFDE, 0xFFDE, 0xFFDE, 0xFFDE,
    0xFFDE, 0xFFDE, 0xFFDE, 0xFFDE, 0xFFDE, 0xFFDE, 0xFFDE, 0xFFDE, 0xFFDE, 0xFFDE, 0xFFDE, 0xFFDE,
    0xFFDE, 0xFFDE, 0xFFDE, 0xB575, 0xB575, 0xACF2, 0xACF2, 0x7B2A, 0x7B2A, 0x7B0A, 0x7B0A, 0x7B0A,
    0x7B0A, 0x7B0A, 0x7B0A, 0x7AE9, 0x7AE9, 0x72A9, 0x72A9, 0x6A68, 0x6A68, 0x6227, 0x6227, 0xCD74,
    0xCD74, 0xCD95, 0xCD95, 0xCD95, 0xCD95, 0xCD95, 0xCD95, 0xCD95, 0xCD95, 0xCDD6, 0xCDD6, 0xCE17,
    0xCE17, 0xCE17, 0xCE17, 0xCDF7, 0xCDF7, 0xCDF7, 0xCDF6, 0xCDD6, 0xCDB6, 0xC5B6, 0xC5B6, 0xC5B6,
    0xC5B6, 0xC5F6, 0xC5F6, 0xC5F6, 0xC5F6, 0xC617, 0xC617, 0xC617, 0xC617, 0xC5F6, 0xC5F6, 0xC5B6,
    0xC5D6, 0xC5D6, 0xC5D6, 0xBDB5, 0xBDB5, 0xC5F6, 0xC5F6, 0xC5F7, 0xC5F7, 0xCE37, 0xCE37, 0xD678,
    0xD678, 0xCE37, 0xCE37, 0xCE37, 0xCE37, 0xC617, 0xC617, 0xC5F6, 0xC5F6, 0xC5B6, 0xC5B6, 0xC575,
    0xC575, 0xC575, 0xC575, 0x6268, 0x6268, 0x6289, 0x6289, 0x6289, 0x6289, 0x62CA, 0x62CA, 0x62CA,
    0x62CA, 0x6AEA, 0x6AEA, 0x6B2C, 0x6B2C, 0x7B8D, 0x7B8D, 0x840F, 0x840F, 0x83EF, 0x83EF, 0x83EF,
    0x83EF, 0xFFDE, 0xFFDE, 0xFFDE, 0xFFDE, 0xFFDE, 0xFFDE, 0xFFDE, 0xFFDE, 0xFFDE, 0xFFDE, 0xFFDE,
    0xFFDE, 0xFFDE, 0xFFDE, 0xFFDE, 0xFFDE, 0xFFDE, 0xFFDE, 0xFFDE, 0xFFDE, 0xFFDE, 0xFFDE, 0xFFDE,
    0xFFDE, 0xFFDE, 0xFFDE, 0xFFDE, 0xFFDE, 0xFFDE, 0xFFDE, 0xFFDE, 0xFFDE, 0xFFDE, 0xFFDE, 0xFFDE,
    0xFFDE, 0xFFDE, 0xFFDE, 0xFFDE, 0xFFDE, 0xFFDE, 0xFFDE, 0xFFDE, 0xFFDE, 0xFFDE, 0xFFDE, 0xFFDE,
    0xFFDE, 0xFFDE, 0xFFDE, 0xFFDE, 0xFFDE, 0xFFDE, 0xFFDE, 0xB575, 0xB575, 0xACF2, 0xACF2, 0x7B2A,
    0x7B2A, 0x7B0A, 0x7B0A, 0x7B0A, 0x7B0A, 0x7B0A, 0x7B0A, 0x7AE9, 0x7AE9, 0x72A9, 0x72A9, 0x6A68,
    0x6A68, 0x6227, 0x6227, 0xCD74, 0xCD74, 0xCD95, 0xCD95, 0xCD95, 0xCD95, 0xCD95, 0xCD95, 0xCD95,
    0xCD95, 0xCDD6, 0xCDD6, 0xCE17, 0xCE17, 0xCE17, 0xCE17, 0xCDF7, 0xCDF7, 0xCDF7, 0xCDF7, 0xCDD6,
    0xCDD6, 0xC5B6, 0xC5B6, 0xC5B6, 0xC5B6, 0xC5F6, 0xC5F6, 0xC5F6, 0xC5F6, 0xC617, 0xC617, 0xC617,
    0xC617, 0xC5F6, 0xC5F6, 0xC5B6, 0xC5B6, 0xC5B6, 0xC5B6, 0xBDB5, 0xBDB5, 0xC5F6, 0xC5F6, 0xC617,
    0xC617, 0xCE37, 0xCE37, 0xD678, 0xD678, 0xCE37, 0xCE37, 0xCE37, 0xCE37, 0xC617, 0xC617, 0xC5F6,
    0xC5F6, 0xC5B6, 0xC5B6, 0xC575, 0xC575, 0xC575, 0xC575, 0x6268, 0x6268, 0x6289, 0x6289, 0x6289,
    0x6289, 0x62CA, 0x62CA, 0x62CA, 0x62CA, 0x6AEA, 0x6AEA, 0x6B2C, 0x6B2C, 0x7B8D, 0x7B8D, 0x840F,
    0x840F, 0x83EF, 0x83EF, 0x83EF, 0x83EF, 0xFFDE, 0xFFDE, 0xFFDE, 0xFFDE, 0xFFDE, 0xFFDE, 0xFFDE,
    0xFFDE, 0xFFDE, 0xFFDE, 0xFFDE, 0xFFDE, 0xFFDE, 0xFFDE, 0xFFDE, 0xFFDE, 0xFFDE, 0xFFDE, 0xFFDE,
    0xFFDE, 0xFFDE, 0xFFDE, 0xFFDE, 0xFFDE, 0xFFDE, 0xFFDE, 0xFFDE, 0xFFDE, 0xFFDE, 0xFFDE, 0xFFDE,
    0xFFDE, 0xFFDE, 0xFFDE, 0xFFDE, 0xFFDE, 0xFFDE, 0xFFDE, 0xFFDE, 0xFFDE, 0xFFDE, 0xFFDE, 0xFFDE,
    0xFFDE, 0xFFDE, 0xFFDE, 0xFFDE, 0xFFDE, 0xFFDE, 0xFFDE, 0xFFDE, 0xFFDE, 0xFFDE, 0xFFDE, 0xFFDE,
    0xFFDE, 0xC5F6, 0xC5F6, 0xA490, 0xA490, 0x7B0A, 0x7B0A, 0x7AE9, 0x7AE9, 0x7AE9, 0x7AE9, 0x7AE9,
    0x7AE9, 0x72A9, 0x72A9, 0x6A68, 0x6A68, 0x6227, 0x6227, 0xCD74, 0xCD74, 0xCD74, 0xCD74, 0xBD54,
    0xBD54, 0xC575, 0xC575, 0xC5B6, 0xC5B6, 0xCDD6, 0xCDD6, 0xCDF7, 0xCDF7, 0xCDF7, 0xCDF7, 0xCDF7,
    0xCDF7, 0xCDF7, 0xCDF7, 0xCDF7, 0xCDF7, 0xC5B6, 0xC5B6, 0xBDB6, 0xBDB6, 0xBDB6, 0xBDB6, 0xC5F6,
    0xC5F6, 0xC5F6, 0xC5F6, 0xC5F6, 0xC5F6, 0xC5F6, 0xC5F6, 0xC5F6, 0xC5F6, 0xC5B6, 0xC5B6, 0xBDB5,
    0xBDB5, 0xC5F6, 0xC5F6, 0xC617, 0xC617, 0xCE37, 0xCE37, 0xCE37, 0xCE37, 0xCE37, 0xCE37, 0xCE37,
    0xCE37, 0xC617, 0xC617, 0xC5F6, 0xC5F6, 0xC5B6, 0xC5B6, 0xC575, 0xC575, 0xBD54, 0xBD54, 0x93EE,
    0x93EE, 0x6268, 0x6268, 0x6268, 0x6268, 0x6289, 0x6289, 0x62CA, 0x62CA, 0x6AEA, 0x6AEA, 0x6B2C,
    0x6B2C, 0x736D, 0x736D, 0x7BAE, 0x7BAE, 0x83EE, 0x83EE, 0x83EF, 0x83EF, 0x8C30, 0x8C30, 0xFFDE,
    0xFFDE, 0xFFDE, 0xFFDE, 0xFFDE, 0xFFDE, 0xFFDE, 0xFFDE, 0xFFDE, 0xFFDE, 0xFFDE, 0xFFDE, 0xFFDE,
    0xFFDE, 0xFFDE, 0xFFDE, 0xFFDE, 0xFFDE, 0xFFDE, 0xFFDE, 0xFFDE, 0xFFDE, 0xFFDE, 0xFFDE, 0xFFDE,
    0xFFDE, 0xFFDE, 0xFFDE, 0xFFDE, 0xFFDE, 0xFFDE, 0xFFDE, 0xFFDE, 0xFFDE, 0xFFDE, 0xFFDE, 0xFFDE,
    0xFFDE, 0xFFDE, 0xFFDE, 0xFFDE, 0xFFDE, 0xFFDE, 0xFFDE, 0xFFDE, 0xFFDE, 0xFFDE, 0xFFDE, 0xFFDE,
    0xFFDE, 0xFFDE, 0xFFDE, 0xFFDE, 0xFFDE, 0xC5F6, 0xC5F6, 0xA490, 0xA490, 0x7B0A, 0x7B0A, 0x7AE9,
    0x7AE9, 0x7AE9, 0x7AE9, 0x7AE9, 0x7AE9, 0x72A9, 0x72A9, 0x6A68, 0x6A68, 0x6227, 0x6227, 0xCD74,
    0xCD74, 0xCD74, 0xCD74, 0xBD54, 0xBD54, 0xC575, 0xC575, 0xC5B6, 0xC5B6, 0xCDD6, 0xCDD6, 0xCDF7,
    0xCDF7, 0xCDF7, 0xCDF7, 0xCDF7, 0xCDF7, 0xCDF7, 0xCDF7, 0xCDF7, 0xCDF7, 0xC5D6, 0xC5D6, 0xC5D6,
    0xC5D6, 0xC5F6, 0xC5F6, 0xC5F7, 0xC5F7, 0xC5F7, 0xC5F7, 0xC5F6, 0xC5F6, 0xC5F6, 0xC5F6, 0xC5F6,
    0xC5F6, 0xC5B6, 0xC5B6, 0xBD95, 0xBD95, 0xC5F6, 0xC5F6, 0xC617, 0xC617, 0xCE37, 0xCE37, 0xCE37,
    0xCE37, 0xCE37, 0xCE37, 0xCE37, 0xCE37, 0xC617, 0xC617, 0xC5F6, 0xC5F6, 0xC5B6, 0xC5B6, 0xC575,
    0xC575, 0xBD54, 0xBD54, 0x93EE, 0x93EE, 0x6268, 0x6268, 0x6268, 0x6268, 0x6289, 0x6289, 0x62CA,
    0x62CA, 0x6AEA, 0x6AEA, 0x6B2C, 0x6B2C, 0x736D, 0x736D, 0x7BAE, 0x7BAE, 0x83EE, 0x83EE, 0x83EF,
    0x83EF, 0x8C30, 0x8C30, 0xFFDE, 0xFFDE, 0xFFDE, 0xFFDE, 0xFFDE, 0xFFDE, 0xFFDE, 0xFFDE, 0xFFDE,
    0xFFDE, 0xFFDE, 0xFFDE, 0xFFDE, 0xFFDE, 0xFFDE, 0xFFDE, 0xFFDE, 0xFFDE, 0xFFDE, 0xFFDE, 0xFFDE,
    0xFFDE, 0xFFDE, 0xFFDE, 0xFFDE, 0xFFDE, 0xFFDE, 0xFFDE, 0xFFDE, 0xFFDE, 0xFFDE, 0xFFDE, 0xFFDE,
    0xFFDE, 0xFFDE, 0xFFDE, 0xFFDE, 0xFFDE, 0xFFDE, 0xFFDE, 0xFFDE, 0xFFDE, 0xFFDE, 0xFFDE, 0xFFDE,
    0xFFDE, 0xFFDE, 0xFFDE, 0xFFDE, 0xFFDE, 0xFFDE, 0xFFDE, 0xFFDE, 0xFFDE, 0xFFDE, 0xFFDE, 0xCDF6,
    0xCDF6, 0x9C2F, 0x9C2F, 0x7AE9, 0x7AE9, 0x7AE9, 0x7AE9, 0x72A9, 0x72A9, 0x72A9, 0x72A9, 0x7268,
    0x7268, 0x6227, 0x6227, 0xBD12, 0xBD12, 0xB4D2, 0xB4D2, 0xB4D2, 0xB4D2, 0xBD54, 0xBD54, 0xC5B6,
    0xC5B6, 0xCDD6, 0xCDD6, 0xCDF7, 0xCDF7, 0xCDF7, 0xCDF7, 0xCDF7, 0xCDF7, 0xCE37, 0xCE37, 0xCDF7,
    0xCDF7, 0xC5B6, 0xC5D6, 0xC5F7, 0xC5F7, 0xCDF7, 0xCDF7, 0xCDF7, 0xCDF7, 0xCDF7, 0xCDF7, 0xCDF7,
    0xC5F7, 0xC5F6, 0xC5F6, 0xC5F6, 0xC5F6, 0xBDB5, 0xBDB5, 0xB574, 0xB554, 0xC5F6, 0xC5F6, 0xCE37,
    0xCE37, 0xCE37, 0xCE37, 0xCE37, 0xCE37, 0xCE37, 0xCE37, 0xC617, 0xC617, 0xC5F6, 0xC5F6, 0xBD95,
    0xBD95, 0xB554, 0xB554, 0xB533, 0xB533, 0xB533, 0xB533, 0xA491, 0xA491, 0x836C, 0x836C, 0x6289,
    0x6289, 0x6289, 0x6289, 0x62CA, 0x62CA, 0x6B0B, 0x6B0B, 0x6B2C, 0x6B2C, 0x736D, 0x736D, 0x7BAE,
    0x7BAE, 0x7BAE, 0x7BAE, 0x83EF, 0x83EF, 0x9CB2, 0x9CB2, 0xFFDE, 0xFFDE, 0xFFDE, 0xFFDE, 0xFFDE,
    0xFFDE, 0xFFDE, 0xFFDE, 0xFFDE, 0xFFDE, 0xFFDE, 0xFFDE, 0xFFDE, 0xFFDE, 0xFFDE, 0xFFDE, 0xFFDE,
    0xFFDE, 0xFFDE, 0xFFDE, 0xFFDE, 0xFFDE, 0xFFDE, 0xFFDE, 0xFFDE, 0xFFDE, 0xFFDE, 0xFFDE, 0xFFDE,
    0xFFDE, 0xFFDE, 0xFFDE, 0xFFDE, 0xFFDE, 0xFFDE, 0xFFDE, 0xFFDE, 0xFFDE, 0xFFDE, 0xFFDE, 0xFFDE,
    0xFFDE, 0xFFDE, 0xFFDE, 0xFFDE, 0xFFDE, 0xFFDE, 0xFFDE, 0xFFDE, 0xFFDE, 0xFFDE, 0xFFDE, 0xFFDE,
    0xFFDE, 0xFFBE, 0xF7BE, 0xCDF7, 0xCDF6, 0x9C2F, 0x9C2F, 0x7AE9, 0x7AE9, 0x7AE9, 0x7AE9, 0x72A9,
    0x72A9, 0x72A9, 0x72A9, 0x7268, 0x7268, 0x6227, 0x6227, 0xBD12, 0xBD12, 0xB4D2, 0xB4D2, 0xB4D2,
    0xB4D2, 0xBD54, 0xBD54, 0xC5B6, 0xC5B6, 0xCDD6, 0xCDD6, 0xCDF7, 0xCDF7, 0xCDF7, 0xCDF7, 0xCDF7,
    0xCDF7, 0xCE37, 0xCE37, 0xCDF7, 0xCDF7, 0xC5D6, 0xCDF7, 0xCDF7, 0xCDF7, 0xCDF7, 0xCDF7, 0xCDF7,
    0xCDF7, 0xCDF7, 0xCDF7, 0xCDF7, 0xCDF7, 0xCDF7, 0xC5F7, 0xC5F6, 0xC5F6, 0xC5D6, 0xC5B5, 0xBD75,
    0xB575, 0xC5F6, 0xC5F6, 0xCE37, 0xCE37, 0xCE37, 0xCE37, 0xCE37, 0xCE37, 0xCE37, 0xCE37, 0xC617,
    0xC617, 0xC5F6, 0xC5F6, 0xBD95, 0xBD95, 0xB554, 0xB554, 0xB533, 0xB533, 0xB533, 0xB533, 0xA491,
    0xA491, 0x836C, 0x836C, 0x6289, 0x6289, 0x6289, 0x6289, 0x62CA, 0x62CA, 0x6B0B, 0x6B0B, 0x6B2C,
    0x6B2C, 0x736D, 0x736D, 0x7BAE, 0x7BAE, 0x7BAE, 0x7BAE, 0x83EF, 0x83EF, 0x9CB2, 0x9CB2, 0xFFDE,
    0xFFDE, 0xFFDE, 0xFFDE, 0xFFDE, 0xFFDE, 0xFFDE, 0xFFDE, 0xFFDE, 0xFFDE, 0xFFDE, 0xFFDE, 0xFFDE,
    0xFFDE, 0xFFDE, 0xFFDE, 0xFFDE, 0xFFDE, 0xFFDE, 0xFFDE, 0xFFDE, 0xFFDE, 0xFFDE, 0xFFDE, 0xFFDE,
    0xFFDE, 0xFFDE, 0xFFDE, 0xFFDE, 0xFFDE, 0xFFDE, 0xFFDE, 0xFFDE, 0xFFDE, 0xFFDE, 0xFFDE, 0xFFDE,
    0xFFDE, 0xFFDE, 0xFFDE, 0xFFDE, 0xFFDE, 0xFFDE, 0xFFDE, 0xFFDE, 0xFFDE, 0xFFDE, 0xFFDE, 0xFFDE,
    0xFFDE, 0xFFDE, 0xFFDE, 0xFFDE, 0xF7BE, 0xEF7D, 0xEF5C, 0xEF5C, 0xF79D, 0xBDB5, 0xBD95, 0x940E,
    0x940E, 0x7288, 0x7288, 0x72A9, 0x72A9, 0x72A9, 0x72A9, 0x7289, 0x7289, 0x7AEA, 0x7AEA, 0xB4B1,
    0xB4B1, 0xA491, 0xA491, 0xACB1, 0xACB1, 0xACD2, 0xACD2, 0xC575, 0xC575, 0xCDD6, 0xCDD6, 0xCDD6,
    0xCDD6, 0xCDF7, 0xCDF7, 0xCDF7, 0xCDF7, 0xCE17, 0xCE17, 0xC5D6, 0xC5D6, 0xC5D6, 0xC5F6, 0xC5F7,
    0xCDF7, 0xCDF7, 0xCDF7, 0xCDF7, 0xCDF7, 0xCDF7, 0xCDF7, 0xCDF7, 0xCDF7, 0xC5F7, 0xC5F6, 0xC5F6,
    0xC5F6, 0xC5D6, 0xC5B6, 0xBD95, 0xB554, 0xCE17, 0xCE17, 0xCE37, 0xCE37, 0xCE37, 0xCE37, 0xC617,
    0xC617, 0xC5F6, 0xC5F6, 0xC5F6, 0xC5F6, 0xBD95, 0xBD95, 0xB534, 0xB534, 0xA4D2, 0xA4D2, 0xA4D2,
    0xA4D2, 0xA491, 0xA491, 0x9C70, 0x9C70, 0x9C50, 0x9C50, 0x732B, 0x732B, 0x6289, 0x6289, 0x62CA,
    0x62CA, 0x6AEA, 0x6AEA, 0x6B2C, 0x6B2C, 0x734C, 0x734C, 0x7BAD, 0x7BAD, 0x7BAE, 0x7BAE, 0x7BAE,
    0x7BAE, 0x8C0F, 0x8C0F, 0xFFDE, 0xFFDE, 0xFFDE, 0xFFDE, 0xFFDE, 0xFFDE, 0xFFDE, 0xFFDE, 0xFFDE,
    0xFFDE, 0xFFDE, 0xFFDE, 0xFFDE, 0xFFDE, 0xFFDE, 0xFFDE, 0xFFDE, 0xFFDE, 0xFFDE, 0xFFDE, 0xFFDE,
    0xFFDE, 0xFFDE, 0xFFDE, 0xFFDE, 0xFFDE, 0xFFDE, 0xFFDE, 0xFFDE, 0xFFDE, 0xFFDE, 0xFFDE, 0xFFDE,
    0xFFDE, 0xFFDE, 0xFFDE, 0xFFDE, 0xFFDE, 0xFFDE, 0xFFDE, 0xFFDE, 0xFFDE, 0xFFDE, 0xFFDE, 0xFFDE,
    0xFFDE, 0xFFDE, 0xFFDE, 0xFFDE, 0xFFDE, 0xFFDE, 0xFFDE, 0xFFBE, 0xF77D, 0xE6FB, 0xDE99, 0xDEDA,
    0xEF5C, 0xC5B5, 0xBD95, 0x940E, 0x940E, 0x7288, 0x7288, 0x72A9, 0x72A9, 0x72A9, 0x72A9, 0x7289,
    0x7289, 0x7AEA, 0x7AEA, 0xB4B1, 0xB4B1, 0xA491, 0xA491, 0xACB1, 0xACB1, 0xACD2, 0xACD2, 0xC575,
    0xC575, 0xCDD6, 0xCDD6, 0xCDD6, 0xCDD6, 0xCDF7, 0xCDF7, 0xCDF7, 0xCDF7, 0xCE17, 0xCE17, 0xC5D6,
    0xC5D6, 0xC5D6, 0xC5D6, 0xC5D6, 0xC5F7, 0xCDF7, 0xCDF7, 0xC5F7, 0xC5F6, 0xC5F6, 0xC5D6, 0xC5D6,
    0xC5D6, 0xC5D6, 0xC5D6, 0xC5D6, 0xC5F6, 0xC5F6, 0xC5F7, 0xC5F7, 0xC5F6, 0xCE17, 0xCE17, 0xCE37,
    0xCE37, 0xCE37, 0xCE37, 0xC617, 0xC617, 0xC5F6, 0xC5F6, 0xC5F6, 0xC5F6, 0xBD95, 0xBD95, 0xB534,
    0xB534, 0xA4D2, 0xA4D2, 0xA4D2, 0xA4D2, 0xA491, 0xA491, 0x9C70, 0x9C70, 0x9C50, 0x9C50, 0x732B,
    0x732B, 0x6289, 0x6289, 0x62CA, 0x62CA, 0x6AEA, 0x6AEA, 0x6B2C, 0x6B2C, 0x734C, 0x734C, 0x7BAD,
    0x7BAD, 0x7BAE, 0x7BAE, 0x7BAE, 0x7BAE, 0x8C0F, 0x8C0F, 0xFFDE, 0xFFDE, 0xFFDE, 0xFFDE, 0xFFDE,
    0xFFDE, 0xFFDE, 0xFFDE, 0xFFDE, 0xFFDE, 0xFFDE, 0xFFDE, 0xFFDE, 0xFFDE, 0xFFDE, 0xFFDE, 0xFFDE,
    0xFFDE, 0xFFDE, 0xFFDE, 0xFFDE, 0xFFDE, 0xFFDE, 0xFFDE, 0xFFDE, 0xFFDE, 0xFFDE, 0xFFDE, 0xFFDE,
    0xFFDE, 0xFFDE, 0xFFDE, 0xFFDE, 0xFFDE, 0xFFDE, 0xFFDE, 0xFFDE, 0xFFDE, 0xFFDE, 0xFFDE, 0xFFDE,
    0xFFDE, 0xFFDE, 0xFFDE, 0xFFDE, 0xFFDE, 0xFFDE, 0xFFDE, 0xFFDE, 0xFFDE, 0xFFDE, 0xFFDE, 0xF7BE,
    0xEF5C, 0xDEB9, 0xD638, 0xD699, 0xEF3C, 0xF79D, 0xFFDE, 0xBD95, 0xBD95, 0x72A9, 0x72A9, 0x72A9,
    0x72A9, 0x72A9, 0x72A9, 0x7AC9, 0x7AC9, 0xAC70, 0xAC70, 0xA470, 0xA470, 0x9C70, 0x9C70, 0x9C0F,
    0x9C0F, 0x9BEF, 0x9BEF, 0xB513, 0xB513, 0xC5B6, 0xC5B6, 0xCDD6, 0xCDD6, 0xC617, 0xC617, 0xC617,
    0xC617, 0xCE17, 0xCE17, 0xC5D6, 0xC5D6, 0xC5D6, 0xC5D6, 0xC5D6, 0xC5D6, 0xC5D6, 0xC5D6, 0xC5D6,
    0xC5D6, 0xC5D6, 0xC5D6, 0xC5D6, 0xC5D6, 0xC5D6, 0xC5D6, 0xC5D6, 0xC5D6, 0xC5D6, 0xC5D6, 0xC5D6,
    0xBD95, 0xCDF7, 0xCE17, 0xCE37, 0xCE37, 0xCE37, 0xCE37, 0xC617, 0xC617, 0xC5F6, 0xC5F6, 0xBDB6,
    0xBDB6, 0xB575, 0xB575, 0xAD34, 0xAD34, 0x9471, 0x9471, 0x9450, 0x9450, 0x9450, 0x9450, 0x9471,
    0x9471, 0x9C91, 0x9C91, 0x9C91, 0x9C91, 0x83AD, 0x83AD, 0x6289, 0x6289, 0x62CA, 0x62CA, 0x6B2C,
    0x6B2C, 0x734C, 0x734C, 0x736D, 0x736D, 0x7BAD, 0x7BAD, 0x7BAD, 0x7BAD, 0x840F, 0x840F, 0xFFDE,
    0xFFDE, 0xFFDE, 0xFFDE, 0xFFDE, 0xFFDE, 0xFFDE, 0xFFDE, 0xFFDE, 0xFFDE, 0xFFDE, 0xFFDE, 0xFFDE,
    0xFFDE, 0xFFDE, 0xFFDE, 0xFFDE, 0xFFDE, 0xFFDE, 0xFFDE, 0xFFDE, 0xFFDE, 0xFFDE, 0xFFDE, 0xFFDE,
    0xFFDE, 0xFFDE, 0xFFDE, 0xFFDE, 0xFFDE, 0xFFDE, 0xFFDE, 0xFFDE, 0xFFDE, 0xFFDE, 0xFFDE, 0xFFDE,
    0xFFDE, 0xFFDE, 0xFFDE, 0xFFDE, 0xFFDE, 0xFFDE, 0xFFDE, 0xFFDE, 0xFFDE, 0xFFDE, 0xFFDE, 0xFFDE,
    0xFFDE, 0xFFDE, 0xFFDE, 0xFFBE, 0xEF7D, 0xE6FA, 0xDE99, 0xDEDA, 0xEF5C, 0xF79D, 0xFFDE, 0xBD95,
    0xBD95, 0x72A9, 0x72A9, 0x72A9, 0x72A9, 0x72A9, 0x72A9, 0x7AC9, 0x7AC9, 0xAC70, 0xAC70, 0xA470,
    0xA470, 0x9C70, 0x9C70, 0x9C0F, 0x9C0F, 0x9BEF, 0x9BEF, 0xB513, 0xB513, 0xC5B6, 0xC5B6, 0xCDD6,
    0xCDD6, 0xC617, 0xC617, 0xC617, 0xC617, 0xC617, 0xCE17, 0xCDF7, 0xC5D6, 0xC5D6, 0xC5D6, 0xC5D6,
    0xC5D6, 0xC5D6, 0xC5D6, 0xC5D6, 0xC5D6, 0xC5D6, 0xC5D6, 0xC5D6, 0xC5D6, 0xC5D6, 0xC5D6, 0xC5D6,
    0xC5D6, 0xC5D6, 0xC5D6, 0xC5D6, 0xC5B6, 0xCDF7, 0xCE17, 0xCE37, 0xCE37, 0xCE37, 0xCE37, 0xC617,
    0xC617, 0xC5F6, 0xC5F6, 0xBDB6, 0xBDB6, 0xB575, 0xB575, 0xAD34, 0xAD34, 0x9471, 0x9471, 0x9450,
    0x9450, 0x9450, 0x9450, 0x9471, 0x9471, 0x9C91, 0x9C91, 0x9C91, 0x9C91, 0x83AD, 0x83AD, 0x6289,
    0x6289, 0x62CA, 0x62CA, 0x6B2C, 0x6B2C, 0x734C, 0x734C, 0x736D, 0x736D, 0x7BAD, 0x7BAD, 0x7BAD,
    0x7BAD, 0x840F, 0x840F, 0xFFDE, 0xFFDE, 0xFFDE, 0xFFDE, 0xFFDE, 0xFFDE, 0xFFDE, 0xFFDE, 0xFFDE,
    0xFFDE, 0xFFDE, 0xFFDE, 0xFFDE, 0xFFDE, 0xFFDE, 0xFFDE, 0xFFDE, 0xFFDE, 0xFFDE, 0xFFDE, 0xFFDE,
    0xFFDE, 0xFFDE, 0xFFDE, 0xFFDE, 0xFFDE, 0xFFDE, 0xFFDE, 0xFFDE, 0xFFDE, 0xFFDE, 0xFFDE, 0xFFDE,
    0xFFDE, 0xFFDE, 0xFFDE, 0xFFDE, 0xFFDE, 0xFFDE, 0xFFDE, 0xFFDE, 0xFFDE, 0xFFDE, 0xFFDE, 0xFFDE,
    0xFFDE, 0xFFDE, 0xFFDE, 0xFFDE, 0xFFDE, 0xFFDE, 0xFFDE, 0xFFDE, 0xF7BE, 0xEF7D, 0xEF3C, 0xEF5C,
    0xF79D, 0xFFDE, 0xFFDE, 0xFFDE, 0xFFDE, 0xBD54, 0xBD54, 0x6A88, 0x6A88, 0x7AE9, 0x7AE9, 0x93AD,
    0x93AD, 0xAC91, 0xAC91, 0xA470, 0xA470, 0x9BEF, 0x9BEF, 0x9BEF, 0x9BEF, 0x9C0F, 0x9C0F, 0xB4F2,
    0xB4F2, 0xC5B6, 0xC5B6, 0xC5B6, 0xC5B6, 0xC5F6, 0xC5F6, 0xC617, 0xC617, 0xC5F6, 0xC5D6, 0xC5F6,
    0xC5D6, 0xC5D6, 0xC5D6, 0xC5D6, 0xC5D6, 0xC5D6, 0xC5D6, 0xC5D6, 0xC5D6, 0xC5D6, 0xC5D6, 0xC5D6,
    0xC5D6, 0xC5D6, 0xC5D6, 0xC5D6, 0xC5D6, 0xC5D6, 0xC5D6, 0xC5D6, 0xC5D6, 0xCDF7, 0xCE17, 0xC617,
    0xC617, 0xC617, 0xC617, 0xC5F6, 0xC5F6, 0xBDB6, 0xBDB6, 0xB575, 0xB575, 0xB554, 0xB554, 0xA4F3,
    0xA4F3, 0x9471, 0x9471, 0x9450, 0x9450, 0x9450, 0x9450, 0x9471, 0x9471, 0x9C91, 0x9C91, 0x9C91,
    0x9C91, 0x9C91, 0x9C91, 0x940F, 0x940F, 0x5A89, 0x5A89, 0x62CA, 0x62CA, 0x6B2C, 0x6B2C, 0x734C,
    0x734C, 0x736D, 0x736D, 0x7BAD, 0x7BAD, 0x83CE, 0x83CE, 0xFFDE, 0xFFDE, 0xFFDE, 0xFFDE, 0xFFDE,
    0xFFDE, 0xFFDE, 0xFFDE, 0xFFDE, 0xFFDE, 0xFFDE, 0xFFDE, 0xFFDE, 0xFFDE, 0xFFDE, 0xFFDE, 0xFFDE,
    0xFFDE, 0xFFDE, 0xFFDE, 0xFFDE, 0xFFDE, 0xFFDE, 0xFFDE, 0xFFDE, 0xFFDE, 0xFFDE, 0xFFDE, 0xFFDE,
    0xFFDE, 0xFFDE, 0xFFDE, 0xFFDE, 0xFFDE, 0xFFDE, 0xFFDE, 0xFFDE, 0xFFDE, 0xFFDE, 0xFFDE, 0xFFDE,
    0xFFDE, 0xFFDE, 0xFFDE, 0xFFDE, 0xFFDE, 0xFFDE, 0xFFDE, 0xFFDE, 0xFFDE, 0xFFDE, 0xFFDE, 0xFFDE,
    0xFFDE, 0xF7BE, 0xF7BE, 0xF7BE, 0xFFDE, 0xFFDE, 0xFFDE, 0xFFDE, 0xFFDE, 0xBD54, 0xBD54, 0x6A88,
    0x6A88, 0x7AE9, 0x7AE9, 0x93AD, 0x93AD, 0xAC91, 0xAC91, 0xA470, 0xA470, 0x9BEF, 0x9BEF, 0x9BEF,
    0x9BEF, 0x9C0F, 0x9C0F, 0xB4F2, 0xB4F2, 0xC5B6, 0xC5B6, 0xC5B6, 0xC5B6, 0xC5F6, 0xC5F6, 0xC617,
    0xC617, 0xC5F6, 0xC5F6, 0xC5D6, 0xC5D6, 0xC5B6, 0xC5D6, 0xC5D6, 0xC5B6, 0xC5B6, 0xC5B6, 0xC5B6,
    0xC5B6, 0xC5B6, 0xC5B6, 0xC5B6, 0xC5B6, 0xC5B6, 0xC5B6, 0xC5B6, 0xC5B6, 0xC5B6, 0xC5B6, 0xC5D6,
    0xC595, 0xC5F7, 0xCE17, 0xC617, 0xC617, 0xC617, 0xC617, 0xC5F6, 0xC5F6, 0xBDB6, 0xBDB6, 0xB575,
    0xB575, 0xB554, 0xB554, 0xA4F3, 0xA4F3, 0x9471, 0x9471, 0x9450, 0x9450, 0x9450, 0x9450, 0x9471,
    0x9471, 0x9C91, 0x9C91, 0x9C91, 0x9C91, 0x9C91, 0x9C91, 0x940F, 0x940F, 0x5A89, 0x5A89, 0x62CA,
    0x62CA, 0x6B2C, 0x6B2C, 0x734C, 0x734C, 0x736D, 0x736D, 0x7BAD, 0x7BAD, 0x83CE, 0x83CE, 0xFFDE,
    0xFFDE, 0xFFDE, 0xFFDE, 0xFFDE, 0xFFDE, 0xFFDE, 0xFFDE, 0xFFDE, 0xFFDE, 0xFFDE, 0xFFDE, 0xFFDE,
    0xFFDE, 0xFFDE, 0xFFDE, 0xFFDE, 0xFFDE, 0xFFDE, 0xFFDE, 0xFFDE, 0xFFDE, 0xFFDE, 0xFFDE, 0xFFDE,
    0xFFDE, 0xFFDE, 0xFFDE, 0xFFDE, 0xFFDE, 0xFFDE, 0xFFDE, 0xFFDE, 0xFFDE, 0xFFDE, 0xFFDE, 0xFFDE,
    0xFFDE, 0xFFDE, 0xFFDE, 0xFFDE, 0xFFDE, 0xFFDE, 0xFFDE, 0xFFDE, 0xFFDE, 0xFFDE, 0xFFDE, 0xFFDE,
    0xFFDE, 0xFFDE, 0xFFDE, 0xFFDE, 0xFFDE, 0xFFDE, 0xFFDE, 0xFFDE, 0xFFDE, 0xFFDE, 0xFFDE, 0xFFDE,
    0xFFDE, 0xF79D, 0xF79D, 0xC5B5, 0xC5B5, 0x72C9, 0x72C9, 0xA450, 0xA450, 0xA470, 0xA470, 0x9C2F,
    0x9C2F, 0x9BEF, 0x9BEF, 0x8BEE, 0x8BEE, 0x9C50, 0x9C50, 0xB4F2, 0xB4F2, 0xB575, 0xB575, 0xB554,
    0xB554, 0xB575, 0xB575, 0xBDB6, 0xBDB6, 0xBDB6, 0xBDB6, 0xB575, 0xBD95, 0xC5B6, 0xC5B6, 0xC5B6,
    0xC5B6, 0xBDB6, 0xBDB6, 0xBD95, 0xBD95, 0xBD95, 0xBD75, 0xBD95, 0xBD95, 0xBD95, 0xBD95, 0xBD95,
    0xBD95, 0xBD95, 0xBDB6, 0xC5B6, 0xC5D6, 0xCDF6, 0xC5D6, 0xC5F6, 0xC5F6, 0xBDB6, 0xBDB6, 0xBDB6,
    0xBDB6, 0xBDB6, 0xBDB6, 0xB554, 0xB554, 0xAD34, 0xAD34, 0xA4F3, 0xA4F3, 0x9471, 0x9471, 0x9450,
    0x9450, 0x9450, 0x9450, 0x9471, 0x9471, 0x9C91, 0x9C91, 0x9C91, 0x9C91, 0x9C91, 0x9C91, 0xFFDE,
    0xFFDE, 0x9CB1, 0x9CB1, 0x5248, 0x5248, 0x6B2C, 0x6B2C, 0x732C, 0x732C, 0x736D, 0x736D, 0x738D,
    0x738D, 0xFFDE, 0xFFDE, 0xFFDE, 0xFFDE, 0xFFDE, 0xFFDE, 0xFFDE, 0xFFDE, 0xFFDE, 0xFFDE, 0xFFDE,
    0xFFDE, 0xFFDE, 0xFFDE, 0xFFDE, 0xFFDE, 0xFFDE, 0xFFDE, 0xFFDE, 0xFFDE, 0xFFDE, 0xFFDE, 0xFFDE,
    0xFFDE, 0xFFDE, 0xFFDE, 0xFFDE, 0xFFDE, 0xFFDE, 0xFFDE, 0xFFDE, 0xFFDE, 0xFFDE, 0xFFDE, 0xFFDE,
    0xFFDE, 0xFFDE, 0xFFDE, 0xFFDE, 0xFFDE, 0xFFDE, 0xFFDE, 0xFFDE, 0xFFDE, 0xFFDE, 0xFFDE, 0xFFDE,
    0xFFDE, 0xFFDE, 0xFFDE, 0xFFDE, 0xFFDE, 0xFFDE, 0xFFDE, 0xFFDE, 0xFFDE, 0xFFDE, 0xFFDE, 0xFFDE,
    0xFFDE, 0xFFDE, 0xFFDE, 0xFFDE, 0xFFDE, 0xF79D, 0xF79D, 0xC5B5, 0xC5B5, 0x72C9, 0x72C9, 0xA450,
    0xA450, 0xA470, 0xA470, 0x9C2F, 0x9C2F, 0x9BEF, 0x9BEF, 0x8BEE, 0x8BEE, 0x9C50, 0x9C50, 0xB4F2,
    0xB4F2, 0xB575, 0xB575, 0xB554, 0xB554, 0xB575, 0xB575, 0xBDB6, 0xBDB6, 0xBDB6, 0xBDB6, 0xB575,
    0xB575, 0xBD95, 0xBDB5, 0xBD95, 0xBD75, 0xB575, 0xB575, 0xB575, 0xB554, 0xB554, 0xAD54, 0xAD54,
    0xB554, 0xB554, 0xB554, 0xB554, 0xB554, 0xB554, 0xB554, 0xBD95, 0xC5B6, 0xC5B6, 0xC5B6, 0xC5F6,
    0xC5F6, 0xBDB6, 0xBDB6, 0xBDB6, 0xBDB6, 0xBDB6, 0xBDB6, 0xB554, 0xB554, 0xAD34, 0xAD34, 0xA4F3,
    0xA4F3, 0x9471, 0x9471, 0x9450, 0x9450, 0x9450, 0x9450, 0x9471, 0x9471, 0x9C91, 0x9C91, 0x9C91,
    0x9C91, 0x9C91, 0x9C91, 0xFFDE, 0xFFDE, 0x9CB1, 0x9CB1, 0x5248, 0x5248, 0x6B2C, 0x6B2C, 0x732C,
    0x732C, 0x736D, 0x736D, 0x738D, 0x738D, 0xFFDE, 0xFFDE, 0xFFDE, 0xFFDE, 0xFFDE, 0xFFDE, 0xFFDE,
    0xFFDE, 0xFFDE, 0xFFDE, 0xFFDE, 0xFFDE, 0xFFDE, 0xFFDE, 0xFFDE, 0xFFDE, 0xFFDE, 0xFFDE, 0xFFDE,
    0xFFDE, 0xFFDE, 0xFFDE, 0xFFDE, 0xFFDE, 0xFFDE, 0xFFDE, 0xFFDE, 0xFFDE, 0xFFDE, 0xFFDE, 0xFFDE,
    0xFFDE, 0xFFDE, 0xFFDE, 0xFFDE, 0xFFDE, 0xFFDE, 0xFFDE, 0xFFDE, 0xFFDE, 0xFFDE, 0xFFDE, 0xFFDE,
    0xFFDE, 0xFFDE, 0xFFDE, 0xFFDE, 0xFFDE, 0xFFDE, 0xFFDE, 0xFFDE, 0xFFDE, 0xFFDE, 0xFFDE, 0xFFDE,
    0xFFDE, 0xFFDE, 0xFFDE, 0xFFDE, 0xFFDE, 0xFFDE, 0xFFDE, 0xFFDE, 0xFFDE, 0xFFDE, 0xFFDE, 0xF7BD,
    0xF7BD, 0x9C50, 0x9C50, 0xA450, 0xA450, 0xA470, 0xA470, 0x9C70, 0x9C70, 0x9430, 0x9430, 0x9BEF,
    0x9BEF, 0x8BEE, 0x8BEE, 0xAD13, 0xAD13, 0xB554, 0xB554, 0xB554, 0xB554, 0xB575, 0xB575, 0xB575,
    0xB575, 0xB554, 0xB554, 0xB575, 0xB575, 0xB554, 0xB575, 0xB575, 0xAD54, 0xAD54, 0xAD54, 0xAD54,
    0xAD54, 0xAD54, 0xAD54, 0xAD54, 0xAD54, 0xAD54, 0xAD54, 0xAD54, 0xAD54, 0xAD54, 0xAD54, 0xB554,
    0xBD95, 0xB554, 0xB554, 0xB554, 0xB554, 0xB554, 0xB554, 0xB575, 0xB575, 0xAD34, 0xAD34, 0xAD34,
    0xAD34, 0xAD13, 0xAD13, 0x9CB1, 0x9CB1, 0x9450, 0x9450, 0x9450, 0x9450, 0x9450, 0x9450, 0x9471,
    0x9471, 0x9CB1, 0x9CB1, 0x9CB1, 0x9CB1, 0x9C91, 0x9C91, 0xFFDE, 0xFFDE, 0xFFDE, 0xFFDE, 0xFFDE,
    0xFFDE, 0xFFDE, 0xFFDE, 0xFFDE, 0xFFDE, 0xFFDE, 0xFFDE, 0xFFDE, 0xFFDE, 0xFFDE, 0xFFDE, 0xFFDE,
    0xFFDE, 0xFFDE, 0xFFDE, 0xFFDE, 0xFFDE, 0xFFDE, 0xFFDE, 0xFFDE, 0xFFDE, 0xFFDE, 0xFFDE, 0xFFDE,
    0xFFDE, 0xFFDE, 0xFFDE, 0xFFDE, 0xFFDE, 0xFFDE, 0xFFDE, 0xFFDE, 0xFFDE, 0xFFDE, 0xFFDE, 0xFFDE,
    0xFFDE, 0xFFDE, 0xFFDE, 0xFFDE, 0xFFDE, 0xFFDE, 0xFFDE, 0xFFDE, 0xFFDE, 0xFFDE, 0xFFDE, 0xFFDE,
    0xFFDE, 0xFFDE, 0xFFDE, 0xFFDE, 0xFFDE, 0xFFDE, 0xFFDE, 0xFFDE, 0xFFDE, 0xFFDE, 0xFFDE, 0xFFDE,
    0xFFDE, 0xFFDE, 0xFFDE, 0xFFDE, 0xFFDE, 0xFFDE, 0xFFDE, 0xFFDE, 0xFFDE, 0xFFDE, 0xFFDE, 0xFFDE,
    0xFFDE, 0xFFDE, 0xFFDE, 0xF7BD, 0xF7BD, 0x9C50, 0x9C50, 0xA450, 0xA450, 0xA470, 0xA470, 0x9C70,
    0x9C70, 0x9430, 0x9430, 0x9BEF, 0x9BEF, 0x8BEE, 0x8BEE, 0xAD13, 0xAD13, 0xB554, 0xB554, 0xB554,
    0xB554, 0xB575, 0xB575, 0xB575, 0xB575, 0xB554, 0xB554, 0xB554, 0xAD54, 0xAD34, 0xAD34, 0xAD54,
    0xAD54, 0xAD54, 0xAD54, 0xAD54, 0xAD54, 0xAD54, 0xAD54, 0xAD54, 0xAD54, 0xAD54, 0xAD54, 0xAD54,
    0xAD54, 0xAD54, 0xAD54, 0xAD54, 0xB575, 0xB554, 0xB554, 0xB554, 0xB554, 0xB554, 0xB554, 0xB575,
    0xB575, 0xAD34, 0xAD34, 0xAD34, 0xAD34, 0xAD13, 0xAD13, 0x9CB1, 0x9CB1, 0x9450, 0x9450, 0x9450,
    0x9450, 0x9450, 0x9450, 0x9471, 0x9471, 0x9CB1, 0x9CB1, 0x9CB1, 0x9CB1, 0x9C91, 0x9C91, 0xFFDE,
    0xFFDE, 0xFFDE, 0xFFDE, 0xFFDE, 0xFFDE, 0xFFDE, 0xFFDE, 0xFFDE, 0xFFDE, 0xFFDE, 0xFFDE, 0xFFDE,
    0xFFDE, 0xFFDE, 0xFFDE, 0xFFDE, 0xFFDE, 0xFFDE, 0xFFDE, 0xFFDE, 0xFFDE, 0xFFDE, 0xFFDE, 0xFFDE,
    0xFFDE, 0xFFDE, 0xFFDE, 0xFFDE, 0xFFDE, 0xFFDE, 0xFFDE, 0xFFDE, 0xFFDE, 0xFFDE, 0xFFDE, 0xFFDE,
    0xFFDE, 0xFFDE, 0xFFDE, 0xFFDE, 0xFFDE, 0xFFDE, 0xFFDE, 0xFFDE, 0xFFDE, 0xFFDE, 0xFFDE, 0xFFDE,
    0xFFDE, 0xFFDE, 0xFFDE, 0xFFDE, 0xFFDE, 0xFFDE, 0xFFDE, 0xFFDE, 0xFFDE, 0xFFDE, 0xFFDE, 0xFFDE,
    0xFFDE, 0xFFDE, 0xFFDE, 0xFFDE, 0xFFDE, 0xFFDE, 0xFFDE, 0xFFDE, 0xFFDE, 0xFFDE, 0xFFDE, 0xFFDE,
    0xFFDE, 0xFFDE, 0xFFDE, 0xFFDE, 0xFFDE, 0xFFDE, 0xFFDE, 0xFFDE, 0xFFDE, 0xE6FB, 0xE6FB, 0xACD2,
    0xACD2, 0xA470, 0xA470, 0xA491, 0xA491, 0x9C70, 0x9C70, 0x9C70, 0x9C70, 0x9C70, 0x9C70, 0xA4D2,
    0xA4D2, 0xAD13, 0xAD13, 0xAD13, 0xAD13, 0xA4D2, 0xA4D2, 0xAD34, 0xAD34, 0xAD34, 0xAD34, 0xA4F3,
    0xAD13, 0xAD13, 0xAD13, 0xAD34, 0xAD34, 0xAD34, 0xAD34, 0xAD34, 0xAD34, 0xAD34, 0xAD34, 0xAD54,
    0xAD34, 0xAD54, 0xAD54, 0xAD54, 0xAD54, 0xAD54, 0xAD34, 0xAD34, 0xA4F3, 0x9CB2, 0x9C91, 0xAD13,
    0xAD13, 0xAD13, 0xAD13, 0xA4D2, 0xA4D2, 0xA4D2, 0xA4D2, 0xA4D2, 0xA4D2, 0x9C91, 0x9C91, 0x9471,
    0x9471, 0x9450, 0x9450, 0x9450, 0x9450, 0x9450, 0x9450, 0x9C91, 0x9C91, 0xAD13, 0xAD13, 0xAD13,
    0xAD13, 0xFFDE, 0xFFDE, 0xFFDE, 0xFFDE, 0xFFDE, 0xFFDE, 0xFFDE, 0xFFDE, 0xFFDE, 0xFFDE, 0xFFDE,
    0xFFDE, 0xFFDE, 0xFFDE, 0xFFDE, 0xFFDE, 0xFFDE, 0xFFDE, 0xFFDE, 0xFFDE, 0xFFDE, 0xFFDE, 0xFFDE,
    0xFFDE, 0xFFDE, 0xFFDE, 0xFFDE, 0xFFDE, 0xFFDE, 0xFFDE, 0xFFDE, 0xFFDE, 0xFFDE, 0xFFDE, 0xFFDE,
    0xFFDE, 0xFFDE, 0xFFDE, 0xFFDE, 0xFFDE, 0xFFDE, 0xFFDE, 0xFFDE, 0xFFDE, 0xFFDE, 0xFFDE, 0xFFDE,
    0xFFDE, 0xFFDE, 0xFFDE, 0xFFDE, 0xFFDE, 0xFFDE, 0xFFDE, 0xFFDE, 0xFFDE, 0xFFDE, 0xFFDE, 0xFFDE,
    0xFFDE, 0xFFDE, 0xFFDE, 0xFFDE, 0xFFDE, 0xFFDE, 0xFFDE, 0xFFDE, 0xFFDE, 0xFFDE, 0xFFDE, 0xFFDE,
    0xFFDE, 0xFFDE, 0xFFDE, 0xFFDE, 0xFFDE, 0xFFDE, 0xFFDE, 0xFFDE, 0xFFDE, 0xFFDE, 0xFFDE, 0xFFDE,
    0xFFDE, 0xE6FB, 0xE6FB, 0xACD2, 0xACD2, 0xA470, 0xA470, 0xA491, 0xA491, 0x9C70, 0x9C70, 0x9C70,
    0x9C70, 0x9C70, 0x9C70, 0xA4D2, 0xA4D2, 0xAD13, 0xAD13, 0xAD13, 0xAD13, 0xA4D2, 0xA4D2, 0xAD34,
    0xAD34, 0xAD34, 0xAD33, 0xA4F3, 0xAD13, 0xAD13, 0xAD13, 0xAD13, 0xAD33, 0xAD33, 0xAD33, 0xAD33,
    0xAD33, 0xAD34, 0xAD34, 0xAD34, 0xAD34, 0xAD34, 0xAD34, 0xAD34, 0xAD34, 0xAD34, 0xAD34, 0xAD13,
    0xA4F3, 0x9CB2, 0x9C91, 0xAD13, 0xAD13, 0xAD13, 0xAD13, 0xA4D2, 0xA4D2, 0xA4D2, 0xA4D2, 0xA4D2,
    0xA4D2, 0x9C91, 0x9C91, 0x9471, 0x9471, 0x9450, 0x9450, 0x9450, 0x9450, 0x9450, 0x9450, 0x9C91,
    0x9C91, 0xAD13, 0xAD13, 0xAD13, 0xAD13, 0xFFDE, 0xFFDE, 0xFFDE, 0xFFDE, 0xFFDE, 0xFFDE, 0xFFDE,
    0xFFDE, 0xFFDE, 0xFFDE, 0xFFDE, 0xFFDE, 0xFFDE, 0xFFDE, 0xFFDE, 0xFFDE, 0xFFDE, 0xFFDE, 0xFFDE,
    0xFFDE, 0xFFDE, 0xFFDE, 0xFFDE, 0xFFDE, 0xFFDE, 0xFFDE, 0xFFDE, 0xFFDE, 0xFFDE, 0xFFDE, 0xFFDE,
    0xFFDE, 0xFFDE, 0xFFDE, 0xFFDE, 0xFFDE, 0xFFDE, 0xFFDE, 0xFFDE, 0xFFDE, 0xFFDE, 0xFFDE, 0xFFDE,
    0xFFDE, 0xFFDE, 0xFFDE, 0xFFDE, 0xFFDE, 0xFFDE, 0xFFDE, 0xFFDE, 0xFFDE, 0xFFDE, 0xFFDE, 0xFFDE,
    0xFFDE, 0xFFDE, 0xFFDE, 0xFFDE, 0xFFDE, 0xFFDE, 0xFFDE, 0xFFDE, 0xFFDE, 0xFFDE, 0xFFDE, 0xFFDE,
    0xFFDE, 0xFFDE, 0xFFDE, 0xFFDE, 0xFFDE, 0xFFDE, 0xFFDE, 0xFFDE, 0xFFDE, 0xFFDE, 0xFFDE, 0xFFDE,
    0xFFDE, 0xFFDE, 0xFFDE, 0xFFDE, 0xFFDE, 0xFFDE, 0xFFDE, 0xBD54, 0xBD54, 0xB513, 0xB513, 0xBD33,
    0xBD33, 0xA491, 0xA491, 0x9C91, 0x9C91, 0x9CB1, 0x9CB1, 0x9450, 0x9450, 0x9450, 0x9450, 0x8C30,
    0x8C30, 0x9491, 0x9491, 0x8C30, 0x8C30, 0x9471, 0x9C91, 0x9CB2, 0x9C91, 0x9CD2, 0xA513, 0xAD13,
    0xAD13, 0xAD13, 0xAD13, 0xAD13, 0xAD13, 0xAD13, 0xAD13, 0xAD13, 0xAD13, 0xAD13, 0xAD13, 0xAD13,
    0xAD13, 0xAD13, 0xAD13, 0xAD13, 0xA4F2, 0x9C91, 0x9470, 0x9471, 0x9471, 0x9471, 0x9471, 0x9450,
    0x9450, 0x9450, 0x9450, 0x9450, 0x9450, 0x9450, 0x9450, 0x9450, 0x9450, 0x9450, 0x9450, 0x9471,
    0x9471, 0x9C91, 0x9C91, 0xAD13, 0xAD13, 0xAD34, 0xAD34, 0xB554, 0xB554, 0xEF5C, 0xEF5C, 0xFFDE,
    0xFFDE, 0xFFDE, 0xFFDE, 0xFFDE, 0xFFDE, 0xFFDE, 0xFFDE, 0xFFDE, 0xFFDE, 0xFFDE, 0xFFDE, 0xFFDE,
    0xFFDE, 0xFFDE, 0xFFDE, 0xFFDE, 0xFFDE, 0xFFDE, 0xFFDE, 0xFFDE, 0xFFDE, 0xFFDE, 0xFFDE, 0xFFDE,
    0xFFDE, 0xFFDE, 0xFFDE, 0xFFDE, 0xFFDE, 0xFFDE, 0xFFDE, 0xFFDE, 0xFFDE, 0xFFDE, 0xFFDE, 0xFFDE,
    0xFFDE, 0xFFDE, 0xFFDE, 0xFFDE, 0xFFDE, 0xFFDE, 0xFFDE, 0xFFDE, 0xFFDE, 0xFFDE, 0xFFDE, 0xFFDE,
    0xFFDE, 0xFFDE, 0xFFDE, 0xFFDE, 0xFFDE, 0xFFDE, 0xFFDE, 0xFFDE, 0xFFDE, 0xFFDE, 0xFFDE, 0xFFDE,
    0xFFDE, 0xFFDE, 0xFFDE, 0xFFDE, 0xFFDE, 0xFFDE, 0xFFDE, 0xFFDE, 0xFFDE, 0xFFDE, 0xFFDE, 0xFFDE,
    0xFFDE, 0xFFDE, 0xFFDE, 0xFFDE, 0xFFDE, 0xFFDE, 0xFFDE, 0xFFDE, 0xFFDE, 0xFFDE, 0xFFDE, 0xBD54,
    0xBD54, 0xB513, 0xB513, 0xBD33, 0xBD33, 0xA491, 0xA491, 0x9C91, 0x9C91, 0x9CB1, 0x9CB1, 0x9450,
    0x9450, 0x9450, 0x9450, 0x8C30, 0x8C30, 0x9491, 0x9491, 0x8C30, 0x8C30, 0x9470, 0x9C91, 0x9471,
    0x8C0F, 0x8C0F, 0x83EF, 0x8C0F, 0xA4D2, 0xAD13, 0xAD13, 0xAD13, 0xAD13, 0xAD13, 0xAD13, 0xAD13,
    0xAD13, 0xAD13, 0xAD13, 0xAD13, 0xAD13, 0xAD13, 0xAD13, 0xAD13, 0xA4F3, 0x9470, 0x83EF, 0x9471,
    0x9471, 0x9471, 0x9471, 0x9450, 0x9450, 0x9450, 0x9450, 0x9450, 0x9450, 0x9450, 0x9450, 0x9450,
    0x9450, 0x9450, 0x9450, 0x9471, 0x9471, 0x9C91, 0x9C91, 0xAD13, 0xAD13, 0xAD34, 0xAD34, 0xB554,
    0xB554, 0xEF5C, 0xEF5C, 0xFFDE, 0xFFDE, 0xFFDE, 0xFFDE, 0xFFDE, 0xFFDE, 0xFFDE, 0xFFDE, 0xFFDE,
    0xFFDE, 0xFFDE, 0xFFDE, 0xFFDE, 0xFFDE, 0xFFDE, 0xFFDE, 0xFFDE, 0xFFDE, 0xFFDE, 0xFFDE, 0xFFDE,
    0xFFDE, 0xFFDE, 0xFFDE, 0xFFDE, 0xFFDE, 0xFFDE, 0xFFDE, 0xFFDE, 0xFFDE, 0xFFDE, 0xFFDE, 0xFFDE,
    0xFFDE, 0xFFDE, 0xFFDE, 0xFFDE, 0xFFDE, 0xFFDE, 0xFFDE, 0xFFDE, 0xFFDE, 0xFFDE, 0xFFDE, 0xFFDE,
    0xFFDE, 0xFFDE, 0xFFDE, 0xFFDE, 0xFFDE, 0xFFDE, 0xFFDE, 0xFFDE, 0xFFDE, 0xFFDE, 0xFFDE, 0xFFDE,
    0xFFDE, 0xFFDE, 0xFFDE, 0xFFDE, 0xFFDE, 0xFFDE, 0xFFDE, 0xFFDE, 0xFFDE, 0xFFDE, 0xFFDE, 0xFFDE,
    0xFFDE, 0xFFDE, 0xFFDE, 0xFFDE, 0xFFDE, 0xFFDE, 0xFFDE, 0xFFDE, 0xFFDE, 0xFFDE, 0xFFDE, 0xFFDE,
    0xFFDE, 0xFFDE, 0xFFDE, 0xCE37, 0xCE37, 0xC595, 0xC595, 0xBD33, 0xBD33, 0xA4D2, 0xA4D2, 0xA4D2,
    0xA4D2, 0x9C91, 0x9C91, 0x9450, 0x9450, 0x8C30, 0x8C30, 0x8C30, 0x8C30, 0x8C0F, 0x8C0F, 0x83EE,
    0x83EE, 0x83CE, 0x83CE, 0x8C2F, 0x9470, 0x8C30, 0x9450, 0x8C2F, 0x9450, 0xA4D2, 0x9CB2, 0x9C91,
    0xA4F2, 0xAD13, 0xAD13, 0xAD13, 0xAD13, 0xAD13, 0xA4F3, 0xAD13, 0xAD13, 0x9471, 0x9470, 0x83EF,
    0x7BAE, 0x7B8D, 0x7B8D, 0x736D, 0x736D, 0x736D, 0x736D, 0x7BAE, 0x7BAE, 0x83EF, 0x83EF, 0x8C0F,
    0x8C0F, 0x8C0F, 0x8C0F, 0x8C30, 0x8C30, 0x9450, 0x9450, 0x9471, 0x9471, 0xA4D2, 0xA4D2, 0xAD34,
    0xAD34, 0xB554, 0xB554, 0xB554, 0xB554, 0xBDB6, 0xBDB6, 0xFFDE, 0xFFDE, 0xFFDE, 0xFFDE, 0xFFDE,
    0xFFDE, 0xFFDE, 0xFFDE, 0xFFDE, 0xFFDE, 0xFFDE, 0xFFDE, 0xFFDE, 0xFFDE, 0xFFDE, 0xFFDE, 0xFFDE,
    0xFFDE, 0xFFDE, 0xFFDE, 0xFFDE, 0xFFDE, 0xFFDE, 0xFFDE, 0xFFDE, 0xFFDE, 0xFFDE, 0xFFDE, 0xFFDE,
    0xFFDE, 0xFFDE, 0xFFDE, 0xFFDE, 0xFFDE, 0xFFDE, 0xFFDE, 0xFFDE, 0xFFDE, 0xFFDE, 0xFFDE, 0xFFDE,
    0xFFDE, 0xFFDE, 0xFFDE, 0xFFDE, 0xFFDE, 0xFFDE, 0xFFDE, 0xFFDE, 0xFFDE, 0xFFDE, 0xFFDE, 0xFFDE,
    0xFFDE, 0xFFDE, 0xFFDE, 0xFFDE, 0xFFDE, 0xFFDE, 0xFFDE, 0xFFDE, 0xFFDE, 0xFFDE, 0xFFDE, 0xFFDE,
    0xFFDE, 0xFFDE, 0xFFDE, 0xFFDE, 0xFFDE, 0xFFDE, 0xFFDE, 0xFFDE, 0xFFDE, 0xFFDE, 0xFFDE, 0xFFDE,
    0xFFDE, 0xFFDE, 0xFFDE, 0xFFDE, 0xFFDE, 0xFFDE, 0xFFDE, 0xCE37, 0xCE37, 0xC595, 0xC595, 0xBD33,
    0xBD33, 0xA4D2, 0xA4D2, 0xA4D2, 0xA4D2, 0x9C91, 0x9C91, 0x9450, 0x9450, 0x8C30, 0x8C30, 0x8C30,
    0x8C30, 0x8C0F, 0x8C0F, 0x83EE, 0x83EE, 0x7BAE, 0x7BAE, 0x83CE, 0x83CE, 0x83CE, 0x8C0F, 0x8C30,
    0x8C30, 0x8C30, 0x9450, 0x9450, 0x9CB1, 0xA4F3, 0xA4F3, 0xA4F2, 0xA4F3, 0x9CD2, 0x9450, 0x8C30,
    0x83EE, 0x8C0F, 0x8C0F, 0x83CE, 0x7BAE, 0x7B8D, 0x83EF, 0x7BAE, 0x736D, 0x736D, 0x736D, 0x7BAE,
    0x7BAE, 0x83EF, 0x83EF, 0x8C0F, 0x8C0F, 0x8C0F, 0x8C0F, 0x8C30, 0x8C30, 0x9450, 0x9450, 0x9471,
    0x9471, 0xA4D2, 0xA4D2, 0xAD34, 0xAD34, 0xB554, 0xB554, 0xB554, 0xB554, 0xBDB6, 0xBDB6, 0xFFDE,
    0xFFDE, 0xFFDE, 0xFFDE, 0xFFDE, 0xFFDE, 0xFFDE, 0xFFDE, 0xFFDE, 0xFFDE, 0xFFDE, 0xFFDE, 0xFFDE,
    0xFFDE, 0xFFDE, 0xFFDE, 0xFFDE, 0xFFDE, 0xFFDE, 0xFFDE, 0xFFDE, 0xFFDE, 0xFFDE, 0xFFDE, 0xFFDE,
    0xFFDE, 0xFFDE, 0xFFDE, 0xFFDE, 0xFFDE, 0xFFDE, 0xFFDE, 0xFFDE, 0xFFDE, 0xFFDE, 0xFFDE, 0xFFDE,
    0xFFDE, 0xFFDE, 0xFFDE, 0xFFDE, 0xFFDE, 0xFFDE, 0xFFDE, 0xFFDE, 0xFFDE, 0xFFDE, 0xFFDE, 0xFFDE,
    0xFFDE, 0xFFDE, 0xFFDE, 0xFFDE, 0xFFDE, 0xFFDE, 0xFFDE, 0xFFDE, 0xFFDE, 0xFFDE, 0xFFDE, 0xFFDE,
    0xFFDE, 0xFFDE, 0xFFDE, 0xFFDE, 0xFFDE, 0xFFDE, 0xFFDE, 0xFFDE, 0xFFDE, 0xFFDE, 0xFFDE, 0xFFDE,
    0xFFDE, 0xFFDE, 0xFFDE, 0xFFDE, 0xFFDE, 0xFFDE, 0xFFDE, 0xFFDE, 0xFFDE, 0xFFDE, 0xFFDE, 0xFFDE,
    0xFFDE, 0xD658, 0xD658, 0xBDB5, 0xBDB5, 0xA4D2, 0xA4D2, 0xA4D2, 0xA4D2, 0x9CB1, 0x9CB1, 0x8C0F,
    0x8C0F, 0x83EE, 0x83EE, 0x7BAE, 0x7BAE, 0x7B8D, 0x7B8D, 0x736D, 0x736D, 0x6B2C, 0x6B2C, 0x62CA,
    0x6B0B, 0x7BAD, 0x83EF, 0x7BAE, 0x8C0F, 0x8C2F, 0x83EF, 0x8C0F, 0x8C2F, 0x8C0F, 0x83EF, 0x83CE,
    0x83CE, 0x8C0F, 0x8C0F, 0x8C0F, 0x8C0F, 0x8C0F, 0x8C0F, 0x83EF, 0x6B2C, 0x7BAE, 0x8C2F, 0x736D,
    0x734C, 0x6B0B, 0x62CA, 0x736D, 0x736D, 0x7B8D, 0x7B8D, 0x7BAE, 0x7BAE, 0x7BAE, 0x7BAE, 0x8C0F,
    0x8C0F, 0x8C30, 0x8C30, 0x9C91, 0x9C91, 0xAD13, 0xAD13, 0xB554, 0xB554, 0xB575, 0xB575, 0xB575,
    0xB575, 0xFFDE, 0xFFDE, 0xFFDE, 0xFFDE, 0xFFDE, 0xFFDE, 0xFFDE, 0xFFDE, 0xFFDE, 0xFFDE, 0xFFDE,
    0xFFDE, 0xFFDE, 0xFFDE, 0xFFDE, 0xFFDE, 0xFFDE, 0xFFDE, 0xFFDE, 0xFFDE, 0xFFDE, 0xFFDE, 0xFFDE,
    0xFFDE, 0xFFDE, 0xFFDE, 0xFFDE, 0xFFDE, 0xFFDE, 0xFFDE, 0xFFDE, 0xFFDE, 0xFFDE, 0xFFDE, 0xFFDE,
    0xFFDE, 0xFFDE, 0xFFDE, 0xFFDE, 0xFFDE, 0xFFDE, 0xFFDE, 0xFFDE, 0xFFDE, 0xFFDE, 0xFFDE, 0xFFDE,
    0xFFDE, 0xFFDE, 0xFFDE, 0xFFDE, 0xFFDE, 0xFFDE, 0xFFDE, 0xFFDE, 0xFFDE, 0xFFDE, 0xFFDE, 0xFFDE,
    0xFFDE, 0xFFDE, 0xFFDE, 0xFFDE, 0xFFDE, 0xFFDE, 0xFFDE, 0xFFDE, 0xFFDE, 0xFFDE, 0xFFDE, 0xFFDE,
    0xFFDE, 0xFFDE, 0xFFDE, 0xFFDE, 0xFFDE, 0xFFDE, 0xFFDE, 0xFFDE, 0xFFDE, 0xFFDE, 0xFFDE, 0xFFDE,
    0xFFDE, 0xFFDE, 0xFFDE, 0xFFDE, 0xFFDE, 0xD658, 0xD658, 0xBDB5, 0xBDB5, 0xA4D2, 0xA4D2, 0xA4D2,
    0xA4D2, 0x9CB1, 0x9CB1, 0x8C0F, 0x8C0F, 0x83EE, 0x83EE, 0x7BAE, 0x7BAE, 0x7B8D, 0x7B8D, 0x736D,
    0x736D, 0x6B2C, 0x6B2C, 0x62CA, 0x8C0F, 0x8C0F, 0x8C0F, 0x8C2F, 0x8C0F, 0x8C30, 0x8C30, 0x8C0F,
    0x8C0F, 0x8C0F, 0x8C0F, 0x8C30, 0x8C0F, 0x8C2F, 0x8C0F, 0x8C30, 0x8C2F, 0x83EF, 0x7BAD, 0x736D,
    0x7BAE, 0x8C0F, 0x83EF, 0x734C, 0x62CA, 0x62CA, 0x62CA, 0x736D, 0x736D, 0x7B8D, 0x7B8D, 0x7BAE,
    0x7BAE, 0x7BAE, 0x7BAE, 0x8C0F, 0x8C0F, 0x8C30, 0x8C30, 0x9C91, 0x9C91, 0xAD13, 0xAD13, 0xB554,
    0xB554, 0xB575, 0xB575, 0xB575, 0xB575, 0xFFDE, 0xFFDE, 0xFFDE, 0xFFDE, 0xFFDE, 0xFFDE, 0xFFDE,
    0xFFDE, 0xFFDE, 0xFFDE, 0xFFDE, 0xFFDE, 0xFFDE, 0xFFDE, 0xFFDE, 0xFFDE, 0xFFDE, 0xFFDE, 0xFFDE,
    0xFFDE, 0xFFDE, 0xFFDE, 0xFFDE, 0xFFDE, 0xFFDE, 0xFFDE, 0xFFDE, 0xFFDE, 0xFFDE, 0xFFDE, 0xFFDE,
    0xFFDE, 0xFFDE, 0xFFDE, 0xFFDE, 0xFFDE, 0xFFDE, 0xFFDE, 0xFFDE, 0xFFDE, 0xFFDE, 0xFFDE, 0xFFDE,
    0xFFDE, 0xFFDE, 0xFFDE, 0xFFDE, 0xFFDE, 0xFFDE, 0xFFDE, 0xFFDE, 0xFFDE, 0xFFDE, 0xFFDE, 0xFFDE,
    0xFFDE, 0xFFDE, 0xFFDE, 0xFFDE, 0xFFDE, 0xFFDE, 0xFFDE, 0xFFDE, 0xFFDE, 0xFFDE, 0xFFDE, 0xFFDE,
    0xFFDE, 0xFFDE, 0xFFDE, 0xFFDE, 0xFFDE, 0xFFDE, 0xFFDE, 0xFFDE, 0xFFDE, 0xFFDE, 0xFFDE, 0xFFDE,
    0xFFDE, 0xFFDE, 0xFFDE, 0xFFDE, 0xFFDE, 0xFFDE, 0xFFDE, 0xFFDE, 0xFFDE, 0xFFDE, 0xFFDE, 0xC5F7,
    0xC5F7, 0xAD34, 0xAD34, 0xA4D2, 0xA4D2, 0x8C30, 0x8C30, 0x83EE, 0x83EE, 0x7BAE, 0x7BAE, 0x7B8D,
    0x7B8D, 0x736D, 0x736D, 0x6B2C, 0x6B2C, 0x62CA, 0x62CA, 0x62CA, 0x734C, 0x7BAE, 0x83CE, 0x8C2F,
    0x8C2F, 0x8C30, 0x8C30, 0x8C2F, 0x8C30, 0x8C2F, 0x8C30, 0x8C30, 0x8C30, 0x8C30, 0x8C30, 0x8C30,
    0x8C2F, 0x8C0F, 0x83EF, 0x8C0F, 0x8C0F, 0x83EF, 0x7B8D, 0x6B0B, 0x62CA, 0x62CA, 0x62CA, 0x6B2C,
    0x6B2C, 0x734C, 0x734C, 0x736D, 0x736D, 0x7BAE, 0x7BAE, 0x8C0F, 0x8C0F, 0x8C30, 0x8C30, 0x9C91,
    0x9C91, 0xAD34, 0xAD34, 0xB575, 0xB575, 0xC5F6, 0xC5F6, 0xC5F6, 0xC5F6, 0xFFDE, 0xFFDE, 0xFFDE,
    0xFFDE, 0xFFDE, 0xFFDE, 0xFFDE, 0xFFDE, 0xFFDE, 0xFFDE, 0xFFDE, 0xFFDE, 0xFFDE, 0xFFDE, 0xFFDE,
    0xFFDE, 0xFFDE, 0xFFDE, 0xFFDE, 0xFFDE, 0xFFDE, 0xFFDE, 0xFFDE, 0xFFDE, 0xFFDE, 0xFFDE, 0xFFDE,
    0xFFDE, 0xFFDE, 0xFFDE, 0xFFDE, 0xFFDE, 0xFFDE, 0xFFDE, 0xFFDE, 0xFFDE, 0xFFDE, 0xFFDE, 0xFFDE,
    0xFFDE, 0xFFDE, 0xFFDE, 0xFFDE, 0xFFDE, 0xFFDE, 0xFFDE, 0xFFDE, 0xFFDE, 0xFFDE, 0xFFDE, 0xFFDE,
    0xFFDE, 0xFFDE, 0xFFDE, 0xFFDE, 0xFFDE, 0xFFDE, 0xFFDE, 0xFFDE, 0xFFDE, 0xFFDE, 0xFFDE, 0xFFDE,
    0xFFDE, 0xFFDE, 0xFFDE, 0xFFDE, 0xFFDE, 0xFFDE, 0xFFDE, 0xFFDE, 0xFFDE, 0xFFDE, 0xFFDE, 0xFFDE,
    0xFFDE, 0xFFDE, 0xFFDE, 0xFFDE, 0xFFDE, 0xFFDE, 0xFFDE, 0xFFDE, 0xFFDE, 0xFFDE, 0xFFDE, 0xFFDE,
    0xFFDE, 0xFFDE, 0xFFDE, 0xC5F7, 0xC5F7, 0xAD34, 0xAD34, 0xA4D2, 0xA4D2, 0x8C30, 0x8C30, 0x83EE,
    0x83EE, 0x7BAE, 0x7BAE, 0x7B8D, 0x7B8D, 0x736D, 0x736D, 0x6B2C, 0x6B2C, 0x62CA, 0x62CA, 0x5A89,
    0x6B0B, 0x6B0B, 0x734C, 0x736D, 0x7BAE, 0x83EF, 0x8C0F, 0x83CE, 0x83CE, 0x8C2F, 0x8C30, 0x8C2F,
    0x8C0F, 0x8C0F, 0x8C0F, 0x83CE, 0x734C, 0x6B2C, 0x7BAE, 0x8C0F, 0x83EF, 0x83CE, 0x736D, 0x734C,
    0x62EA, 0x62CA, 0x62CA, 0x6B2C, 0x6B2C, 0x734C, 0x734C, 0x736D, 0x736D, 0x7BAE, 0x7BAE, 0x8C0F,
    0x8C0F, 0x8C30, 0x8C30, 0x9C91, 0x9C91, 0xAD34, 0xAD34, 0xB575, 0xB575, 0xC5F6, 0xC5F6, 0xC5F6,
    0xC5F6, 0xFFDE, 0xFFDE, 0xFFDE, 0xFFDE, 0xFFDE, 0xFFDE, 0xFFDE, 0xFFDE, 0xFFDE, 0xFFDE, 0xFFDE,
    0xFFDE, 0xFFDE, 0xFFDE, 0xFFDE, 0xFFDE, 0xFFDE, 0xFFDE, 0xFFDE, 0xFFDE, 0xFFDE, 0xFFDE, 0xFFDE,
    0xFFDE, 0xFFDE, 0xFFDE, 0xFFDE, 0xFFDE, 0xFFDE, 0xFFDE, 0xFFDE, 0xFFDE, 0xFFDE, 0xFFDE, 0xFFDE,
    0xFFDE, 0xFFDE, 0xFFDE, 0xFFDE, 0xFFDE, 0xFFDE, 0xFFDE, 0xFFDE, 0xFFDE, 0xFFDE, 0xFFDE, 0xFFDE,
    0xFFDE, 0xFFDE, 0xFFDE, 0xFFDE, 0xFFDE, 0xFFDE, 0xFFDE, 0xFFDE, 0xFFDE, 0xFFDE, 0xFFDE, 0xFFDE,
    0xFFDE, 0xFFDE, 0xFFDE, 0xFFDE, 0xFFDE, 0xFFDE, 0xFFDE, 0xFFDE, 0xFFDE, 0xFFDE, 0xFFDE, 0xFFDE,
    0xFFDE, 0xFFDE, 0xFFDE, 0xFFDE, 0xFFDE, 0xFFDE, 0xFFDE, 0xFFDE, 0xFFDE, 0xFFDE, 0xFFDE, 0xFFDE,
    0xFFDE, 0xFFDE, 0xFFDE, 0xFFDE, 0xFFDE, 0xFFDE, 0xFFDE, 0xFFDE, 0xFFDE, 0xC5D6, 0xC5D6, 0xAD13,
    0xAD13, 0x8C0F, 0x8C0F, 0x8C0F, 0x8C0F, 0x8C0F, 0x8C0F, 0x736D, 0x736D, 0x6B2C, 0x6B2C, 0x6AEA,
    0x6AEA, 0x62A9, 0x62A9, 0x5A89, 0x5AA9, 0x62EB, 0x6B0B, 0x6B0B, 0x6B0B, 0x734C, 0x736D, 0x7B8D,
    0x7BAE, 0x83EF, 0x8C0F, 0x8C0F, 0x8C0F, 0x8C2F, 0x8C0F, 0x83EF, 0x83CE, 0x83CE, 0x83CE, 0x83EF,
    0x83EF, 0x7BAE, 0x734C, 0x734C, 0x6B0B, 0x62CA, 0x62CA, 0x62CA, 0x62CA, 0x6B2C, 0x6B2C, 0x6B2C,
    0x6B2C, 0x7B8D, 0x7B8D, 0xAD13, 0xAD13, 0xAD13, 0xAD13, 0xCE37, 0xCE37, 0xCE38, 0xCE38, 0xCE37,
    0xCE37, 0xCE37, 0xCE37, 0xC617, 0xC617, 0xFFDE, 0xFFDE, 0xFFDE, 0xFFDE, 0xFFDE, 0xFFDE, 0xFFDE,
    0xFFDE, 0xFFDE, 0xFFDE, 0xFFDE, 0xFFDE, 0xFFDE, 0xFFDE, 0xFFDE, 0xFFDE, 0xFFDE, 0xFFDE, 0xFFDE,
    0xFFDE, 0xFFDE, 0xFFDE, 0xFFDE, 0xFFDE, 0xFFDE, 0xFFDE, 0xFFDE, 0xFFDE, 0xFFDE, 0xFFDE, 0xFFDE,
    0xFFDE, 0xFFDE, 0xFFDE, 0xFFDE, 0xFFDE, 0xFFDE, 0xFFDE, 0xFFDE, 0xFFDE, 0xFFDE, 0xFFDE, 0xFFDE,
    0xFFDE, 0xFFDE, 0xFFDE, 0xFFDE, 0xFFDE, 0xFFDE, 0xFFDE, 0xFFDE, 0xFFDE, 0xFFDE, 0xFFDE, 0xFFDE,
    0xFFDE, 0xFFDE, 0xFFDE, 0xFFDE, 0xFFDE, 0xFFDE, 0xFFDE, 0xFFDE, 0xFFDE, 0xFFDE, 0xFFDE, 0xFFDE,
    0xFFDE, 0xFFDE, 0xFFDE, 0xFFDE, 0xFFDE, 0xFFDE, 0xFFDE, 0xFFDE, 0xFFDE, 0xFFDE, 0xFFDE, 0xFFDE,
    0xFFDE, 0xFFDE, 0xFFDE, 0xFFDE, 0xFFDE, 0xFFDE, 0xFFDE, 0xFFDE, 0xFFDE, 0xFFDE, 0xFFDE, 0xFFDE,
    0xFFDE, 0xC5D6, 0xC5D6, 0xAD13, 0xAD13, 0x8C0F, 0x8C0F, 0x8C0F, 0x8C0F, 0x8C0F, 0x8C0F, 0x736D,
    0x736D, 0x6B2C, 0x6B2C, 0x6AEA, 0x6AEA, 0x62A9, 0x62A9, 0x5A89, 0x5A89, 0x6AEB, 0x6AEB, 0x62AA,
    0x734C, 0x736D, 0x734C, 0x734C, 0x734C, 0x736D, 0x736D, 0x736D, 0x736D, 0x736D, 0x7B8D, 0x7B8D,
    0x7B6D, 0x734C, 0x6B2C, 0x6B0B, 0x6B2C, 0x6B2B, 0x62CA, 0x62CA, 0x62CA, 0x62CA, 0x62CA, 0x62CA,
    0x62CA, 0x6B2C, 0x6B2C, 0x6B2C, 0x6B2C, 0x7B8D, 0x7B8D, 0xAD13, 0xAD13, 0xAD13, 0xAD13, 0xCE37,
    0xCE37, 0xCE38, 0xCE38, 0xCE37, 0xCE37, 0xCE37, 0xCE37, 0xC617, 0xC617, 0xFFDE, 0xFFDE, 0xFFDE,
    0xFFDE, 0xFFDE, 0xFFDE, 0xFFDE, 0xFFDE, 0xFFDE, 0xFFDE, 0xFFDE, 0xFFDE, 0xFFDE, 0xFFDE, 0xFFDE,
    0xFFDE, 0xFFDE, 0xFFDE, 0xFFDE, 0xFFDE, 0xFFDE, 0xFFDE, 0xFFDE, 0xFFDE, 0xFFDE, 0xFFDE, 0xFFDE,
    0xFFDE, 0xFFDE, 0xFFDE, 0xFFDE, 0xFFDE, 0xFFDE, 0xFFDE, 0xFFDE, 0xFFDE, 0xFFDE, 0xFFDE, 0xFFDE,
    0xFFDE, 0xFFDE, 0xFFDE, 0xFFDE, 0xFFDE, 0xFFDE, 0xFFDE, 0xFFDE, 0xFFDE, 0xFFDE, 0xFFDE, 0xFFDE,
    0xFFDE, 0xFFDE, 0xFFDE, 0xFFDE, 0xFFDE, 0xFFDE, 0xFFDE, 0xFFDE, 0xFFDE, 0xFFDE, 0xFFDE, 0xFFDE,
    0xFFDE, 0xFFDE, 0xFFDE, 0xFFDE, 0xFFDE, 0xFFDE, 0xFFDE, 0xFFDE, 0xFFDE, 0xFFDE, 0xFFDE, 0xFFDE,
    0xFFDE, 0xFFDE, 0xFFDE, 0xFFDE, 0xFFDE, 0xFFDE, 0xFFDE, 0xFFDE, 0xFFDE, 0xFFDE, 0xFFDE, 0xFFDE,
    0xFFDE, 0xFFDE, 0xFFDE, 0xFFDE, 0xFFDE, 0xD678, 0xD678, 0xCE37, 0xCE37, 0xCE38, 0xCE38, 0xD678,
    0xD678, 0xAD13, 0xAD13, 0x83CE, 0x83CE, 0x62EB, 0x62EB, 0x62CA, 0x62CA, 0x6289, 0x6289, 0x5A89,
    0x5A89, 0x62CA, 0x62CA, 0x62CA, 0x6B0B, 0x734C, 0x6B2C, 0x6B2C, 0x6B2C, 0x734C, 0x736D, 0x734C,
    0x734C, 0x732C, 0x6B0B, 0x732B, 0x732C, 0x734C, 0x734C, 0x734C, 0x732C, 0x62CA, 0x62CA, 0x62CA,
    0x62CA, 0x62CA, 0x62CA, 0x5AA9, 0x5AA9, 0x5AA9, 0x5AA9, 0x62CA, 0x62CA, 0x83CE, 0x83CE, 0xAD34,
    0xAD34, 0xD678, 0xD678, 0xD678, 0xD678, 0xD678, 0xD678, 0xD678, 0xD678, 0xCE37, 0xCE37, 0xCE37,
    0xCE37, 0xFFDE, 0xFFDE, 0xFFDE, 0xFFDE, 0xFFDE, 0xFFDE, 0xFFDE, 0xFFDE, 0xFFDE, 0xFFDE, 0xFFDE,
    0xFFDE, 0xFFDE, 0xFFDE, 0xFFDE, 0xFFDE, 0xFFDE, 0xFFDE, 0xFFDE, 0xFFDE, 0xFFDE, 0xFFDE, 0xFFDE,
    0xFFDE, 0xFFDE, 0xFFDE, 0xFFDE, 0xFFDE, 0xFFDE, 0xFFDE, 0xFFDE, 0xFFDE, 0xFFDE, 0xFFDE, 0xFFDE,
    0xFFDE, 0xFFDE, 0xFFDE, 0xFFDE, 0xFFDE, 0xFFDE, 0xFFDE, 0xFFDE, 0xFFDE, 0xFFDE, 0xFFDE, 0xFFDE,
    0xFFDE, 0xFFDE, 0xFFDE, 0xFFDE, 0xFFDE, 0xFFDE, 0xFFDE, 0xFFDE, 0xFFDE, 0xFFDE, 0xFFDE, 0xFFDE,
    0xFFDE, 0xFFDE, 0xFFDE, 0xFFDE, 0xFFDE, 0xFFDE, 0xFFDE, 0xFFDE, 0xFFDE, 0xFFDE, 0xFFDE, 0xFFDE,
    0xFFDE, 0xFFDE, 0xFFDE, 0xFFDE, 0xFFDE, 0xFFDE, 0xFFDE, 0xFFDE, 0xFFDE, 0xFFDE, 0xFFDE, 0xFFDE,
    0xFFDE, 0xFFDE, 0xFFDE, 0xFFDE, 0xFFDE, 0xFFDE, 0xFFDE, 0xFFDE, 0xFFDE, 0xD678, 0xD678, 0xCE37,
    0xCE37, 0xCE38, 0xCE38, 0xD678, 0xD678, 0xAD13, 0xAD13, 0x83CE, 0x83CE, 0x62EB, 0x62EB, 0x62CA,
    0x62CA, 0x6289, 0x6289, 0x5A89, 0x5A89, 0x62CA, 0x62CA, 0x62CA, 0x62CA, 0x62CA, 0x62CA, 0x62CA,
    0x62CA, 0x6B0B, 0x732B, 0x732C, 0x732C, 0x732C, 0x732C, 0x6B0B, 0x6B0B, 0x6B0B, 0x6B0B, 0x6AEA,
    0x6AEA, 0x62CA, 0x62CA, 0x62CA, 0x62CA, 0x62CA, 0x62CA, 0x5AA9, 0x5AA9, 0x5AA9, 0x5AA9, 0x62CA,
    0x62CA, 0x83CE, 0x83CE, 0xAD34, 0xAD34, 0xD678, 0xD678, 0xD678, 0xD678, 0xD678, 0xD678, 0xD678,
    0xD678, 0xCE37, 0xCE37, 0xCE37, 0xCE37, 0xFFDE, 0xFFDE, 0xFFDE, 0xFFDE, 0xFFDE, 0xFFDE, 0xFFDE,
    0xFFDE, 0xFFDE, 0xFFDE, 0xFFDE, 0xFFDE, 0xFFDE, 0xFFDE, 0xFFDE, 0xFFDE, 0xFFDE, 0xFFDE, 0xFFDE,
    0xFFDE, 0xFFDE, 0xFFDE, 0xFFDE, 0xFFDE, 0xFFDE, 0xFFDE, 0xFFDE, 0xFFDE, 0xFFDE, 0xFFDE, 0xFFDE,
    0xFFDE, 0xFFDE, 0xFFDE, 0xFFDE, 0xFFDE, 0xFFDE, 0xFFDE, 0xFFDE, 0xFFDE, 0xFFDE, 0xFFDE, 0xFFDE,
    0xFFDE, 0xFFDE, 0xFFDE, 0xFFDE, 0xFFDE, 0xFFDE, 0xFFDE, 0xFFDE, 0xFFDE, 0xFFDE, 0xFFDE, 0xFFDE,
    0xFFDE, 0xFFDE, 0xFFDE, 0xFFDE, 0xFFDE, 0xFFDE, 0xFFDE, 0xFFDE, 0xFFDE, 0xFFDE, 0xFFDE, 0xFFDE,
    0xFFDE, 0xFFDE, 0xFFDE, 0xFFDE, 0xFFDE, 0xFFDE, 0xFFDE, 0xFFDE, 0xFFDE, 0xFFDE, 0xFFDE, 0xFFDE,
    0xFFDE, 0xFFDE, 0xFFDE, 0xFFDE, 0xFFDE, 0xFFDE, 0xFFDE, 0xFFDE, 0xFFDE, 0xFFDE, 0xFFDE, 0xE71B,
    0xE71B, 0xD678, 0xD678, 0xCE37, 0xCE37, 0xD678, 0xD678, 0xD678, 0xD678, 0xCE37, 0xCE37, 0xB554,
    0xB554, 0x8C0F, 0x8C0F, 0x8C30, 0x8C30, 0x9C71, 0x9C71, 0x5A89, 0x5A89, 0x4A07, 0x4A07, 0x5AA9,
    0x5AA9, 0x5AA9, 0x5AA9, 0x62CA, 0x62CA, 0x6B0B, 0x6B0B, 0x6AEA, 0x6AEA, 0x6B0B, 0x6B0B, 0x6B0B,
    0x6B0B, 0x62CA, 0x62CA, 0x5AA9, 0x5AA9, 0x6AEA, 0x6AEA, 0x62CA, 0x62CA, 0x62CA, 0x62CA, 0x734C,
    0x734C, 0xBDB6, 0xBDB6, 0xCE37, 0xCE37, 0xCE37, 0xCE37, 0xD678, 0xD678, 0xDEB9, 0xDEB9, 0xDEB9,
    0xDEB9, 0xD678, 0xD678, 0xD678, 0xD678, 0xCE37, 0xCE37, 0xCE37, 0xCE37, 0xCE17, 0xCE17, 0xFFDE,
    0xFFDE, 0xFFDE, 0xFFDE, 0xFFDE, 0xFFDE, 0xFFDE, 0xFFDE, 0xFFDE, 0xFFDE, 0xFFDE, 0xFFDE, 0xFFDE,
    0xFFDE, 0xFFDE, 0xFFDE, 0xFFDE, 0xFFDE, 0xFFDE, 0xFFDE, 0xFFDE, 0xFFDE, 0xFFDE, 0xFFDE, 0xFFDE,
    0xFFDE, 0xFFDE, 0xFFDE, 0xFFDE, 0xFFDE, 0xFFDE, 0xFFDE, 0xFFDE, 0xFFDE, 0xFFDE, 0xFFDE, 0xFFDE,
    0xFFDE, 0xFFDE, 0xFFDE, 0xFFDE, 0xFFDE, 0xFFDE, 0xFFDE, 0xFFDE, 0xFFDE, 0xFFDE, 0xFFDE, 0xFFDE,
    0xFFDE, 0xFFDE, 0xFFDE, 0xFFDE, 0xFFDE, 0xFFDE, 0xFFDE, 0xFFDE, 0xFFDE, 0xFFDE, 0xFFDE, 0xFFDE,
    0xFFDE, 0xFFDE, 0xFFDE, 0xFFDE, 0xFFDE, 0xFFDE, 0xFFDE, 0xFFDE, 0xFFDE, 0xFFDE, 0xFFDE, 0xFFDE,
    0xFFDE, 0xFFDE, 0xFFDE, 0xFFDE, 0xFFDE, 0xFFDE, 0xFFDE, 0xFFDE, 0xFFDE, 0xFFDE, 0xFFDE, 0xFFDE,
    0xFFDE, 0xFFDE, 0xFFDE, 0xE71B, 0xE71B, 0xD678, 0xD678, 0xCE37, 0xCE37, 0xD678, 0xD678, 0xD678,
    0xD678, 0xCE37, 0xCE37, 0xB554, 0xB554, 0x8C0F, 0x8C0F, 0x8C30, 0x8C30, 0x9C71, 0x9C71, 0x5A89,
    0x5A89, 0x4A07, 0x4A07, 0x5AA9, 0x5AA9, 0x5AA9, 0x5AA9, 0x62CA, 0x62CA, 0x6B0B, 0x6B0B, 0x6AEA,
    0x6AEA, 0x6B0B, 0x6B0B, 0x6B0B, 0x6B0B, 0x62CA, 0x62CA, 0x5AA9, 0x5AA9, 0x6AEA, 0x6AEA, 0x62CA,
    0x62CA, 0x62CA, 0x62CA, 0x734C, 0x734C, 0xBDB6, 0xBDB6, 0xCE37, 0xCE37, 0xCE37, 0xCE37, 0xD678,
    0xD678, 0xDEB9, 0xDEB9, 0xDEB9, 0xDEB9, 0xD678, 0xD678, 0xD678, 0xD678, 0xCE37, 0xCE37, 0xCE37,
    0xCE37, 0xCE17, 0xCE17, 0xFFDE, 0xFFDE, 0xFFDE, 0xFFDE, 0xFFDE, 0xFFDE, 0xFFDE, 0xFFDE, 0xFFDE,
    0xFFDE, 0xFFDE, 0xFFDE, 0xFFDE, 0xFFDE, 0xFFDE, 0xFFDE, 0xFFDE, 0xFFDE, 0xFFDE, 0xFFDE, 0xFFDE,
    0xFFDE, 0xFFDE, 0xFFDE, 0xFFDE, 0xFFDE, 0xFFDE, 0xFFDE, 0xFFDE, 0xFFDE, 0xFFDE, 0xFFDE, 0xFFDE,
    0xFFDE, 0xFFDE, 0xFFDE, 0xFFDE, 0xFFDE, 0xFFDE, 0xFFDE, 0xFFDE, 0xFFDE, 0xFFDE, 0xFFDE, 0xFFDE,
    0xFFDE, 0xFFDE, 0xFFDE, 0xFFDE, 0xFFDE, 0xFFDE, 0xFFDE, 0xFFDE, 0xFFDE, 0xFFDE, 0xFFDE, 0xFFDE,
    0xFFDE, 0xFFDE, 0xFFDE, 0xFFDE, 0xFFDE, 0xFFDE, 0xFFDE, 0xFFDE, 0xFFDE, 0xFFDE, 0xFFDE, 0xFFDE,
    0xFFDE, 0xFFDE, 0xFFDE, 0xFFDE, 0xFFDE, 0xFFDE, 0xFFDE, 0xFFDE, 0xFFDE, 0xFFDE, 0xFFDE, 0xFFDE,
    0xFFDE, 0xFFDE, 0xFFDE, 0xFFDE, 0xFFDE, 0xE71B, 0xE71B, 0xD679, 0xD679, 0xCE37, 0xCE37, 0xCE37,
    0xCE37, 0xCE37, 0xCE37, 0xD678, 0xD678, 0xD678, 0xD678, 0xD678, 0xD678, 0xD678, 0xD678, 0xD678,
    0xD678, 0xD678, 0xD678, 0xD678, 0xD678, 0xD678, 0xD678, 0x83EE, 0x83EE, 0x41E7, 0x41E7, 0x5A89,
    0x5A89, 0x5A69, 0x5A69, 0x5A69, 0x5A69, 0x5228, 0x5228, 0x5228, 0x5228, 0x4A28, 0x4A28, 0x4A28,
    0x4A28, 0x5248, 0x5248, 0x5228, 0x5228, 0xD678, 0xD678, 0xD679, 0xD679, 0xD678, 0xD678, 0xD678,
    0xD678, 0xD678, 0xD678, 0xDEB9, 0xDEB9, 0xDEB9, 0xDEB9, 0xDEB9, 0xDEB9, 0xD678, 0xD678, 0xD678,
    0xD678, 0xD678, 0xD678, 0xCE37, 0xCE37, 0xD678, 0xD678, 0xFFDE, 0xFFDE, 0xFFDE, 0xFFDE, 0xFFDE,
    0xFFDE, 0xFFDE, 0xFFDE, 0xFFDE, 0xFFDE, 0xFFDE, 0xFFDE, 0xFFDE, 0xFFDE, 0xFFDE, 0xFFDE, 0xFFDE,
    0xFFDE, 0xFFDE, 0xFFDE, 0xFFDE, 0xFFDE, 0xFFDE, 0xFFDE, 0xFFDE, 0xFFDE, 0xFFDE, 0xFFDE, 0xFFDE,
    0xFFDE, 0xFFDE, 0xFFDE, 0xFFDE, 0xFFDE, 0xFFDE, 0xFFDE, 0xFFDE, 0xFFDE, 0xFFDE, 0xFFDE, 0xFFDE,
    0xFFDE, 0xFFDE, 0xFFDE, 0xFFDE, 0xFFDE, 0xFFDE, 0xFFDE, 0xFFDE, 0xFFDE, 0xFFDE, 0xFFDE, 0xFFDE,
    0xFFDE, 0xFFDE, 0xFFDE, 0xFFDE, 0xFFDE, 0xFFDE, 0xFFDE, 0xFFDE, 0xFFDE, 0xFFDE, 0xFFDE, 0xFFDE,
    0xFFDE, 0xFFDE, 0xFFDE, 0xFFDE, 0xFFDE, 0xFFDE, 0xFFDE, 0xFFDE, 0xFFDE, 0xFFDE, 0xFFDE, 0xFFDE,
    0xFFDE, 0xFFDE, 0xFFDE, 0xFFDE, 0xFFDE, 0xFFDE, 0xFFDE, 0xFFDE, 0xFFDE, 0xE71B, 0xE71B, 0xD679,
    0xD679, 0xCE37, 0xCE37, 0xCE37, 0xCE37, 0xCE37, 0xCE37, 0xD678, 0xD678, 0xD678, 0xD678, 0xD678,
    0xD678, 0xD678, 0xD678, 0xD678, 0xD678, 0xD678, 0xD678, 0xD678, 0xD678, 0xD678, 0xD678, 0x83EE,
    0x83EE, 0x41E7, 0x41E7, 0x5A89, 0x5A89, 0x5A69, 0x5A69, 0x5A69, 0x5A69, 0x5228, 0x5228, 0x5228,
    0x5228, 0x4A28, 0x4A28, 0x4A28, 0x4A28, 0x5248, 0x5248, 0x5228, 0x5228, 0xD678, 0xD678, 0xD679,
    0xD679, 0xD678, 0xD678, 0xD678, 0xD678, 0xD678, 0xD678, 0xDEB9, 0xDEB9, 0xDEB9, 0xDEB9, 0xDEB9,
    0xDEB9, 0xD678, 0xD678, 0xD678, 0xD678, 0xD678, 0xD678, 0xCE37, 0xCE37, 0xD678, 0xD678, 0xFFDE,
    0xFFDE, 0xFFDE, 0xFFDE, 0xFFDE, 0xFFDE, 0xFFDE, 0xFFDE, 0xFFDE, 0xFFDE, 0xFFDE, 0xFFDE, 0xFFDE,
    0xFFDE, 0xFFDE, 0xFFDE, 0xFFDE, 0xFFDE, 0xFFDE, 0xFFDE, 0xFFDE, 0xFFDE, 0xFFDE, 0xFFDE, 0xFFDE,
    0xFFDE, 0xFFDE, 0xFFDE, 0xFFDE, 0xFFDE, 0xFFDE, 0xFFDE, 0xFFDE, 0xFFDE, 0xFFDE, 0xFFDE, 0xFFDE,
    0xFFDE, 0xFFDE, 0xFFDE, 0xFFDE, 0xFFDE, 0xFFDE, 0xFFDE, 0xFFDE, 0xFFDE, 0xFFDE, 0xFFDE, 0xFFDE,
    0xFFDE, 0xFFDE, 0xFFDE, 0xFFDE, 0xFFDE, 0xFFDE, 0xFFDE, 0xFFDE, 0xFFDE, 0xFFDE, 0xFFDE, 0xFFDE,
    0xFFDE, 0xFFDE, 0xFFDE, 0xFFDE, 0xFFDE, 0xFFDE, 0xFFDE, 0xFFDE, 0xFFDE, 0xFFDE, 0xFFDE, 0xFFDE,
    0xFFDE, 0xFFDE, 0xFFDE, 0xFFDE, 0xFFDE, 0xFFDE, 0xFFDE, 0xFFDE, 0xFFDE, 0xFFDE, 0xFFDE, 0xFFDE,
    0xFFDE, 0xDEB9, 0xDEB9, 0xD678, 0xD678, 0xCE37, 0xCE37, 0xCE37, 0xCE37, 0xD678, 0xD678, 0xD678,
    0xD678, 0xD678, 0xD678, 0xD678, 0xD678, 0xD678, 0xD678, 0xD678, 0xD678, 0xD678, 0xD678, 0xD678,
    0xD678, 0xD678, 0xD678, 0xD678, 0xD678, 0xD678, 0xD678, 0xACF3, 0xACF3, 0xACF3, 0xACF3, 0xC5D6,
    0xC5D6, 0x6B2B, 0x6B2B, 0xCE37, 0xCE37, 0xBD95, 0xBD95, 0xD678, 0xD678, 0xD678, 0xD678, 0xDEB9,
    0xDEB9, 0xDEB9, 0xDEB9, 0xDEB9, 0xDEB9, 0xD678, 0xD678, 0xDEB9, 0xDEB9, 0xDEB9, 0xDEB9, 0xDEB9,
    0xDEB9, 0xDEB9, 0xDEB9, 0xDEB9, 0xDEB9, 0xDEB9, 0xDEB9, 0xD678, 0xD678, 0xD678, 0xD678, 0xD678,
    0xD678, 0xD678, 0xD678, 0xD678, 0xD678, 0xFFDE, 0xFFDE, 0xFFDE, 0xFFDE, 0xFFDE, 0xFFDE, 0xFFDE,
    0xFFDE, 0xFFDE, 0xFFDE, 0xFFDE, 0xFFDE, 0xFFDE, 0xFFDE, 0xFFDE, 0xFFDE, 0xFFDE, 0xFFDE, 0xFFDE,
    0xFFDE, 0xFFDE, 0xFFDE, 0xFFDE, 0xFFDE, 0xFFDE, 0xFFDE, 0xFFDE, 0xFFDE, 0xFFDE, 0xFFDE, 0xFFDE,
    0xFFDE, 0xFFDE, 0xFFDE, 0xFFDE, 0xFFDE, 0xFFDE, 0xFFDE, 0xFFDE, 0xFFDE, 0xFFDE, 0xFFDE, 0xFFDE,
    0xFFDE, 0xFFDE, 0xFFDE, 0xFFDE, 0xFFDE, 0xFFDE, 0xFFDE, 0xFFDE, 0xFFDE, 0xFFDE, 0xFFDE, 0xFFDE,
    0xFFDE, 0xFFDE, 0xFFDE, 0xFFDE, 0xFFDE, 0xFFDE, 0xFFDE, 0xFFDE, 0xFFDE, 0xFFDE, 0xFFDE, 0xFFDE,
    0xFFDE, 0xFFDE, 0xFFDE, 0xFFDE, 0xFFDE, 0xFFDE, 0xFFDE, 0xFFDE, 0xFFDE, 0xFFDE, 0xFFDE, 0xFFDE,
    0xFFDE, 0xFFDE, 0xFFDE, 0xFFDE, 0xFFDE, 0xDEB9, 0xDEB9, 0xD678, 0xD678, 0xCE37, 0xCE37, 0xCE37,
    0xCE37, 0xD678, 0xD678, 0xD678, 0xD678, 0xD678, 0xD678, 0xD678, 0xD678, 0xD678, 0xD678, 0xD678,
    0xD678, 0xD678, 0xD678, 0xD678, 0xD678, 0xD678, 0xD678, 0xD678, 0xD678, 0xD678, 0xD678, 0xACF3,
    0xACF3, 0xACF3, 0xACF3, 0xC5D6, 0xC5D6, 0x6B2B, 0x6B2B, 0xCE37, 0xCE37, 0xBD95, 0xBD95, 0xD678,
    0xD678, 0xD678, 0xD678, 0xDEB9, 0xDEB9, 0xDEB9, 0xDEB9, 0xDEB9, 0xDEB9, 0xD678, 0xD678, 0xDEB9,
    0xDEB9, 0xDEB9, 0xDEB9, 0xDEB9, 0xDEB9, 0xDEB9, 0xDEB9, 0xDEB9, 0xDEB9, 0xDEB9, 0xDEB9, 0xD678,
    0xD678, 0xD678, 0xD678, 0xD678, 0xD678, 0xD678, 0xD678, 0xD678, 0xD678, 0xFFDE, 0xFFDE, 0xFFDE,
    0xFFDE, 0xFFDE, 0xFFDE, 0xFFDE, 0xFFDE, 0xFFDE, 0xFFDE, 0xFFDE, 0xFFDE, 0xFFDE, 0xFFDE, 0xFFDE,
    0xFFDE, 0xFFDE, 0xFFDE, 0xFFDE, 0xFFDE, 0xFFDE, 0xFFDE, 0xFFDE, 0xFFDE, 0xFFDE, 0xFFDE, 0xFFDE,
    0xFFDE, 0xFFDE, 0xFFDE, 0xFFDE, 0xFFDE, 0xFFDE, 0xFFDE, 0xFFDE, 0xFFDE, 0xFFDE, 0xFFDE, 0xFFDE,
    0xFFDE, 0xFFDE, 0xFFDE, 0xFFDE, 0xFFDE, 0xFFDE, 0xFFDE, 0xFFDE, 0xFFDE, 0xFFDE, 0xFFDE, 0xFFDE,
    0xFFDE, 0xFFDE, 0xFFDE, 0xFFDE, 0xFFDE, 0xFFDE, 0xFFDE, 0xFFDE, 0xFFDE, 0xFFDE, 0xFFDE, 0xFFDE,
    0xFFDE, 0xFFDE, 0xFFDE, 0xFFDE, 0xFFDE, 0xFFDE, 0xFFDE, 0xFFDE, 0xFFDE, 0xFFDE, 0xFFDE, 0xFFDE,
    0xFFDE, 0xFFDE, 0xFFDE, 0xFFDE, 0xFFDE, 0xFFDE, 0xFFDE, 0xF79D, 0xF79D, 0xD678, 0xD678, 0xCE37,
    0xCE37, 0xD678, 0xD678, 0xD678, 0xD678, 0xD678, 0xD678, 0xD678, 0xD678, 0xD678, 0xD678, 0xDEB9,
    0xDEB9, 0xDEB9, 0xDEB9, 0xD678, 0xD678, 0xD678, 0xD678, 0xD678, 0xD678, 0xD678, 0xD678, 0xD678,
    0xD678, 0xD678, 0xD678, 0xD678, 0xD678, 0xD678, 0xD678, 0xD678, 0xD678, 0xD678, 0xD678, 0xD678,
    0xD678, 0xD678, 0xD678, 0xD678, 0xD678, 0xDEB9, 0xDEB9, 0xDEB9, 0xDEB9, 0xDEB9, 0xDEB9, 0xDEB9,
    0xDEB9, 0xDEB9, 0xDEB9, 0xDEB9, 0xDEB9, 0xDEB9, 0xDEB9, 0xDEB9, 0xDEB9, 0xDEB9, 0xDEB9, 0xDEB9,
    0xDEB9, 0xDEB9, 0xDEB9, 0xDEB9, 0xDEB9, 0xD678, 0xD678, 0xD678, 0xD678, 0xD678, 0xD678, 0xD678,
    0xD678, 0xD678, 0xD678, 0xFFDE, 0xFFDE, 0xFFDE, 0xFFDE, 0xFFDE, 0xFFDE, 0xFFDE, 0xFFDE, 0xFFDE,
    0xFFDE, 0xFFDE, 0xFFDE, 0xFFDE, 0xFFDE, 0xFFDE, 0xFFDE, 0xFFDE, 0xFFDE, 0xFFDE, 0xFFDE, 0xFFDE,
    0xFFDE, 0xFFDE, 0xFFDE, 0xFFDE, 0xFFDE, 0xFFDE, 0xFFDE, 0xFFDE, 0xFFDE, 0xFFDE, 0xFFDE, 0xFFDE,
    0xFFDE, 0xFFDE, 0xFFDE, 0xFFDE, 0xFFDE, 0xFFDE, 0xFFDE, 0xFFDE, 0xFFDE, 0xFFDE, 0xFFDE, 0xFFDE,
    0xFFDE, 0xFFDE, 0xFFDE, 0xFFDE, 0xFFDE, 0xFFDE, 0xFFDE, 0xFFDE, 0xFFDE, 0xFFDE, 0xFFDE, 0xFFDE,
    0xFFDE, 0xFFDE, 0xFFDE, 0xFFDE, 0xFFDE, 0xFFDE, 0xFFDE, 0xFFDE, 0xFFDE, 0xFFDE, 0xFFDE, 0xFFDE,
    0xFFDE, 0xFFDE, 0xFFDE, 0xFFDE, 0xFFDE, 0xFFDE, 0xFFDE, 0xFFDE, 0xFFDE, 0xFFDE, 0xFFDE, 0xF79D,
    0xF79D, 0xD678, 0xD678, 0xCE37, 0xCE37, 0xD678, 0xD678, 0xD678, 0xD678, 0xD678, 0xD678, 0xD678,
    0xD678, 0xD678, 0xD678, 0xDEB9, 0xDEB9, 0xDEB9, 0xDEB9, 0xD678, 0xD678, 0xD678, 0xD678, 0xD678,
    0xD678, 0xD678, 0xD678, 0xD678, 0xD678, 0xD678, 0xD678, 0xD678, 0xD678, 0xD678, 0xD678, 0xD678,
    0xD678, 0xD678, 0xD678, 0xD678, 0xD678, 0xD678, 0xD678, 0xD678, 0xD678, 0xDEB9, 0xDEB9, 0xDEB9,
    0xDEB9, 0xDEB9, 0xDEB9, 0xDEB9, 0xDEB9, 0xDEB9, 0xDEB9, 0xDEB9, 0xDEB9, 0xDEB9, 0xDEB9, 0xDEB9,
    0xDEB9, 0xDEB9, 0xDEB9, 0xDEB9, 0xDEB9, 0xDEB9, 0xDEB9, 0xDEB9, 0xDEB9, 0xD678, 0xD678, 0xD678,
    0xD678, 0xD678, 0xD678, 0xD678, 0xD678, 0xD678, 0xD678, 0xFFDE, 0xFFDE, 0xFFDE, 0xFFDE, 0xFFDE,
    0xFFDE, 0xFFDE, 0xFFDE, 0xFFDE, 0xFFDE, 0xFFDE, 0xFFDE, 0xFFDE, 0xFFDE, 0xFFDE, 0xFFDE, 0xFFDE,
    0xFFDE, 0xFFDE, 0xFFDE, 0xFFDE, 0xFFDE, 0xFFDE, 0xFFDE, 0xFFDE, 0xFFDE, 0xFFDE, 0xFFDE, 0xFFDE,
    0xFFDE, 0xFFDE, 0xFFDE, 0xFFDE, 0xFFDE, 0xFFDE, 0xFFDE, 0xFFDE, 0xFFDE, 0xFFDE, 0xFFDE, 0xFFDE,
    0xFFDE, 0xFFDE, 0xFFDE, 0xFFDE, 0xFFDE, 0xFFDE, 0xFFDE, 0xFFDE, 0xFFDE, 0xFFDE, 0xFFDE, 0xFFDE,
    0xFFDE, 0xFFDE, 0xFFDE, 0xFFDE, 0xFFDE, 0xFFDE, 0xFFDE, 0xFFDE, 0xFFDE, 0xFFDE, 0xFFDE, 0xFFDE,
    0xFFDE, 0xFFDE, 0xFFDE, 0xFFDE, 0xFFDE, 0xFFDE, 0xFFDE, 0xFFDE, 0xFFDE, 0xFFDE, 0xFFDE, 0xFFDE,
    0xFFDE, 0xFFDE, 0xFFDE, 0xD678, 0xD678, 0xD678, 0xD678, 0xCE37, 0xCE37, 0xD678, 0xD678, 0xD678,
    0xD678, 0xD678, 0xD678, 0xD678, 0xD678, 0xD678, 0xD678, 0xDEB9, 0xDEB9, 0xDEB9, 0xDEB9, 0xDEB9,
    0xDEB9, 0xDEB9, 0xDEB9, 0xDEB9, 0xDEB9, 0xDEB9, 0xDEB9, 0xD678, 0xD678, 0xD678, 0xD678, 0xDEB9,
    0xDEB9, 0xD678, 0xD678, 0xD678, 0xD678, 0xD678, 0xD678, 0xD678, 0xD678, 0xDEB9, 0xDEB9, 0xDEB9,
    0xDEB9, 0xDEB9, 0xDEB9, 0xDEB9, 0xDEB9, 0xDEB9, 0xDEB9, 0xDEB9, 0xDEB9, 0xDEB9, 0xDEB9, 0xDEB9,
    0xDEB9, 0xDEB9, 0xDEB9, 0xDEB9, 0xDEB9, 0xDEB9, 0xDEB9, 0xDEB9, 0xDEB9, 0xDEB9, 0xDEB9, 0xDEB9,
    0xDEB9, 0xD678, 0xD678, 0xD678, 0xD678, 0xD678, 0xD678, 0xD678, 0xD678, 0xD678, 0xD678, 0xF79D,
    0xF79D, 0xFFDE, 0xFFDE, 0xFFDE, 0xFFDE, 0xFFDE, 0xFFDE, 0xFFDE, 0xFFDE, 0xFFDE, 0xFFDE, 0xFFDE,
    0xFFDE, 0xFFDE, 0xFFDE, 0xFFDE, 0xFFDE, 0xFFDE, 0xFFDE, 0xFFDE, 0xFFDE, 0xFFDE, 0xFFDE, 0xFFDE,
    0xFFDE, 0xFFDE, 0xFFDE, 0xFFDE, 0xFFDE, 0xFFDE, 0xFFDE, 0xFFDE, 0xFFDE, 0xFFDE, 0xFFDE, 0xFFDE,
    0xFFDE, 0xFFDE, 0xFFDE, 0xFFDE, 0xFFDE, 0xFFDE, 0xFFDE, 0xFFDE, 0xFFDE, 0xFFDE, 0xFFDE, 0xFFDE,
    0xFFDE, 0xFFDE, 0xFFDE, 0xFFDE, 0xFFDE, 0xFFDE, 0xFFDE, 0xFFDE, 0xFFDE, 0xFFDE, 0xFFDE, 0xFFDE,
    0xFFDE, 0xFFDE, 0xFFDE, 0xFFDE, 0xFFDE, 0xFFDE, 0xFFDE, 0xFFDE, 0xFFDE, 0xFFDE, 0xFFDE, 0xFFDE,
    0xFFDE, 0xFFDE, 0xFFDE, 0xFFDE, 0xFFDE, 0xFFDE, 0xFFDE, 0xD678, 0xD678, 0xD678, 0xD678, 0xCE37,
    0xCE37, 0xD678, 0xD678, 0xD678, 0xD678, 0xD678, 0xD678, 0xD678, 0xD678, 0xD678, 0xD678, 0xDEB9,
    0xDEB9, 0xDEB9, 0xDEB9, 0xDEB9, 0xDEB9, 0xDEB9, 0xDEB9, 0xDEB9, 0xDEB9, 0xDEB9, 0xDEB9, 0xD678,
    0xD678, 0xD678, 0xD678, 0xDEB9, 0xDEB9, 0xD678, 0xD678, 0xD678, 0xD678, 0xD678, 0xD678, 0xD678,
    0xD678, 0xDEB9, 0xDEB9, 0xDEB9, 0xDEB9, 0xDEB9, 0xDEB9, 0xDEB9, 0xDEB9, 0xDEB9, 0xDEB9, 0xDEB9,
    0xDEB9, 0xDEB9, 0xDEB9, 0xDEB9, 0xDEB9, 0xDEB9, 0xDEB9, 0xDEB9, 0xDEB9, 0xDEB9, 0xDEB9, 0xDEB9,
    0xDEB9, 0xDEB9, 0xDEB9, 0xDEB9, 0xDEB9, 0xD678, 0xD678, 0xD678, 0xD678, 0xD678, 0xD678, 0xD678,
    0xD678, 0xD678, 0xD678, 0xF79D, 0xF79D, 0xFFDE, 0xFFDE, 0xFFDE, 0xFFDE, 0xFFDE, 0xFFDE, 0xFFDE,
    0xFFDE, 0xFFDE, 0xFFDE, 0xFFDE, 0xFFDE, 0xFFDE, 0xFFDE, 0xFFDE, 0xFFDE, 0xFFDE, 0xFFDE, 0xFFDE,
    0xFFDE, 0xFFDE, 0xFFDE, 0xFFDE, 0xFFDE, 0xFFDE, 0xFFDE, 0xFFDE, 0xFFDE, 0xFFDE, 0xFFDE, 0xFFDE,
    0xFFDE, 0xFFDE, 0xFFDE, 0xFFDE, 0xFFDE, 0xFFDE, 0xFFDE, 0xFFDE, 0xFFDE, 0xFFDE, 0xFFDE, 0xFFDE,
    0xFFDE, 0xFFDE, 0xFFDE, 0xFFDE, 0xFFDE, 0xFFDE, 0xFFDE, 0xFFDE, 0xFFDE, 0xFFDE, 0xFFDE, 0xFFDE,
    0xFFDE, 0xFFDE, 0xFFDE, 0xFFDE, 0xFFDE, 0xFFDE, 0xFFDE, 0xFFDE, 0xFFDE, 0xFFDE, 0xFFDE, 0xFFDE,
    0xFFDE, 0xFFDE, 0xFFDE, 0xFFDE, 0xFFDE, 0xFFDE, 0xFFDE, 0xFFDE, 0xFFDE, 0xD678, 0xD678, 0xD678,
    0xD678, 0xD678, 0xD678, 0xD678, 0xD678, 0xD678, 0xD678, 0xD678, 0xD678, 0xD678, 0xD678, 0xD678,
    0xD678, 0xDEB9, 0xDEB9, 0xDEB9, 0xDEB9, 0xDEB9, 0xDEB9, 0xDEB9, 0xDEB9, 0xDEB9, 0xDEB9, 0xDEB9,
    0xDEB9, 0xDEB9, 0xDEB9, 0xDEB9, 0xDEB9, 0xDEB9, 0xDEB9, 0xDEB9, 0xDEB9, 0xDEB9, 0xDEB9, 0xDEB9,
    0xDEB9, 0xDEB9, 0xDEB9, 0xDEB9, 0xDEB9, 0xDEB9, 0xDEB9, 0xDEB9, 0xDEB9, 0xDEB9, 0xDEB9, 0xDEDA,
    0xDEDA, 0xDEDA, 0xDEDA, 0xDEDA, 0xDEDA, 0xDEB9, 0xDEB9, 0xDEB9, 0xDEB9, 0xDEB9, 0xDEB9, 0xDEB9,
    0xDEB9, 0xDEB9, 0xDEB9, 0xDEB9, 0xDEB9, 0xDEDA, 0xDEDA, 0xDEB9, 0xDEB9, 0xD678, 0xD678, 0xD678,
    0xD678, 0xD678, 0xD678, 0xD678, 0xD678, 0xD678, 0xD678, 0xD678, 0xD678, 0xFFDE, 0xFFDE, 0xFFDE,
    0xFFDE, 0xFFDE, 0xFFDE, 0xFFDE, 0xFFDE, 0xFFDE, 0xFFDE, 0xFFDE, 0xFFDE, 0xFFDE, 0xFFDE, 0xFFDE,
    0xFFDE, 0xFFDE, 0xFFDE, 0xFFDE, 0xFFDE, 0xFFDE, 0xFFDE, 0xFFDE, 0xFFDE, 0xFFDE, 0xFFDE, 0xFFDE,
    0xFFDE, 0xFFDE, 0xFFDE, 0xFFDE, 0xFFDE, 0xFFDE, 0xFFDE, 0xFFDE, 0xFFDE, 0xFFDE, 0xFFDE, 0xFFDE,
    0xFFDE, 0xFFDE, 0xFFDE, 0xFFDE, 0xFFDE, 0xFFDE, 0xFFDE, 0xFFDE, 0xFFDE, 0xFFDE, 0xFFDE, 0xFFDE,
    0xFFDE, 0xFFDE, 0xFFDE, 0xFFDE, 0xFFDE, 0xFFDE, 0xFFDE, 0xFFDE, 0xFFDE, 0xFFDE, 0xFFDE, 0xFFDE,
    0xFFDE, 0xFFDE, 0xFFDE, 0xFFDE, 0xFFDE, 0xFFDE, 0xFFDE, 0xFFDE, 0xFFDE, 0xFFDE, 0xFFDE, 0xFFDE,
    0xFFDE, 0xD678, 0xD678, 0xD678, 0xD678, 0xD678, 0xD678, 0xD678, 0xD678, 0xD678, 0xD678, 0xD678,
    0xD678, 0xD678, 0xD678, 0xD678, 0xD678, 0xDEB9, 0xDEB9, 0xDEB9, 0xDEB9, 0xDEB9, 0xDEB9, 0xDEB9,
    0xDEB9, 0xDEB9, 0xDEB9, 0xDEB9, 0xDEB9, 0xDEB9, 0xDEB9, 0xDEB9, 0xDEB9, 0xDEB9, 0xDEB9, 0xDEB9,
    0xDEB9, 0xDEB9, 0xDEB9, 0xDEB9, 0xDEB9, 0xDEB9, 0xDEB9, 0xDEB9, 0xDEB9, 0xDEB9, 0xDEB9, 0xDEB9,
    0xDEB9, 0xDEB9, 0xDEB9, 0xDEDA, 0xDEDA, 0xDEDA, 0xDEDA, 0xDEDA, 0xDEDA, 0xDEB9, 0xDEB9, 0xDEB9,
    0xDEB9, 0xDEB9, 0xDEB9, 0xDEB9, 0xDEB9, 0xDEB9, 0xDEB9, 0xDEB9, 0xDEB9, 0xDEDA, 0xDEDA, 0xDEB9,
    0xDEB9, 0xD678, 0xD678, 0xD678, 0xD678, 0xD678, 0xD678, 0xD678, 0xD678, 0xD678, 0xD678, 0xD678,
    0xD678, 0xFFDE, 0xFFDE, 0xFFDE, 0xFFDE, 0xFFDE, 0xFFDE, 0xFFDE, 0xFFDE, 0xFFDE, 0xFFDE, 0xFFDE,
    0xFFDE, 0xFFDE, 0xFFDE, 0xFFDE, 0xFFDE, 0xFFDE, 0xFFDE, 0xFFDE, 0xFFDE, 0xFFDE, 0xFFDE, 0xFFDE,
    0xFFDE, 0xFFDE, 0xFFDE, 0xFFDE, 0xFFDE, 0xFFDE, 0xFFDE, 0xFFDE, 0xFFDE, 0xFFDE, 0xFFDE, 0xFFDE,
    0xFFDE, 0xFFDE, 0xFFDE, 0xFFDE, 0xFFDE, 0xFFDE, 0xFFDE, 0xFFDE, 0xFFDE, 0xFFDE, 0xFFDE, 0xFFDE,
    0xFFDE, 0xFFDE, 0xFFDE, 0xFFDE, 0xFFDE, 0xFFDE, 0xFFDE, 0xFFDE, 0xFFDE, 0xFFDE, 0xFFDE, 0xFFDE,
    0xFFDE, 0xFFDE, 0xFFDE, 0xFFDE, 0xFFDE, 0xFFDE, 0xFFDE, 0xFFDE, 0xFFDE, 0xFFDE, 0xFFDE, 0xFFDE,
    0xFFDE, 0xFFDE, 0xFFDE, 0xD678, 0xD678, 0xD678, 0xD678, 0xD678, 0xD678, 0xD678, 0xD678, 0xD678,
    0xD678, 0xD678, 0xD678, 0xD678, 0xD678, 0xDEB9, 0xDEB9, 0xDEB9, 0xDEB9, 0xDEB9, 0xDEB9, 0xDEDA,
    0xDEDA, 0xDEDA, 0xDEDA, 0xDEDA, 0xDEDA, 0xDEDA, 0xDEDA, 0xDEDA, 0xDEDA, 0xDEDA, 0xDEDA, 0xDEDA,
    0xDEDA, 0xDEDA, 0xDEDA, 0xDEDA, 0xDEDA, 0xDEDA, 0xDEDA, 0xDEDA, 0xDEDA, 0xDEDA, 0xDEDA, 0xDEDA,
    0xDEDA, 0xDEDA, 0xDEDA, 0xDEDA, 0xDEDA, 0xDEDA, 0xDEDA, 0xDEDA, 0xDEDA, 0xDEDA, 0xDEDA, 0xDEDA,
    0xDEDA, 0xDEB9, 0xDEB9, 0xDEB9, 0xDEB9, 0xDEB9, 0xDEB9, 0xDEB9, 0xDEB9, 0xDEB9, 0xDEB9, 0xDEB9,
    0xDEB9, 0xDEDA, 0xDEDA, 0xDEB9, 0xDEB9, 0xD678, 0xD678, 0xD678, 0xD678, 0xD678, 0xD678, 0xD678,
    0xD678, 0xD678, 0xD678, 0xD678, 0xD678, 0xFFDE, 0xFFDE, 0xFFDE, 0xFFDE, 0xFFDE, 0xFFDE, 0xFFDE,
    0xFFDE, 0xFFDE, 0xFFDE, 0xFFDE, 0xFFDE, 0xFFDE, 0xFFDE, 0xFFDE, 0xFFDE, 0xFFDE, 0xFFDE, 0xFFDE,
    0xFFDE, 0xFFDE, 0xFFDE, 0xFFDE, 0xFFDE, 0xFFDE, 0xFFDE, 0xFFDE, 0xFFDE, 0xFFDE, 0xFFDE, 0xFFDE,
    0xFFDE, 0xFFDE, 0xFFDE, 0xFFDE, 0xFFDE, 0xFFDE, 0xFFDE, 0xFFDE, 0xFFDE, 0xFFDE, 0xFFDE, 0xFFDE,
    0xFFDE, 0xFFDE, 0xFFDE, 0xFFDE, 0xFFDE, 0xFFDE, 0xFFDE, 0xFFDE, 0xFFDE, 0xFFDE, 0xFFDE, 0xFFDE,
    0xFFDE, 0xFFDE, 0xFFDE, 0xFFDE, 0xFFDE, 0xFFDE, 0xFFDE, 0xFFDE, 0xFFDE, 0xFFDE, 0xFFDE, 0xFFDE,
    0xFFDE, 0xFFDE, 0xFFDE, 0xFFDE, 0xFFDE, 0xFFDE, 0xFFDE, 0xD678, 0xD678, 0xD678, 0xD678, 0xD678,
    0xD678, 0xD678, 0xD678, 0xD678, 0xD678, 0xD678, 0xD678, 0xD678, 0xD678, 0xDEB9, 0xDEB9, 0xDEB9,
    0xDEB9, 0xDEB9, 0xDEB9, 0xDEDA, 0xDEDA, 0xDEDA, 0xDEDA, 0xDEDA, 0xDEDA, 0xDEDA, 0xDEDA, 0xDEDA,
    0xDEDA, 0xDEDA, 0xDEDA, 0xDEDA, 0xDEDA, 0xDEDA, 0xDEDA, 0xDEDA, 0xDEDA, 0xDEDA, 0xDEDA, 0xDEDA,
    0xDEDA, 0xDEDA, 0xDEDA, 0xDEDA, 0xDEDA, 0xDEDA, 0xDEDA, 0xDEDA, 0xDEDA, 0xDEDA, 0xDEDA, 0xDEDA,
    0xDEDA, 0xDEDA, 0xDEDA, 0xDEDA, 0xDEDA, 0xDEB9, 0xDEB9, 0xDEB9, 0xDEB9, 0xDEB9, 0xDEB9, 0xDEB9,
    0xDEB9, 0xDEB9, 0xDEB9, 0xDEB9, 0xDEB9, 0xDEDA, 0xDEDA, 0xDEB9, 0xDEB9, 0xD678, 0xD678, 0xD678,
    0xD678, 0xD678, 0xD678, 0xD678, 0xD678, 0xD678, 0xD678, 0xD678, 0xD678, 0xFFDE, 0xFFDE, 0xFFDE,
    0xFFDE, 0xFFDE, 0xFFDE, 0xFFDE, 0xFFDE, 0xFFDE, 0xFFDE, 0xFFDE, 0xFFDE, 0xFFDE, 0xFFDE, 0xFFDE,
    0xFFDE, 0xFFDE, 0xFFDE, 0xFFDE, 0xFFDE, 0xFFDE, 0xFFDE, 0xFFDE, 0xFFDE, 0xFFDE, 0xFFDE, 0xFFDE,
    0xFFDE, 0xFFDE, 0xFFDE, 0xFFDE, 0xFFDE, 0xFFDE, 0xFFDE, 0xFFDE, 0xFFDE, 0xFFDE, 0xFFDE, 0xFFDE,
    0xFFDE, 0xFFDE, 0xFFDE, 0xFFDE, 0xFFDE, 0xFFDE, 0xFFDE, 0xFFDE, 0xFFDE, 0xFFDE, 0xFFDE, 0xFFDE,
    0xFFDE, 0xFFDE, 0xFFDE, 0xFFDE, 0xFFDE, 0xFFDE, 0xFFDE, 0xFFDE, 0xFFDE, 0xFFDE, 0xFFDE, 0xFFDE,
    0xFFDE, 0xFFDE, 0xFFDE, 0xFFDE, 0xFFDE, 0xFFDE, 0xFFDE, 0xFFDE, 0xFFDE, 0xE73B, 0xE73B, 0xD678,
    0xD678, 0xD678, 0xD678, 0xD678, 0xD678, 0xD678, 0xD678, 0xD678, 0xD678, 0xD678, 0xD678, 0xD678,
    0xD678, 0xDEB9, 0xDEB9, 0xDEB9, 0xDEB9, 0xDEDA, 0xDEDA, 0xDEDA, 0xDEDA, 0xDEDA, 0xDEDA, 0xDEDA,
    0xDEDA, 0xDEDA, 0xDEDA, 0xDEDA, 0xDEDA, 0xDEDA, 0xDEDA, 0xDEDA, 0xDEDA, 0xDEDA, 0xDEDA, 0xDEDA,
    0xDEDA, 0xDEDA, 0xDEDA, 0xDEDA, 0xDEDA, 0xDEDA, 0xDEDA, 0xDEDA, 0xDEDA, 0xE6FA, 0xE6FA, 0xE6FA,
    0xE6FA, 0xE6FA, 0xE6FA, 0xDEDA, 0xDEDA, 0xDEDA, 0xDEDA, 0xDEDA, 0xDEDA, 0xDEDA, 0xDEDA, 0xDEDA,
    0xDEDA, 0xDEDA, 0xDEDA, 0xDEDA, 0xDEDA, 0xDEDA, 0xDEDA, 0xDEDA, 0xDEDA, 0xDEDA, 0xDEDA, 0xDEB9,
    0xDEB9, 0xD678, 0xD678, 0xD678, 0xD678, 0xD678, 0xD678, 0xD678, 0xD678, 0xD678, 0xD678, 0xD678,
    0xD678, 0xD678, 0xD678, 0xFFDE, 0xFFDE, 0xFFDE, 0xFFDE, 0xFFDE, 0xFFDE, 0xFFDE, 0xFFDE, 0xFFDE,
    0xFFDE, 0xFFDE, 0xFFDE, 0xFFDE, 0xFFDE, 0xFFDE, 0xFFDE, 0xFFDE, 0xFFDE, 0xFFDE, 0xFFDE, 0xFFDE,
    0xFFDE, 0xFFDE, 0xFFDE, 0xFFDE, 0xFFDE, 0xFFDE, 0xFFDE, 0xFFDE, 0xFFDE, 0xFFDE, 0xFFDE, 0xFFDE,
    0xFFDE, 0xFFDE, 0xFFDE, 0xFFDE, 0xFFDE, 0xFFDE, 0xFFDE, 0xFFDE, 0xFFDE, 0xFFDE, 0xFFDE, 0xFFDE,
    0xFFDE, 0xFFDE, 0xFFDE, 0xFFDE, 0xFFDE, 0xFFDE, 0xFFDE, 0xFFDE, 0xFFDE, 0xFFDE, 0xFFDE, 0xFFDE,
    0xFFDE, 0xFFDE, 0xFFDE, 0xFFDE, 0xFFDE, 0xFFDE, 0xFFDE, 0xFFDE, 0xFFDE, 0xFFDE, 0xFFDE, 0xFFDE,
    0xFFDE, 0xE73B, 0xE73B, 0xD678, 0xD678, 0xD678, 0xD678, 0xD678, 0xD678, 0xD678, 0xD678, 0xD678,
    0xD678, 0xD678, 0xD678, 0xD678, 0xD678, 0xDEB9, 0xDEB9, 0xDEB9, 0xDEB9, 0xDEDA, 0xDEDA, 0xDEDA,
    0xDEDA, 0xDEDA, 0xDEDA, 0xDEDA, 0xDEDA, 0xDEDA, 0xDEDA, 0xDEDA, 0xDEDA, 0xDEDA, 0xDEDA, 0xDEDA,
    0xDEDA, 0xDEDA, 0xDEDA, 0xDEDA, 0xDEDA, 0xDEDA, 0xDEDA, 0xDEDA, 0xDEDA, 0xDEDA, 0xDEDA, 0xDEDA,
    0xDEDA, 0xE6FA, 0xE6FA, 0xE6FA, 0xE6FA, 0xE6FA, 0xE6FA, 0xDEDA, 0xDEDA, 0xDEDA, 0xDEDA, 0xDEDA,
    0xDEDA, 0xDEDA, 0xDEDA, 0xDEDA, 0xDEDA, 0xDEDA, 0xDEDA, 0xDEDA, 0xDEDA, 0xDEDA, 0xDEDA, 0xDEDA,
    0xDEDA, 0xDEDA, 0xDEDA, 0xDEB9, 0xDEB9, 0xD678, 0xD678, 0xD678, 0xD678, 0xD678, 0xD678, 0xD678,
    0xD678, 0xD678, 0xD678, 0xD678, 0xD678, 0xD678, 0xD678, 0xFFDE, 0xFFDE, 0xFFDE, 0xFFDE, 0xFFDE,
    0xFFDE, 0xFFDE, 0xFFDE, 0xFFDE, 0xFFDE, 0xFFDE, 0xFFDE, 0xFFDE, 0xFFDE, 0xFFDE, 0xFFDE, 0xFFDE,
    0xFFDE, 0xFFDE, 0xFFDE, 0xFFDE, 0xFFDE, 0xFFDE, 0xFFDE, 0xFFDE, 0xFFDE, 0xFFDE, 0xFFDE, 0xFFDE,
    0xFFDE, 0xFFDE, 0xFFDE, 0xFFDE, 0xFFDE, 0xFFDE, 0xFFDE, 0xFFDE, 0xFFDE, 0xFFDE, 0xFFDE, 0xFFDE,
    0xFFDE, 0xFFDE, 0xFFDE, 0xFFDE, 0xFFDE, 0xFFDE, 0xFFDE, 0xFFDE, 0xFFDE, 0xFFDE, 0xFFDE, 0xFFDE,
    0xFFDE, 0xFFDE, 0xFFDE, 0xFFDE, 0xFFDE, 0xFFDE, 0xFFDE, 0xFFDE, 0xFFDE, 0xFFDE, 0xFFDE, 0xFFDE,
    0xFFDE, 0xFFDE, 0xFFDE, 0xFFDE, 0xFFDE, 0xD678, 0xD678, 0xD678, 0xD678, 0xD678, 0xD678, 0xD678,
    0xD678, 0xD678, 0xD678, 0xD678, 0xD678, 0xDEB9, 0xDEB9, 0xDEB9, 0xDEB9, 0xDEB9, 0xDEB9, 0xDEB9,
    0xDEB9, 0xDEB9, 0xDEB9, 0xDEB9, 0xDEB9, 0xDEB9, 0xDEB9, 0xDEB9, 0xDEB9, 0xDEB9, 0xDEB9, 0xDEB9,
    0xDEB9, 0xDEB9, 0xDEB9, 0xDEDA, 0xDEDA, 0xDEDA, 0xDEDA, 0xDEDA, 0xDEDA, 0xDEDA, 0xDEDA, 0xDEDA,
    0xDEDA, 0xDEDA, 0xDEDA, 0xDEDA, 0xDEDA, 0xE6FA, 0xE6FA, 0xE6FA, 0xE6FA, 0xE6FA, 0xE6FA, 0xE6FA,
    0xE6FA, 0xE6FA, 0xE6FA, 0xE6FA, 0xE6FA, 0xDEDA, 0xDEDA, 0xDEDA, 0xDEDA, 0xDEDA, 0xDEDA, 0xDEDA,
    0xDEDA, 0xDEDA, 0xDEDA, 0xDEDA, 0xDEDA, 0xDEDA, 0xDEDA, 0xDEB9, 0xDEB9, 0xD678, 0xD678, 0xD678,
    0xD678, 0xD678, 0xD678, 0xD678, 0xD678, 0xD678, 0xD678, 0xD678, 0xD678, 0xD678, 0xD678, 0xE71B,
    0xE71B, 0xFFDE, 0xFFDE, 0xFFDE, 0xFFDE, 0xFFDE, 0xFFDE, 0xFFDE, 0xFFDE, 0xFFDE, 0xFFDE, 0xFFDE,
    0xFFDE, 0xFFDE, 0xFFDE, 0xFFDE, 0xFFDE, 0xFFDE, 0xFFDE, 0xFFDE, 0xFFDE, 0xFFDE, 0xFFDE, 0xFFDE,
    0xFFDE, 0xFFDE, 0xFFDE, 0xFFDE, 0xFFDE, 0xFFDE, 0xFFDE, 0xFFDE, 0xFFDE, 0xFFDE, 0xFFDE, 0xFFDE,
    0xFFDE, 0xFFDE, 0xFFDE, 0xFFDE, 0xFFDE, 0xFFDE, 0xFFDE, 0xFFDE, 0xFFDE, 0xFFDE, 0xFFDE, 0xFFDE,
    0xFFDE, 0xFFDE, 0xFFDE, 0xFFDE, 0xFFDE, 0xFFDE, 0xFFDE, 0xFFDE, 0xFFDE, 0xFFDE, 0xFFDE, 0xFFDE,
    0xFFDE, 0xFFDE, 0xFFDE, 0xFFDE, 0xFFDE, 0xFFDE, 0xFFDE, 0xFFDE, 0xFFDE, 0xD678, 0xD678, 0xD678,
    0xD678, 0xD678, 0xD678, 0xD678, 0xD678, 0xD678, 0xD678, 0xD678, 0xD678, 0xDEB9, 0xDEB9, 0xDEB9,
    0xDEB9, 0xDEB9, 0xDEB9, 0xDEB9, 0xDEB9, 0xDEB9, 0xDEB9, 0xDEB9, 0xDEB9, 0xDEB9, 0xDEB9, 0xDEB9,
    0xDEB9, 0xDEB9, 0xDEB9, 0xDEB9, 0xDEB9, 0xDEB9, 0xDEB9, 0xDEDA, 0xDEDA, 0xDEDA, 0xDEDA, 0xDEDA,
    0xDEDA, 0xDEDA, 0xDEDA, 0xDEDA, 0xDEDA, 0xDEDA, 0xDEDA, 0xDEDA, 0xDEDA, 0xE6FA, 0xE6FA, 0xE6FA,
    0xE6FA, 0xE6FA, 0xE6FA, 0xE6FA, 0xE6FA, 0xE6FA, 0xE6FA, 0xE6FA, 0xE6FA, 0xDEDA, 0xDEDA, 0xDEDA,
    0xDEDA, 0xDEDA, 0xDEDA, 0xDEDA, 0xDEDA, 0xDEDA, 0xDEDA, 0xDEDA, 0xDEDA, 0xDEDA, 0xDEDA, 0xDEB9,
    0xDEB9, 0xD678, 0xD678, 0xD678, 0xD678, 0xD678, 0xD678, 0xD678, 0xD678, 0xD678, 0xD678, 0xD678,
    0xD678, 0xD678, 0xD678, 0xE71B, 0xE71B, 0xFFDE, 0xFFDE, 0xFFDE, 0xFFDE, 0xFFDE, 0xFFDE, 0xFFDE,
    0xFFDE, 0xFFDE, 0xFFDE, 0xFFDE, 0xFFDE, 0xFFDE, 0xFFDE, 0xFFDE, 0xFFDE, 0xFFDE, 0xFFDE, 0xFFDE,
    0xFFDE, 0xFFDE, 0xFFDE, 0xFFDE, 0xFFDE, 0xFFDE, 0xFFDE, 0xFFDE, 0xFFDE, 0xFFDE, 0xFFDE, 0xFFDE,
    0xFFDE, 0xFFDE, 0xFFDE, 0xFFDE, 0xFFDE, 0xFFDE, 0xFFDE, 0xFFDE, 0xFFDE, 0xFFDE, 0xFFDE, 0xFFDE,
    0xFFDE, 0xFFDE, 0xFFDE, 0xFFDE, 0xFFDE, 0xFFDE, 0xFFDE, 0xFFDE, 0xFFDE, 0xFFDE, 0xFFDE, 0xFFDE,
    0xFFDE, 0xFFDE, 0xFFDE, 0xFFDE, 0xFFDE, 0xFFDE, 0xFFDE, 0xFFDE, 0xFFDE, 0xFFDE, 0xFFDE, 0xDEB9,
    0xDEB9, 0xD678, 0xD678, 0xD678, 0xD678, 0xD678, 0xD678, 0xD678, 0xD678, 0xD678, 0xD678, 0xDEB9,
    0xDEB9, 0xDEB9, 0xDEB9, 0xDEB9, 0xDEB9, 0xDEDA, 0xDEDA, 0xDEDA, 0xDEDA, 0xDEDA, 0xDEDA, 0xDEDA,
    0xDEDA, 0xDEDA, 0xDEDA, 0xDEDA, 0xDEDA, 0xDEDA, 0xDEDA, 0xDEDA, 0xDEDA, 0xDEDA, 0xDEDA, 0xDEDA,
    0xDEDA, 0xE6FA, 0xE6FA, 0xE6FA, 0xE6FA, 0xE6FA, 0xE6FA, 0xE6FA, 0xE6FA, 0xE6FA, 0xE6FA, 0xE6FA,
    0xE6FA, 0xE6FA, 0xE6FA, 0xE6FA, 0xE6FA, 0xE6FA, 0xE6FA, 0xE6FA, 0xE6FA, 0xE6FA, 0xE6FA, 0xE6FA,
    0xE6FA, 0xDEDA, 0xDEDA, 0xDEDA, 0xDEDA, 0xDEDA, 0xDEDA, 0xDEDA, 0xDEDA, 0xDEDA, 0xDEDA, 0xDEDA,
    0xDEDA, 0xDEDA, 0xDEDA, 0xDEB9, 0xDEB9, 0xDEB9, 0xDEB9, 0xDEB9, 0xDEB9, 0xD678, 0xD678, 0xD678,
    0xD678, 0xD678, 0xD678, 0xD678, 0xD678, 0xD678, 0xD678, 0xD678, 0xD678, 0xE6FB, 0xE6FB, 0xFFDE,
    0xFFDE, 0xFFDE, 0xFFDE, 0xFFDE, 0xFFDE, 0xFFDE, 0xFFDE, 0xFFDE, 0xFFDE, 0xFFDE, 0xFFDE, 0xFFDE,
    0xFFDE, 0xFFDE, 0xFFDE, 0xFFDE, 0xFFDE, 0xFFDE, 0xFFDE, 0xFFDE, 0xFFDE, 0xFFDE, 0xFFDE, 0xFFDE,
    0xFFDE, 0xFFDE, 0xFFDE, 0xFFDE, 0xFFDE, 0xFFDE, 0xFFDE, 0xFFDE, 0xFFDE, 0xFFDE, 0xFFDE, 0xFFDE,
    0xFFDE, 0xFFDE, 0xFFDE, 0xFFDE, 0xFFDE, 0xFFDE, 0xFFDE, 0xFFDE, 0xFFDE, 0xFFDE, 0xFFDE, 0xFFDE,
    0xFFDE, 0xFFDE, 0xFFDE, 0xFFDE, 0xFFDE, 0xFFDE, 0xFFDE, 0xFFDE, 0xFFDE, 0xFFDE, 0xFFDE, 0xFFDE,
    0xFFDE, 0xFFDE, 0xFFDE, 0xDEB9, 0xDEB9, 0xD678, 0xD678, 0xD678, 0xD678, 0xD678, 0xD678, 0xD678,
    0xD678, 0xD678, 0xD678, 0xDEB9, 0xDEB9, 0xDEB9, 0xDEB9, 0xDEB9, 0xDEB9, 0xDEDA, 0xDEDA, 0xDEDA,
    0xDEDA, 0xDEDA, 0xDEDA, 0xDEDA, 0xDEDA, 0xDEDA, 0xDEDA, 0xDEDA, 0xDEDA, 0xDEDA, 0xDEDA, 0xDEDA,
    0xDEDA, 0xDEDA, 0xDEDA, 0xDEDA, 0xDEDA, 0xE6FA, 0xE6FA, 0xE6FA, 0xE6FA, 0xE6FA, 0xE6FA, 0xE6FA,
    0xE6FA, 0xE6FA, 0xE6FA, 0xE6FA, 0xE6FA, 0xE6FA, 0xE6FA, 0xE6FA, 0xE6FA, 0xE6FA, 0xE6FA, 0xE6FA,
    0xE6FA, 0xE6FA, 0xE6FA, 0xE6FA, 0xE6FA, 0xDEDA, 0xDEDA, 0xDEDA, 0xDEDA, 0xDEDA, 0xDEDA, 0xDEDA,
    0xDEDA, 0xDEDA, 0xDEDA, 0xDEDA, 0xDEDA, 0xDEDA, 0xDEDA, 0xDEB9, 0xDEB9, 0xDEB9, 0xDEB9, 0xDEB9,
    0xDEB9, 0xD678, 0xD678, 0xD678, 0xD678, 0xD678, 0xD678, 0xD678, 0xD678, 0xD678, 0xD678, 0xD678,
    0xD678, 0xE6FB, 0xE6FB, 0xFFDE, 0xFFDE, 0xFFDE, 0xFFDE, 0xFFDE, 0xFFDE, 0xFFDE, 0xFFDE, 0xFFDE,
    0xFFDE, 0xFFDE, 0xFFDE, 0xFFDE, 0xFFDE, 0xFFDE, 0xFFDE, 0xFFDE, 0xFFDE, 0xFFDE, 0xFFDE, 0xFFDE,
    0xFFDE, 0xFFDE, 0xFFDE, 0xFFDE, 0xFFDE, 0xFFDE, 0xFFDE, 0xFFDE, 0xFFDE, 0xFFDE, 0xFFDE, 0xFFDE,
    0xFFDE, 0xFFDE, 0xFFDE, 0xFFDE, 0xFFDE, 0xFFDE, 0xFFDE, 0xFFDE, 0xFFDE, 0xFFDE, 0xFFDE, 0xFFDE,
    0xFFDE, 0xFFDE, 0xFFDE, 0xFFDE, 0xFFDE, 0xFFDE, 0xFFDE, 0xFFDE, 0xFFDE, 0xFFDE, 0xFFDE, 0xFFDE,
    0xFFDE, 0xFFDE, 0xFFDE, 0xFFDE, 0xFFDE, 0xFFDE, 0xFFDE, 0xD678, 0xD678, 0xCE37, 0xCE37, 0xD678,
    0xD678, 0xD678, 0xD678, 0xD678, 0xD678, 0xDEB9, 0xDEB9, 0xDEB9, 0xDEB9, 0xDEB9, 0xDEB9, 0xDEDA,
    0xDEDA, 0xDEDA, 0xDEDA, 0xDEDA, 0xDEDA, 0xDEDA, 0xDEDA, 0xDEDA, 0xDEDA, 0xDEDA, 0xDEDA, 0xDEDA,
    0xDEDA, 0xDEDA, 0xDEDA, 0xDEDA, 0xDEDA, 0xDEDA, 0xDEDA, 0xE6FA, 0xE6FA, 0xE6FA, 0xE6FA, 0xE6FA,
    0xE6FA, 0xE6FA, 0xE6FA, 0xE6FA, 0xE6FA, 0xE6FA, 0xE6FA, 0xE6FA, 0xE6FA, 0xE6FA, 0xE6FA, 0xE6FA,
    0xE6FA, 0xE6FA, 0xE6FA, 0xE6FA, 0xE6FA, 0xE6FA, 0xE6FA, 0xE6FA, 0xE6FA, 0xE6FB, 0xE6FB, 0xE6FB,
    0xE6FB, 0xE6FB, 0xE6FB, 0xE6FB, 0xE6FB, 0xE6FB, 0xE6FB, 0xE6FB, 0xE6FB, 0xDEDA, 0xDEDA, 0xDEB9,
    0xDEB9, 0xDEB9, 0xDEB9, 0xDEB9, 0xDEB9, 0xDEB9, 0xDEB9, 0xDEB9, 0xDEB9, 0xD678, 0xD678, 0xD678,
    0xD678, 0xD678, 0xD678, 0xD678, 0xD678, 0xD699, 0xD699, 0xEF3C, 0xEF3C, 0xFFDE, 0xFFDE, 0xFFDE,
    0xFFDE, 0xFFDE, 0xFFDE, 0xFFDE, 0xFFDE, 0xFFDE, 0xFFDE, 0xFFDE, 0xFFDE, 0xFFDE, 0xFFDE, 0xFFDE,
    0xFFDE, 0xFFDE, 0xFFDE, 0xFFDE, 0xFFDE, 0xFFDE, 0xFFDE, 0xFFDE, 0xFFDE, 0xFFDE, 0xFFDE, 0xFFDE,
    0xFFDE, 0xFFDE, 0xFFDE, 0xFFDE, 0xFFDE, 0xFFDE, 0xFFDE, 0xFFDE, 0xFFDE, 0xFFDE, 0xFFDE, 0xFFDE,
    0xFFDE, 0xFFDE, 0xFFDE, 0xFFDE, 0xFFDE, 0xFFDE, 0xFFDE, 0xFFDE, 0xFFDE, 0xFFDE, 0xFFDE, 0xFFDE,
    0xFFDE, 0xFFDE, 0xFFDE, 0xFFDE, 0xFFDE, 0xFFDE, 0xFFDE, 0xFFDE, 0xFFDE, 0xFFDE, 0xFFDE, 0xD678,
    0xD678, 0xCE37, 0xCE37, 0xD678, 0xD678, 0xD678, 0xD678, 0xD678, 0xD678, 0xDEB9, 0xDEB9, 0xDEB9,
    0xDEB9, 0xDEB9, 0xDEB9, 0xDEDA, 0xDEDA, 0xDEDA, 0xDEDA, 0xDEDA, 0xDEDA, 0xDEDA, 0xDEDA, 0xDEDA,
    0xDEDA, 0xDEDA, 0xDEDA, 0xDEDA, 0xDEDA, 0xDEDA, 0xDEDA, 0xDEDA, 0xDEDA, 0xDEDA, 0xDEDA, 0xE6FA,
    0xE6FA, 0xE6FA, 0xE6FA, 0xE6FA, 0xE6FA, 0xE6FA, 0xE6FA, 0xE6FA, 0xE6FA, 0xE6FA, 0xE6FA, 0xE6FA,
    0xE6FA, 0xE6FA, 0xE6FA, 0xE6FA, 0xE6FA, 0xE6FA, 0xE6FA, 0xE6FA, 0xE6FA, 0xE6FA, 0xE6FA, 0xE6FA,
    0xE6FA, 0xE6FB, 0xE6FB, 0xE6FB, 0xE6FB, 0xE6FB, 0xE6FB, 0xE6FB, 0xE6FB, 0xE6FB, 0xE6FB, 0xE6FB,
    0xE6FB, 0xDEDA, 0xDEDA, 0xDEB9, 0xDEB9, 0xDEB9, 0xDEB9, 0xDEB9, 0xDEB9, 0xDEB9, 0xDEB9, 0xDEB9,
    0xDEB9, 0xD678, 0xD678, 0xD678, 0xD678, 0xD678, 0xD678, 0xD678, 0xD678, 0xD699, 0xD699, 0xEF3C,
    0xEF3C, 0xFFDE, 0xFFDE, 0xFFDE, 0xFFDE, 0xFFDE, 0xFFDE, 0xFFDE, 0xFFDE, 0xFFDE, 0xFFDE, 0xFFDE,
    0xFFDE, 0xFFDE, 0xFFDE, 0xFFDE, 0xFFDE, 0xFFDE, 0xFFDE, 0xFFDE, 0xFFDE, 0xFFDE, 0xFFDE, 0xFFDE,
    0xFFDE, 0xFFDE, 0xFFDE, 0xFFDE, 0xFFDE, 0xFFDE, 0xFFDE, 0xFFDE, 0xFFDE, 0xFFDE, 0xFFDE, 0xFFDE,
    0xFFDE, 0xFFDE, 0xFFDE, 0xFFDE, 0xFFDE, 0xFFDE, 0xFFDE, 0xFFDE, 0xFFDE, 0xFFDE, 0xFFDE, 0xFFDE,
    0xFFDE, 0xFFDE, 0xFFDE, 0xFFDE, 0xFFDE, 0xFFDE, 0xFFDE, 0xFFDE, 0xFFDE, 0xFFDE, 0xFFDE, 0xFFDE,
    0xFFDE, 0xD699, 0xD699, 0xD678, 0xD678, 0xD678, 0xD678, 0xD678, 0xD678, 0xD678, 0xD678, 0xD678,
    0xD678, 0xDEB9, 0xDEB9, 0xDEB9, 0xDEB9, 0xDEDA, 0xDEDA, 0xDEDA, 0xDEDA, 0xDEDA, 0xDEDA, 0xDEDA,
    0xDEDA, 0xDEDA, 0xDEDA, 0xDEDA, 0xDEDA, 0xDEDA, 0xDEDA, 0xDEDA, 0xDEDA, 0xDEDA, 0xDEDA, 0xDEDA,
    0xDEDA, 0xE6FA, 0xE6FA, 0xE6FA, 0xE6FA, 0xE6FA, 0xE6FA, 0xE6FA, 0xE6FA, 0xE6FA, 0xE6FA, 0xE6FA,
    0xE6FA, 0xE6FA, 0xE6FA, 0xE6FA, 0xE6FA, 0xE6FA, 0xE6FA, 0xE6FA, 0xE6FA, 0xE6FA, 0xE6FA, 0xE6FA,
    0xE6FA, 0xE6FA, 0xE6FA, 0xE6FA, 0xE6FA, 0xE6FB, 0xE6FB, 0xE6FB, 0xE6FB, 0xE6FB, 0xE6FB, 0xE6FB,
    0xE6FB, 0xE6FB, 0xE6FB, 0xE6FB, 0xE6FB, 0xE6FB, 0xE6FB, 0xDEDA, 0xDEDA, 0xDEDA, 0xDEDA, 0xDEB9,
    0xDEB9, 0xDEDA, 0xDEDA, 0xDEB9, 0xDEB9, 0xDEB9, 0xDEB9, 0xD678, 0xD678, 0xD678, 0xD678, 0xD678,
    0xD678, 0xD678, 0xD678, 0xE6FB, 0xE6FB, 0xFFDE, 0xFFDE, 0xFFDE, 0xFFDE, 0xFFDE, 0xFFDE, 0xFFDE,
    0xFFDE, 0xFFDE, 0xFFDE, 0xFFDE, 0xFFDE, 0xFFDE, 0xFFDE, 0xFFDE, 0xFFDE, 0xFFDE, 0xFFDE, 0xFFDE,
    0xFFDE, 0xFFDE, 0xFFDE, 0xFFDE, 0xFFDE, 0xFFDE, 0xFFDE, 0xFFDE, 0xFFDE, 0xFFDE, 0xFFDE, 0xFFDE,
    0xFFDE, 0xFFDE, 0xFFDE, 0xFFDE, 0xFFDE, 0xFFDE, 0xFFDE, 0xFFDE, 0xFFDE, 0xFFDE, 0xFFDE, 0xFFDE,
    0xFFDE, 0xFFDE, 0xFFDE, 0xFFDE, 0xFFDE, 0xFFDE, 0xFFDE, 0xFFDE, 0xFFDE, 0xFFDE, 0xFFDE, 0xFFDE,
    0xFFDE, 0xFFDE, 0xFFDE, 0xFFDE, 0xFFDE, 0xD699, 0xD699, 0xD678, 0xD678, 0xD678, 0xD678, 0xD678,
    0xD678, 0xD678, 0xD678, 0xD678, 0xD678, 0xDEB9, 0xDEB9, 0xDEB9, 0xDEB9, 0xDEDA, 0xDEDA, 0xDEDA,
    0xDEDA, 0xDEDA, 0xDEDA, 0xDEDA, 0xDEDA, 0xDEDA, 0xDEDA, 0xDEDA, 0xDEDA, 0xDEDA, 0xDEDA, 0xDEDA,
    0xDEDA, 0xDEDA, 0xDEDA, 0xDEDA, 0xDEDA, 0xE6FA, 0xE6FA, 0xE6FA, 0xE6FA, 0xE6FA, 0xE6FA, 0xE6FA,
    0xE6FA, 0xE6FA, 0xE6FA, 0xE6FA, 0xE6FA, 0xE6FA, 0xE6FA, 0xE6FA, 0xE6FA, 0xE6FA, 0xE6FA, 0xE6FA,
    0xE6FA, 0xE6FA, 0xE6FA, 0xE6FA, 0xE6FA, 0xE6FA, 0xE6FA, 0xE6FA, 0xE6FA, 0xE6FB, 0xE6FB, 0xE6FB,
    0xE6FB, 0xE6FB, 0xE6FB, 0xE6FB, 0xE6FB, 0xE6FB, 0xE6FB, 0xE6FB, 0xE6FB, 0xE6FB, 0xE6FB, 0xDEDA,
    0xDEDA, 0xDEDA, 0xDEDA, 0xDEB9, 0xDEB9, 0xDEDA, 0xDEDA, 0xDEB9, 0xDEB9, 0xDEB9, 0xDEB9, 0xD678,
    0xD678, 0xD678, 0xD678, 0xD678, 0xD678, 0xD678, 0xD678, 0xE6FB, 0xE6FB, 0xFFDE, 0xFFDE, 0xFFDE,
    0xFFDE, 0xFFDE, 0xFFDE, 0xFFDE, 0xFFDE, 0xFFDE, 0xFFDE, 0xFFDE, 0xFFDE, 0xFFDE, 0xFFDE, 0xFFDE,
    0xFFDE, 0xFFDE, 0xFFDE, 0xFFDE, 0xFFDE, 0xFFDE, 0xFFDE, 0xFFDE, 0xFFDE, 0xFFDE, 0xFFDE, 0xFFDE,
    0xFFDE, 0xFFDE, 0xFFDE, 0xFFDE, 0xFFDE, 0xFFDE, 0xFFDE, 0xFFDE, 0xFFDE, 0xFFDE, 0xFFDE, 0xFFDE,
    0xFFDE, 0xFFDE, 0xFFDE, 0xFFDE, 0xFFDE, 0xFFDE, 0xFFDE, 0xFFDE, 0xFFDE, 0xFFDE, 0xFFDE, 0xFFDE,
    0xFFDE, 0xFFDE, 0xFFDE, 0xFFDE, 0xFFDE, 0xFFDE, 0xFFDE, 0xFFDE, 0xFFDE, 0xD678, 0xD678, 0xD678,
    0xD678, 0xD678, 0xD678, 0xD678, 0xD678, 0xD678, 0xD678, 0xD678, 0xD678, 0xDEB9, 0xDEB9, 0xDEDA,
    0xDEDA, 0xDEDA, 0xDEDA, 0xDEDA, 0xDEDA, 0xDEDA, 0xDEDA, 0xDEDA, 0xDEDA, 0xDEDA, 0xDEDA, 0xDEDA,
    0xDEDA, 0xDEDA, 0xDEDA, 0xDEDA, 0xDEDA, 0xDEDA, 0xDEDA, 0xDEDA, 0xDEDA, 0xE6FA, 0xE6FA, 0xE6FA,
    0xE6FA, 0xE6FA, 0xE6FA, 0xE6FA, 0xE6FA, 0xE6FA, 0xE6FA, 0xE6FA, 0xE6FA, 0xE6FA, 0xE6FA, 0xE6FA,
    0xE6FA, 0xE6FA, 0xE6FA, 0xE6FA, 0xE6FA, 0xE6FA, 0xE6FA, 0xE6FA, 0xE6FA, 0xE6FA, 0xE6FA, 0xE6FA,
    0xE6FA, 0xE6FB, 0xE6FB, 0xE6FB, 0xE6FB, 0xE6FB, 0xE6FB, 0xE71B, 0xE71B, 0xE6FB, 0xE6FB, 0xE6FB,
    0xE6FB, 0xE6FB, 0xE6FB, 0xE6FA, 0xE6FA, 0xE6FA, 0xE6FA, 0xDEDA, 0xDEDA, 0xDEDA, 0xDEDA, 0xDEB9,
    0xDEB9, 0xDEB9, 0xDEB9, 0xDEB9, 0xDEB9, 0xD678, 0xD678, 0xD678, 0xD678, 0xD678, 0xD678, 0xDEDA,
    0xDEDA, 0xEF3C, 0xEF3C, 0xFFDE, 0xFFDE, 0xFFDE, 0xFFDE, 0xFFDE, 0xFFDE, 0xFFDE, 0xFFDE, 0xFFDE,
    0xFFDE, 0xFFDE, 0xFFDE, 0xFFDE, 0xFFDE, 0xFFDE, 0xFFDE, 0xFFDE, 0xFFDE, 0xFFDE, 0xFFDE, 0xFFDE,
    0xFFDE, 0xFFDE, 0xFFDE, 0xFFDE, 0xFFDE, 0xFFDE, 0xFFDE, 0xFFDE, 0xFFDE, 0xFFDE, 0xFFDE, 0xFFDE,
    0xFFDE, 0xFFDE, 0xFFDE, 0xFFDE, 0xFFDE, 0xFFDE, 0xFFDE, 0xFFDE, 0xFFDE, 0xFFDE, 0xFFDE, 0xFFDE,
    0xFFDE, 0xFFDE, 0xFFDE, 0xFFDE, 0xFFDE, 0xFFDE, 0xFFDE, 0xFFDE, 0xFFDE, 0xFFDE, 0xFFDE, 0xFFDE,
    0xFFDE, 0xD678, 0xD678, 0xD678, 0xD678, 0xD678, 0xD678, 0xD678, 0xD678, 0xD678, 0xD678, 0xD678,
    0xD678, 0xDEB9, 0xDEB9, 0xDEDA, 0xDEDA, 0xDEDA, 0xDEDA, 0xDEDA, 0xDEDA, 0xDEDA, 0xDEDA, 0xDEDA,
    0xDEDA, 0xDEDA, 0xDEDA, 0xDEDA, 0xDEDA, 0xDEDA, 0xDEDA, 0xDEDA, 0xDEDA, 0xDEDA, 0xDEDA, 0xDEDA,
    0xDEDA, 0xE6FA, 0xE6FA, 0xE6FA, 0xE6FA, 0xE6FA, 0xE6FA, 0xE6FA, 0xE6FA, 0xE6FA, 0xE6FA, 0xE6FA,
    0xE6FA, 0xE6FA, 0xE6FA, 0xE6FA, 0xE6FA, 0xE6FA, 0xE6FA, 0xE6FA, 0xE6FA, 0xE6FA, 0xE6FA, 0xE6FA,
    0xE6FA, 0xE6FA, 0xE6FA, 0xE6FA, 0xE6FA, 0xE6FB, 0xE6FB, 0xE6FB, 0xE6FB, 0xE6FB, 0xE6FB, 0xE71B,
    0xE71B, 0xE6FB, 0xE6FB, 0xE6FB, 0xE6FB, 0xE6FB, 0xE6FB, 0xE6FA, 0xE6FA, 0xE6FA, 0xE6FA, 0xDEDA,
    0xDEDA, 0xDEDA, 0xDEDA, 0xDEB9, 0xDEB9, 0xDEB9, 0xDEB9, 0xDEB9, 0xDEB9, 0xD678, 0xD678, 0xD678,
    0xD678, 0xD678, 0xD678, 0xDEDA, 0xDEDA, 0xEF3C, 0xEF3C, 0xFFDE, 0xFFDE, 0xFFDE, 0xFFDE, 0xFFDE,
    0xFFDE, 0xFFDE, 0xFFDE, 0xFFDE, 0xFFDE, 0xFFDE, 0xFFDE, 0xFFDE, 0xFFDE, 0xFFDE, 0xFFDE, 0xFFDE,
    0xFFDE, 0xFFDE, 0xFFDE, 0xFFDE, 0xFFDE, 0xFFDE, 0xFFDE, 0xFFDE, 0xFFDE, 0xFFDE, 0xFFDE, 0xFFDE,
    0xFFDE, 0xFFDE, 0xFFDE, 0xFFDE, 0xFFDE, 0xFFDE, 0xFFDE, 0xFFDE, 0xFFDE, 0xFFDE, 0xFFDE, 0xFFDE,
    0xFFDE, 0xFFDE, 0xFFDE, 0xFFDE, 0xFFDE, 0xFFDE, 0xFFDE, 0xFFDE, 0xFFDE, 0xFFDE, 0xFFDE, 0xFFDE,
    0xFFDE, 0xFFDE, 0xFFDE, 0xD699, 0xD699, 0xD678, 0xD678, 0xD678, 0xD678, 0xD678, 0xD678, 0xD678,
    0xD678, 0xD678, 0xD678, 0xD678, 0xD678, 0xDEB9, 0xDEB9, 0xDEDA, 0xDEDA, 0xDEDA, 0xDEDA, 0xDEDA,
    0xDEDA, 0xDEDA, 0xDEDA, 0xDEDA, 0xDEDA, 0xDEDA, 0xDEDA, 0xDEDA, 0xDEDA, 0xDEDA, 0xDEDA, 0xDEDA,
    0xDEDA, 0xDEDA, 0xDEDA, 0xDEDA, 0xDEDA, 0xE6FA, 0xE6FA, 0xE6FA, 0xE6FA, 0xE6FA, 0xE6FA, 0xE6FA,
    0xE6FA, 0xE6FA, 0xE6FA, 0xE6FA, 0xE6FA, 0xE6FA, 0xE6FA, 0xE6FA, 0xE6FA, 0xE6FA, 0xE6FA, 0xE6FA,
    0xE6FA, 0xE6FA, 0xE6FA, 0xE6FA, 0xE6FA, 0xE6FA, 0xE6FA, 0xE6FA, 0xE6FA, 0xE6FB, 0xE6FB, 0xE6FB,
    0xE6FB, 0xE71B, 0xE71B, 0xE71B, 0xE71B, 0xE71B, 0xE71B, 0xE71B, 0xE71B, 0xE6FB, 0xE6FB, 0xE6FB,
    0xE6FB, 0xE6FB, 0xE6FB, 0xE6FA, 0xE6FA, 0xDEDA, 0xDEDA, 0xDEDA, 0xDEDA, 0xDEDA, 0xDEDA, 0xDEB9,
    0xDEB9, 0xDEB9, 0xDEB9, 0xD678, 0xD678, 0xD678, 0xD678, 0xDEB9, 0xDEB9, 0xE6FB, 0xE6FB, 0xFFDE,
    0xFFDE, 0xFFDE, 0xFFDE, 0xFFDE, 0xFFDE, 0xFFDE, 0xFFDE, 0xFFDE, 0xFFDE, 0xFFDE, 0xFFDE, 0xFFDE,
    0xFFDE, 0xFFDE, 0xFFDE, 0xFFDE, 0xFFDE, 0xFFDE, 0xFFDE, 0xFFDE, 0xFFDE, 0xFFDE, 0xFFDE, 0xFFDE,
    0xFFDE, 0xFFDE, 0xFFDE, 0xFFDE, 0xFFDE, 0xFFDE, 0xFFDE, 0xFFDE, 0xFFDE, 0xFFDE, 0xFFDE, 0xFFDE,
    0xFFDE, 0xFFDE, 0xFFDE, 0xFFDE, 0xFFDE, 0xFFDE, 0xFFDE, 0xFFDE, 0xFFDE, 0xFFDE, 0xFFDE, 0xFFDE,
    0xFFDE, 0xFFDE, 0xFFDE, 0xFFDE, 0xFFDE, 0xFFDE, 0xFFDE, 0xD699, 0xD699, 0xD678, 0xD678, 0xD678,
    0xD678, 0xD678, 0xD678, 0xD678, 0xD678, 0xD678, 0xD678, 0xD678, 0xD678, 0xDEB9, 0xDEB9, 0xDEDA,
    0xDEDA, 0xDEDA, 0xDEDA, 0xDEDA, 0xDEDA, 0xDEDA, 0xDEDA, 0xDEDA, 0xDEDA, 0xDEDA, 0xDEDA, 0xDEDA,
    0xDEDA, 0xDEDA, 0xDEDA, 0xDEDA, 0xDEDA, 0xDEDA, 0xDEDA, 0xDEDA, 0xDEDA, 0xE6FA, 0xE6FA, 0xE6FA,
    0xE6FA, 0xE6FA, 0xE6FA, 0xE6FA, 0xE6FA, 0xE6FA, 0xE6FA, 0xE6FA, 0xE6FA, 0xE6FA, 0xE6FA, 0xE6FA,
    0xE6FA, 0xE6FA, 0xE6FA, 0xE6FA, 0xE6FA, 0xE6FA, 0xE6FA, 0xE6FA, 0xE6FA, 0xE6FA, 0xE6FA, 0xE6FA,
    0xE6FA, 0xE6FB, 0xE6FB, 0xE6FB, 0xE6FB, 0xE71B, 0xE71B, 0xE71B, 0xE71B, 0xE71B, 0xE71B, 0xE71B,
    0xE71B, 0xE6FB, 0xE6FB, 0xE6FB, 0xE6FB, 0xE6FB, 0xE6FB, 0xE6FA, 0xE6FA, 0xDEDA, 0xDEDA, 0xDEDA,
    0xDEDA, 0xDEDA, 0xDEDA, 0xDEB9, 0xDEB9, 0xDEB9, 0xDEB9, 0xD678, 0xD678, 0xD678, 0xD678, 0xDEB9,
    0xDEB9, 0xE6FB, 0xE6FB, 0xFFDE, 0xFFDE, 0xFFDE, 0xFFDE, 0xFFDE, 0xFFDE, 0xFFDE, 0xFFDE, 0xFFDE,
    0xFFDE, 0xFFDE, 0xFFDE, 0xFFDE, 0xFFDE, 0xFFDE, 0xFFDE, 0xFFDE, 0xFFDE, 0xFFDE, 0xFFDE, 0xFFDE,
    0xFFDE, 0xFFDE, 0xFFDE, 0xFFDE, 0xFFDE, 0xFFDE, 0xFFDE, 0xFFDE, 0xFFDE, 0xFFDE, 0xFFDE, 0xFFDE,
    0xFFDE, 0xFFDE, 0xFFDE, 0xFFDE, 0xFFDE, 0xFFDE, 0xFFDE, 0xFFDE, 0xFFDE, 0xFFDE, 0xFFDE, 0xFFDE,
    0xFFDE, 0xFFDE, 0xFFDE, 0xFFDE, 0xFFDE, 0xFFDE, 0xFFDE, 0xFFDE, 0xFFDE, 0xFFDE, 0xFFDE, 0xDEB9,
    0xDEB9, 0xD678, 0xD678, 0xD678, 0xD678, 0xD678, 0xD678, 0xD678, 0xD678, 0xD678, 0xD678, 0xD678,
    0xD678, 0xDEB9, 0xDEB9, 0xDEDA, 0xDEDA, 0xDEDA, 0xDEDA, 0xDEDA, 0xDEDA, 0xDEDA, 0xDEDA, 0xDEDA,
    0xDEDA, 0xDEDA, 0xDEDA, 0xDEDA, 0xDEDA, 0xDEDA, 0xDEDA, 0xDEDA, 0xDEDA, 0xDEDA, 0xDEDA, 0xDEDA,
    0xDEDA, 0xE6FA, 0xE6FA, 0xE6FA, 0xE6FA, 0xE6FA, 0xE6FA, 0xE6FA, 0xE6FA, 0xE6FA, 0xE6FA, 0xE6FA,
    0xE6FA, 0xE6FA, 0xE6FA, 0xE6FA, 0xE6FA, 0xE6FA, 0xE6FA, 0xE6FA, 0xE6FA, 0xE6FA, 0xE6FA, 0xE6FA,
    0xE6FA, 0xE6FA, 0xE6FA, 0xE6FB, 0xE6FB, 0xE6FB, 0xE6FB, 0xE6FB, 0xE6FB, 0xE6FB, 0xE6FB, 0xE71B,
    0xE71B, 0xE71B, 0xE71B, 0xE71B, 0xE71B, 0xE71B, 0xE71B, 0xE6FB, 0xE6FB, 0xE6FB, 0xE6FB, 0xE6FA,
    0xE6FA, 0xE6FA, 0xE6FA, 0xE6FA, 0xE6FA, 0xDEDA, 0xDEDA, 0xDEB9, 0xDEB9, 0xDEB9, 0xDEB9, 0xD678,
    0xD678, 0xD678, 0xD678, 0xDEB9, 0xDEB9, 0xDEDA, 0xDEDA, 0xF7BE, 0xF7BE, 0xFFDE, 0xFFDE, 0xFFDE,
    0xFFDE, 0xFFDE, 0xFFDE, 0xFFDE, 0xFFDE, 0xFFDE, 0xFFDE, 0xFFDE, 0xFFDE, 0xFFDE, 0xFFDE, 0xFFDE,
    0xFFDE, 0xFFDE, 0xFFDE, 0xFFDE, 0xFFDE, 0xFFDE, 0xFFDE, 0xFFDE, 0xFFDE, 0xFFDE, 0xFFDE, 0xFFDE,
    0xFFDE, 0xFFDE, 0xFFDE, 0xFFDE, 0xFFDE, 0xFFDE, 0xFFDE, 0xFFDE, 0xFFDE, 0xFFDE, 0xFFDE, 0xFFDE,
    0xFFDE, 0xFFDE, 0xFFDE, 0xFFDE, 0xFFDE, 0xFFDE, 0xFFDE, 0xFFDE, 0xFFDE, 0xFFDE, 0xFFDE, 0xFFDE,
    0xFFDE, 0xFFDE, 0xFFDE, 0xDEB9, 0xDEB9, 0xD678, 0xD678, 0xD678, 0xD678, 0xD678, 0xD678, 0xD678,
    0xD678, 0xD678, 0xD678, 0xD678, 0xD678, 0xDEB9, 0xDEB9, 0xDEDA, 0xDEDA, 0xDEDA, 0xDEDA, 0xDEDA,
    0xDEDA, 0xDEDA, 0xDEDA, 0xDEDA, 0xDEDA, 0xDEDA, 0xDEDA, 0xDEDA, 0xDEDA, 0xDEDA, 0xDEDA, 0xDEDA,
    0xDEDA, 0xDEDA, 0xDEDA, 0xDEDA, 0xDEDA, 0xE6FA, 0xE6FA, 0xE6FA, 0xE6FA, 0xE6FA, 0xE6FA, 0xE6FA,
    0xE6FA, 0xE6FA, 0xE6FA, 0xE6FA, 0xE6FA, 0xE6FA, 0xE6FA, 0xE6FA, 0xE6FA, 0xE6FA, 0xE6FA, 0xE6FA,
    0xE6FA, 0xE6FA, 0xE6FA, 0xE6FA, 0xE6FA, 0xE6FA, 0xE6FA, 0xE6FB, 0xE6FB, 0xE6FB, 0xE6FB, 0xE6FB,
    0xE6FB, 0xE6FB, 0xE6FB, 0xE71B, 0xE71B, 0xE71B, 0xE71B, 0xE71B, 0xE71B, 0xE71B, 0xE71B, 0xE6FB,
    0xE6FB, 0xE6FB, 0xE6FB, 0xE6FA, 0xE6FA, 0xE6FA, 0xE6FA, 0xE6FA, 0xE6FA, 0xDEDA, 0xDEDA, 0xDEB9,
    0xDEB9, 0xDEB9, 0xDEB9, 0xD678, 0xD678, 0xD678, 0xD678, 0xDEB9, 0xDEB9, 0xDEDA, 0xDEDA, 0xF7BE,
    0xF7BE, 0xFFDE, 0xFFDE, 0xFFDE, 0xFFDE, 0xFFDE, 0xFFDE, 0xFFDE, 0xFFDE, 0xFFDE, 0xFFDE, 0xFFDE,
    0xFFDE, 0xFFDE, 0xFFDE, 0xFFDE, 0xFFDE, 0xFFDE, 0xFFDE, 0xFFDE, 0xFFDE, 0xFFDE, 0xFFDE, 0xFFDE,
    0xFFDE, 0xFFDE, 0xFFDE, 0xFFDE, 0xFFDE, 0xFFDE, 0xFFDE, 0xFFDE, 0xFFDE, 0xFFDE, 0xFFDE, 0xFFDE,
    0xFFDE, 0xFFDE, 0xFFDE, 0xFFDE, 0xFFDE, 0xFFDE, 0xFFDE, 0xFFDE, 0xFFDE, 0xFFDE, 0xFFDE, 0xFFDE,
    0xFFDE, 0xFFDE, 0xFFDE, 0xFFDE, 0xFFDE, 0xFFDE, 0xFFDE, 0xD678, 0xD678, 0xD678, 0xD678, 0xCE37,
    0xCE37, 0xD678, 0xD678, 0xD678, 0xD678, 0xD678, 0xD678, 0xD678, 0xD678, 0xDEB9, 0xDEB9, 0xDEB9,
    0xDEB9, 0xDEDA, 0xDEDA, 0xDEDA, 0xDEDA, 0xDEDA, 0xDEDA, 0xDEDA, 0xDEDA, 0xDEDA, 0xDEDA, 0xDEDA,
    0xDEDA, 0xDEDA, 0xDEDA, 0xDEDA, 0xDEDA, 0xDEDA, 0xDEDA, 0xDEDA, 0xDEDA, 0xE6FA, 0xE6FA, 0xE6FA,
    0xE6FA, 0xE6FA, 0xE6FA, 0xE6FA, 0xE6FA, 0xE6FA, 0xE6FA, 0xE6FA, 0xE6FA, 0xE6FA, 0xE6FA, 0xE6FA,
    0xE6FA, 0xE6FA, 0xE6FA, 0xE6FA, 0xE6FA, 0xE6FA, 0xE6FA, 0xE6FA, 0xE6FA, 0xE6FA, 0xE6FA, 0xE6FA,
    0xE6FA, 0xE6FA, 0xE6FA, 0xE6FA, 0xE6FA, 0xE6FB, 0xE6FB, 0xE71B, 0xE71B, 0xE71B, 0xE71B, 0xE71B,
    0xE71B, 0xE71B, 0xE71B, 0xE71B, 0xE71B, 0xE6FB, 0xE6FB, 0xE6FB, 0xE6FB, 0xE6FB, 0xE6FB, 0xE6FB,
    0xE6FB, 0xE6FB, 0xE6FB, 0xE6FA, 0xE6FA, 0xDEB9, 0xDEB9, 0xDEB9, 0xDEB9, 0xDEB9, 0xDEB9, 0xD678,
    0xD678, 0xDEB9, 0xDEB9, 0xE6FB, 0xE6FB, 0xFFDE, 0xFFDE, 0xFFDE, 0xFFDE, 0xFFDE, 0xFFDE, 0xFFDE,
    0xFFDE, 0xFFDE, 0xFFDE, 0xFFDE, 0xFFDE, 0xFFDE, 0xFFDE, 0xFFDE, 0xFFDE, 0xFFDE, 0xFFDE, 0xFFDE,
    0xFFDE, 0xFFDE, 0xFFDE, 0xFFDE, 0xFFDE, 0xFFDE, 0xFFDE, 0xFFDE, 0xFFDE, 0xFFDE, 0xFFDE, 0xFFDE,
    0xFFDE, 0xFFDE, 0xFFDE, 0xFFDE, 0xFFDE, 0xFFDE, 0xFFDE, 0xFFDE, 0xFFDE, 0xFFDE, 0xFFDE, 0xFFDE,
    0xFFDE, 0xFFDE, 0xFFDE, 0xFFDE, 0xFFDE, 0xFFDE, 0xFFDE, 0xFFDE, 0xFFDE, 0xFFDE, 0xFFDE, 0xD678,
    0xD678, 0xD678, 0xD678, 0xCE37, 0xCE37, 0xD678, 0xD678, 0xD678, 0xD678, 0xD678, 0xD678, 0xD678,
    0xD678, 0xDEB9, 0xDEB9, 0xDEB9, 0xDEB9, 0xDEDA, 0xDEDA, 0xDEDA, 0xDEDA, 0xDEDA, 0xDEDA, 0xDEDA,
    0xDEDA, 0xDEDA, 0xDEDA, 0xDEDA, 0xDEDA, 0xDEDA, 0xDEDA, 0xDEDA, 0xDEDA, 0xDEDA, 0xDEDA, 0xDEDA,
    0xDEDA, 0xE6FA, 0xE6FA, 0xE6FA, 0xE6FA, 0xE6FA, 0xE6FA, 0xE6FA, 0xE6FA, 0xE6FA, 0xE6FA, 0xE6FA,
    0xE6FA, 0xE6FA, 0xE6FA, 0xE6FA, 0xE6FA, 0xE6FA, 0xE6FA, 0xE6FA, 0xE6FA, 0xE6FA, 0xE6FA, 0xE6FA,
    0xE6FA, 0xE6FA, 0xE6FA, 0xE6FA, 0xE6FA, 0xE6FA, 0xE6FA, 0xE6FA, 0xE6FA, 0xE6FB, 0xE6FB, 0xE71B,
    0xE71B, 0xE71B, 0xE71B, 0xE71B, 0xE71B, 0xE71B, 0xE71B, 0xE71B, 0xE71B, 0xE6FB, 0xE6FB, 0xE6FB,
    0xE6FB, 0xE6FB, 0xE6FB, 0xE6FB, 0xE6FB, 0xE6FB, 0xE6FB, 0xE6FA, 0xE6FA, 0xDEB9, 0xDEB9, 0xDEB9,
    0xDEB9, 0xDEB9, 0xDEB9, 0xD678, 0xD678, 0xDEB9, 0xDEB9, 0xE6FB, 0xE6FB, 0xFFDE, 0xFFDE, 0xFFDE,
    0xFFDE, 0xFFDE, 0xFFDE, 0xFFDE, 0xFFDE, 0xFFDE, 0xFFDE, 0xFFDE, 0xFFDE, 0xFFDE, 0xFFDE, 0xFFDE,
    0xFFDE, 0xFFDE, 0xFFDE, 0xFFDE, 0xFFDE, 0xFFDE, 0xFFDE, 0xFFDE, 0xFFDE, 0xFFDE, 0xFFDE, 0xFFDE,
    0xFFDE, 0xFFDE, 0xFFDE, 0xFFDE, 0xFFDE, 0xFFDE, 0xFFDE, 0xFFDE, 0xFFDE, 0xFFDE, 0xFFDE, 0xFFDE,
    0xFFDE, 0xFFDE, 0xFFDE, 0xFFDE, 0xFFDE, 0xFFDE, 0xFFDE, 0xFFDE, 0xFFDE, 0xFFDE, 0xFFDE, 0xFFDE,
    0xFFDE, 0xDEB9, 0xDEB9, 0xD678, 0xD678, 0xD678, 0xD678, 0xCE37, 0xCE37, 0xCE37, 0xCE37, 0xD678,
    0xD678, 0xD678, 0xD678, 0xD678, 0xD678, 0xDEB9, 0xDEB9, 0xDEB9, 0xDEB9, 0xDEB9, 0xDEB9, 0xDEB9,
    0xDEB9, 0xDEDA, 0xDEDA, 0xDEDA, 0xDEDA, 0xDEDA, 0xDEDA, 0xDEDA, 0xDEDA, 0xDEDA, 0xDEDA, 0xDEDA,
    0xDEDA, 0xDEDA, 0xDEDA, 0xDEDA, 0xDEDA, 0xE6FA, 0xE6FA, 0xE6FA, 0xE6FA, 0xE6FA, 0xE6FA, 0xE6FA,
    0xE6FA, 0xE6FA, 0xE6FA, 0xE6FA, 0xE6FA, 0xE6FA, 0xE6FA, 0xE6FA, 0xE6FA, 0xE6FA, 0xE6FA, 0xE6FA,
    0xE6FA, 0xE6FA, 0xE6FA, 0xE6FA, 0xE6FA, 0xE6FA, 0xE6FA, 0xE6FA, 0xE6FA, 0xE6FA, 0xE6FA, 0xE6FA,
    0xE6FA, 0xE6FB, 0xE6FB, 0xE71B, 0xE71B, 0xE71B, 0xE71B, 0xE71B, 0xE71B, 0xE71B, 0xE71B, 0xE71B,
    0xE71B, 0xE71B, 0xE71B, 0xE71B, 0xE71B, 0xE71B, 0xE71B, 0xE6FB, 0xE6FB, 0xE6FB, 0xE6FB, 0xE6FA,
    0xE6FA, 0xDEDA, 0xDEDA, 0xDEB9, 0xDEB9, 0xDEB9, 0xDEB9, 0xD678, 0xD678, 0xD678, 0xD678, 0xE6FB,
    0xE6FB, 0xE71B, 0xE71B, 0xFFDE, 0xFFDE, 0xFFDE, 0xFFDE, 0xFFDE, 0xFFDE, 0xFFDE, 0xFFDE, 0xFFDE,
    0xFFDE, 0xFFDE, 0xFFDE, 0xFFDE, 0xFFDE, 0xFFDE, 0xFFDE, 0xFFDE, 0xFFDE, 0xFFDE, 0xFFDE, 0xFFDE,
    0xFFDE, 0xFFDE, 0xFFDE, 0xFFDE, 0xFFDE, 0xFFDE, 0xFFDE, 0xFFDE, 0xFFDE, 0xFFDE, 0xFFDE, 0xFFDE,
    0xFFDE, 0xFFDE, 0xFFDE, 0xFFDE, 0xFFDE, 0xFFDE, 0xFFDE, 0xFFDE, 0xFFDE, 0xFFDE, 0xFFDE, 0xFFDE,
    0xFFDE, 0xFFDE, 0xFFDE, 0xFFDE, 0xFFDE, 0xDEB9, 0xDEB9, 0xD678, 0xD678, 0xD678, 0xD678, 0xCE37,
    0xCE37, 0xCE37, 0xCE37, 0xD678, 0xD678, 0xD678, 0xD678, 0xD678, 0xD678, 0xDEB9, 0xDEB9, 0xDEB9,
    0xDEB9, 0xDEB9, 0xDEB9, 0xDEB9, 0xDEB9, 0xDEDA, 0xDEDA, 0xDEDA, 0xDEDA, 0xDEDA, 0xDEDA, 0xDEDA,
    0xDEDA, 0xDEDA, 0xDEDA, 0xDEDA, 0xDEDA, 0xDEDA, 0xDEDA, 0xDEDA, 0xDEDA, 0xE6FA, 0xE6FA, 0xE6FA,
    0xE6FA, 0xE6FA, 0xE6FA, 0xE6FA, 0xE6FA, 0xE6FA, 0xE6FA, 0xE6FA, 0xE6FA, 0xE6FA, 0xE6FA, 0xE6FA,
    0xE6FA, 0xE6FA, 0xE6FA, 0xE6FA, 0xE6FA, 0xE6FA, 0xE6FA, 0xE6FA, 0xE6FA, 0xE6FA, 0xE6FA, 0xE6FA,
    0xE6FA, 0xE6FA, 0xE6FA, 0xE6FA, 0xE6FA, 0xE6FB, 0xE6FB, 0xE71B, 0xE71B, 0xE71B, 0xE71B, 0xE71B,
    0xE71B, 0xE71B, 0xE71B, 0xE71B, 0xE71B, 0xE71B, 0xE71B, 0xE71B, 0xE71B, 0xE71B, 0xE71B, 0xE6FB,
    0xE6FB, 0xE6FB, 0xE6FB, 0xE6FA, 0xE6FA, 0xDEDA, 0xDEDA, 0xDEB9, 0xDEB9, 0xDEB9, 0xDEB9, 0xD678,
    0xD678, 0xD678, 0xD678, 0xE6FB, 0xE6FB, 0xE71B, 0xE71B, 0xFFDE, 0xFFDE, 0xFFDE, 0xFFDE, 0xFFDE,
    0xFFDE, 0xFFDE, 0xFFDE, 0xFFDE, 0xFFDE, 0xFFDE, 0xFFDE, 0xFFDE, 0xFFDE, 0xFFDE, 0xFFDE, 0xFFDE,
    0xFFDE, 0xFFDE, 0xFFDE, 0xFFDE, 0xFFDE, 0xFFDE, 0xFFDE, 0xFFDE, 0xFFDE, 0xFFDE, 0xFFDE, 0xFFDE,
    0xFFDE, 0xFFDE, 0xFFDE, 0xFFDE, 0xFFDE, 0xFFDE, 0xFFDE, 0xFFDE, 0xFFDE, 0xFFDE, 0xFFDE, 0xFFDE,
    0xFFDE, 0xFFDE, 0xFFDE, 0xFFDE, 0xFFDE, 0xFFDE, 0xFFDE, 0xFFDE, 0xFFDE, 0xD678, 0xD678, 0xD678,
    0xD678, 0xD678, 0xD678, 0xCE37, 0xCE37, 0xCE37, 0xCE37, 0xD678, 0xD678, 0xD678, 0xD678, 0xD678,
    0xD678, 0xD678, 0xD678, 0xDEB9, 0xDEB9, 0xDEB9, 0xDEB9, 0xDEB9, 0xDEB9, 0xDEDA, 0xDEDA, 0xDEDA,
    0xDEDA, 0xDEDA, 0xDEDA, 0xDEDA, 0xDEDA, 0xDEDA, 0xDEDA, 0xDEDA, 0xDEDA, 0xDEDA, 0xDEDA, 0xDEDA,
    0xDEDA, 0xE6FA, 0xE6FA, 0xE6FA, 0xE6FA, 0xE6FA, 0xE6FA, 0xE6FA, 0xE6FA, 0xE6FA, 0xE6FA, 0xE6FA,
    0xE6FA, 0xE6FA, 0xE6FA, 0xE6FA, 0xE6FA, 0xE6FA, 0xE6FA, 0xE6FA, 0xE6FA, 0xE6FA, 0xE6FA, 0xE6FA,
    0xE6FA, 0xE6FB, 0xE6FB, 0xE6FB, 0xE6FB, 0xE6FA, 0xE6FA, 0xE6FA, 0xE6FA, 0xE6FB, 0xE6FB, 0xE71B,
    0xE71B, 0xE71B, 0xE71B, 0xE71B, 0xE71B, 0xE71B, 0xE71B, 0xE71B, 0xE71B, 0xE71B, 0xE71B, 0xE71B,
    0xE71B, 0xE71B, 0xE71B, 0xE6FB, 0xE6FB, 0xE6FB, 0xE6FB, 0xE6FA, 0xE6FA, 0xE6FA, 0xE6FA, 0xDEDA,
    0xDEDA, 0xDEB9, 0xDEB9, 0xDEB9, 0xDEB9, 0xD678, 0xD678, 0xE6FA, 0xE6FA, 0xE6FB, 0xE6FB, 0xFFDE,
    0xFFDE, 0xFFDE, 0xFFDE, 0xFFDE, 0xFFDE, 0xFFDE, 0xFFDE, 0xFFDE, 0xFFDE, 0xFFDE, 0xFFDE, 0xFFDE,
    0xFFDE, 0xFFDE, 0xFFDE, 0xFFDE, 0xFFDE, 0xFFDE, 0xFFDE, 0xFFDE, 0xFFDE, 0xFFDE, 0xFFDE, 0xFFDE,
    0xFFDE, 0xFFDE, 0xFFDE, 0xFFDE, 0xFFDE, 0xFFDE, 0xFFDE, 0xFFDE, 0xFFDE, 0xFFDE, 0xFFDE, 0xFFDE,
    0xFFDE, 0xFFDE, 0xFFDE, 0xFFDE, 0xFFDE, 0xFFDE, 0xFFDE, 0xFFDE, 0xFFDE, 0xFFDE, 0xFFDE, 0xFFDE,
    0xFFDE, 0xD678, 0xD678, 0xD678, 0xD678, 0xD678, 0xD678, 0xCE37, 0xCE37, 0xCE37, 0xCE37, 0xD678,
    0xD678, 0xD678, 0xD678, 0xD678, 0xD678, 0xD678, 0xD678, 0xDEB9, 0xDEB9, 0xDEB9, 0xDEB9, 0xDEB9,
    0xDEB9, 0xDEDA, 0xDEDA, 0xDEDA, 0xDEDA, 0xDEDA, 0xDEDA, 0xDEDA, 0xDEDA, 0xDEDA, 0xDEDA, 0xDEDA,
    0xDEDA, 0xDEDA, 0xDEDA, 0xDEDA, 0xDEDA, 0xE6FA, 0xE6FA, 0xE6FA, 0xE6FA, 0xE6FA, 0xE6FA, 0xE6FA,
    0xE6FA, 0xE6FA, 0xE6FA, 0xE6FA, 0xE6FA, 0xE6FA, 0xE6FA, 0xE6FA, 0xE6FA, 0xE6FA, 0xE6FA, 0xE6FA,
    0xE6FA, 0xE6FA, 0xE6FA, 0xE6FA, 0xE6FA, 0xE6FB, 0xE6FB, 0xE6FB, 0xE6FB, 0xE6FA, 0xE6FA, 0xE6FA,
    0xE6FA, 0xE6FB, 0xE6FB, 0xE71B, 0xE71B, 0xE71B, 0xE71B, 0xE71B, 0xE71B, 0xE71B, 0xE71B, 0xE71B,
    0xE71B, 0xE71B, 0xE71B, 0xE71B, 0xE71B, 0xE71B, 0xE71B, 0xE6FB, 0xE6FB, 0xE6FB, 0xE6FB, 0xE6FA,
    0xE6FA, 0xE6FA, 0xE6FA, 0xDEDA, 0xDEDA, 0xDEB9, 0xDEB9, 0xDEB9, 0xDEB9, 0xD678, 0xD678, 0xE6FA,
    0xE6FA, 0xE6FB, 0xE6FB, 0xFFDE, 0xFFDE, 0xFFDE, 0xFFDE, 0xFFDE, 0xFFDE, 0xFFDE, 0xFFDE, 0xFFDE,
    0xFFDE, 0xFFDE, 0xFFDE, 0xFFDE, 0xFFDE, 0xFFDE, 0xFFDE, 0xFFDE, 0xFFDE, 0xFFDE, 0xFFDE, 0xFFDE,
    0xFFDE, 0xFFDE, 0xFFDE, 0xFFDE, 0xFFDE, 0xFFDE, 0xFFDE, 0xFFDE, 0xFFDE, 0xFFDE, 0xFFDE, 0xFFDE,
    0xFFDE, 0xFFDE, 0xFFDE, 0xFFDE, 0xFFDE, 0xFFDE, 0xFFDE, 0xFFDE, 0xFFDE, 0xFFDE, 0xFFDE, 0xFFDE,
    0xFFDE, 0xFFDE, 0xFFDE, 0xD678, 0xD678, 0xD678, 0xD678, 0xD678, 0xD678, 0xD678, 0xD678, 0xD678,
    0xD678, 0xD678, 0xD678, 0xD678, 0xD678, 0xD678, 0xD678, 0xD678, 0xD678, 0xD678, 0xD678, 0xDEB9,
    0xDEB9, 0xDEB9, 0xDEB9, 0xDEB9, 0xDEB9, 0xDEDA, 0xDEDA, 0xDEDA, 0xDEDA, 0xDEDA, 0xDEDA, 0xDEDA,
    0xDEDA, 0xDEDA, 0xDEDA, 0xDEDA, 0xDEDA, 0xDEDA, 0xDEDA, 0xDEDA, 0xDEDA, 0xDEDA, 0xDEDA, 0xE6FA,
    0xE6FA, 0xE6FA, 0xE6FA, 0xE6FA, 0xE6FA, 0xE6FA, 0xE6FA, 0xE6FA, 0xE6FA, 0xE6FA, 0xE6FA, 0xE6FA,
    0xE6FA, 0xE6FA, 0xE6FA, 0xE6FA, 0xE6FA, 0xE6FA, 0xE6FA, 0xE6FA, 0xE6FA, 0xE6FA, 0xE6FA, 0xE6FB,
    0xE6FB, 0xE6FB, 0xE6FB, 0xE6FB, 0xE6FB, 0xE6FB, 0xE6FB, 0xE71B, 0xE71B, 0xE71B, 0xE71B, 0xE71B,
    0xE71B, 0xE71B, 0xE71B, 0xE71B, 0xE71B, 0xE71B, 0xE71B, 0xE71B, 0xE71B, 0xE71B, 0xE71B, 0xE71B,
    0xE71B, 0xE71B, 0xE71B, 0xE6FA, 0xE6FA, 0xE6FA, 0xE6FA, 0xDEDA, 0xDEDA, 0xDEB9, 0xDEB9, 0xDEB9,
    0xDEB9, 0xDEB9, 0xDEB9, 0xDEB9, 0xDEB9, 0xDEDA, 0xDEDA, 0xEF5C, 0xEF5C, 0xFFDE, 0xFFDE, 0xFFDE,
    0xFFDE, 0xFFDE, 0xFFDE, 0xFFDE, 0xFFDE, 0xFFDE, 0xFFDE, 0xFFDE, 0xFFDE, 0xFFDE, 0xFFDE, 0xFFDE,
    0xFFDE, 0xFFDE, 0xFFDE, 0xFFDE, 0xFFDE, 0xFFDE, 0xFFDE, 0xFFDE, 0xFFDE, 0xFFDE, 0xFFDE, 0xFFDE,
    0xFFDE, 0xFFDE, 0xFFDE, 0xFFDE, 0xFFDE, 0xFFDE, 0xFFDE, 0xFFDE, 0xFFDE, 0xFFDE, 0xFFDE, 0xFFDE,
    0xFFDE, 0xFFDE, 0xFFDE, 0xFFDE, 0xFFDE, 0xFFDE, 0xFFDE, 0xD678, 0xD678, 0xD678, 0xD678, 0xD678,
    0xD678, 0xD678, 0xD678, 0xD678, 0xD678, 0xD678, 0xD678, 0xD678, 0xD678, 0xD678, 0xD678, 0xD678,
    0xD678, 0xD678, 0xD678, 0xDEB9, 0xDEB9, 0xDEB9, 0xDEB9, 0xDEB9, 0xDEB9, 0xDEDA, 0xDEDA, 0xDEDA,
    0xDEDA, 0xDEDA, 0xDEDA, 0xDEDA, 0xDEDA, 0xDEDA, 0xDEDA, 0xDEDA, 0xDEDA, 0xDEDA, 0xDEDA, 0xDEDA,
    0xDEDA, 0xDEDA, 0xDEDA, 0xE6FA, 0xE6FA, 0xE6FA, 0xE6FA, 0xE6FA, 0xE6FA, 0xE6FA, 0xE6FA, 0xE6FA,
    0xE6FA, 0xE6FA, 0xE6FA, 0xE6FA, 0xE6FA, 0xE6FA, 0xE6FA, 0xE6FA, 0xE6FA, 0xE6FA, 0xE6FA, 0xE6FA,
    0xE6FA, 0xE6FA, 0xE6FA, 0xE6FB, 0xE6FB, 0xE6FB, 0xE6FB, 0xE6FB, 0xE6FB, 0xE6FB, 0xE6FB, 0xE71B,
    0xE71B, 0xE71B, 0xE71B, 0xE71B, 0xE71B, 0xE71B, 0xE71B, 0xE71B, 0xE71B, 0xE71B, 0xE71B, 0xE71B,
    0xE71B, 0xE71B, 0xE71B, 0xE71B, 0xE71B, 0xE71B, 0xE71B, 0xE6FA, 0xE6FA, 0xE6FA, 0xE6FA, 0xDEDA,
    0xDEDA, 0xDEB9, 0xDEB9, 0xDEB9, 0xDEB9, 0xDEB9, 0xDEB9, 0xDEB9, 0xDEB9, 0xDEDA, 0xDEDA, 0xEF5C,
    0xEF5C, 0xFFDE, 0xFFDE, 0xFFDE, 0xFFDE, 0xFFDE, 0xFFDE, 0xFFDE, 0xFFDE, 0xFFDE, 0xFFDE, 0xFFDE,
    0xFFDE, 0xFFDE, 0xFFDE, 0xFFDE, 0xFFDE, 0xFFDE, 0xFFDE, 0xFFDE, 0xFFDE, 0xFFDE, 0xFFDE, 0xFFDE,
    0xFFDE, 0xFFDE, 0xFFDE, 0xFFDE, 0xFFDE, 0xFFDE, 0xFFDE, 0xFFDE, 0xFFDE, 0xFFDE, 0xFFDE, 0xFFDE,
    0xFFDE, 0xFFDE, 0xFFDE, 0xFFDE, 0xFFDE, 0xFFDE, 0xFFDE, 0xFFDE, 0xFFDE, 0xFFDE, 0xFFDE, 0xD678,
    0xD678, 0xD678, 0xD678, 0xD678, 0xD678, 0xD678, 0xD678, 0xCE37, 0xCE37, 0xCE37, 0xCE37, 0xD678,
    0xD678, 0xD678, 0xD678, 0xD678, 0xD678, 0xD678, 0xD678, 0xDEB9, 0xDEB9, 0xDEB9, 0xDEB9, 0xDEB9,
    0xDEB9, 0xDEDA, 0xDEDA, 0xDEDA, 0xDEDA, 0xDEDA, 0xDEDA, 0xDEDA, 0xDEDA, 0xDEDA, 0xDEDA, 0xDEDA,
    0xDEDA, 0xDEDA, 0xDEDA, 0xDEDA, 0xDEDA, 0xDEDA, 0xDEDA, 0xE6FA, 0xE6FA, 0xE6FA, 0xE6FA, 0xE6FA,
    0xE6FA, 0xE6FA, 0xE6FA, 0xE6FA, 0xE6FA, 0xE6FA, 0xE6FA, 0xE6FA, 0xE6FA, 0xE6FA, 0xE6FA, 0xE6FA,
    0xE6FA, 0xE6FA, 0xE6FA, 0xE6FA, 0xE6FA, 0xE6FB, 0xE6FB, 0xE6FB, 0xE6FB, 0xE6FB, 0xE6FB, 0xE6FB,
    0xE6FB, 0xE6FB, 0xE6FB, 0xE6FB, 0xE6FB, 0xE71B, 0xE71B, 0xE71B, 0xE71B, 0xE71B, 0xE71B, 0xE71B,
    0xE71B, 0xE71B, 0xE71B, 0xE71B, 0xE71B, 0xE71B, 0xE71B, 0xE71B, 0xE71B, 0xE71B, 0xE71B, 0xE6FB,
    0xE6FB, 0xE6FA, 0xE6FA, 0xDEDA, 0xDEDA, 0xDEDA, 0xDEDA, 0xDEB9, 0xDEB9, 0xDEB9, 0xDEB9, 0xDEB9,
    0xDEB9, 0xDEB9, 0xDEB9, 0xDEDA, 0xDEDA, 0xFFDE, 0xFFDE, 0xFFDE, 0xFFDE, 0xFFDE, 0xFFDE, 0xFFDE,
    0xFFDE, 0xFFDE, 0xFFDE, 0xFFDE, 0xFFDE, 0xFFDE, 0xFFDE, 0xFFDE, 0xFFDE, 0xFFDE, 0xFFDE, 0xFFDE,
    0xFFDE, 0xFFDE, 0xFFDE, 0xFFDE, 0xFFDE, 0xFFDE, 0xFFDE, 0xFFDE, 0xFFDE, 0xFFDE, 0xFFDE, 0xFFDE,
    0xFFDE, 0xFFDE, 0xFFDE, 0xFFDE, 0xFFDE, 0xFFDE, 0xFFDE, 0xFFDE, 0xFFDE, 0xFFDE, 0xFFDE, 0xFFDE,
    0xFFDE, 0xFFDE, 0xFFDE, 0xD678, 0xD678, 0xD678, 0xD678, 0xD678, 0xD678, 0xD678, 0xD678, 0xCE37,
    0xCE37, 0xCE37, 0xCE37, 0xD678, 0xD678, 0xD678, 0xD678, 0xD678, 0xD678, 0xD678, 0xD678, 0xDEB9,
    0xDEB9, 0xDEB9, 0xDEB9, 0xDEB9, 0xDEB9, 0xDEDA, 0xDEDA, 0xDEDA, 0xDEDA, 0xDEDA, 0xDEDA, 0xDEDA,
    0xDEDA, 0xDEDA, 0xDEDA, 0xDEDA, 0xDEDA, 0xDEDA, 0xDEDA, 0xDEDA, 0xDEDA, 0xDEDA, 0xDEDA, 0xE6FA,
    0xE6FA, 0xE6FA, 0xE6FA, 0xE6FA, 0xE6FA, 0xE6FA, 0xE6FA, 0xE6FA, 0xE6FA, 0xE6FA, 0xE6FA, 0xE6FA,
    0xE6FA, 0xE6FA, 0xE6FA, 0xE6FA, 0xE6FA, 0xE6FA, 0xE6FA, 0xE6FA, 0xE6FA, 0xE6FB, 0xE6FB, 0xE6FB,
    0xE6FB, 0xE6FB, 0xE6FB, 0xE6FB, 0xE6FB, 0xE6FB, 0xE6FB, 0xE6FB, 0xE6FB, 0xE71B, 0xE71B, 0xE71B,
    0xE71B, 0xE71B, 0xE71B, 0xE71B, 0xE71B, 0xE71B, 0xE71B, 0xE71B, 0xE71B, 0xE71B, 0xE71B, 0xE71B,
    0xE71B, 0xE71B, 0xE71B, 0xE6FB, 0xE6FB, 0xE6FA, 0xE6FA, 0xDEDA, 0xDEDA, 0xDEDA, 0xDEDA, 0xDEB9,
    0xDEB9, 0xDEB9, 0xDEB9, 0xDEB9, 0xDEB9, 0xDEB9, 0xDEB9, 0xDEDA, 0xDEDA, 0xFFDE, 0xFFDE, 0xFFDE,
    0xFFDE, 0xFFDE, 0xFFDE, 0xFFDE, 0xFFDE, 0xFFDE, 0xFFDE, 0xFFDE, 0xFFDE, 0xFFDE, 0xFFDE, 0xFFDE,
    0xFFDE, 0xFFDE, 0xFFDE, 0xFFDE, 0xFFDE, 0xFFDE, 0xFFDE, 0xFFDE, 0xFFDE, 0xFFDE, 0xFFDE, 0xFFDE,
    0xFFDE, 0xFFDE, 0xFFDE, 0xFFDE, 0xFFDE, 0xFFDE, 0xFFDE, 0xFFDE, 0xFFDE, 0xFFDE, 0xFFDE, 0xFFDE,
    0xFFDE, 0xFFDE, 0xFFDE, 0xFFDE, 0xFFDE, 0xD678, 0xD678, 0xD678, 0xD678, 0xD678, 0xD678, 0xD678,
    0xD678, 0xD678, 0xD678, 0xCE37, 0xCE37, 0xCE37, 0xCE37, 0xD678, 0xD678, 0xD678, 0xD678, 0xD678,
    0xD678, 0xD678, 0xD678, 0xDEB9, 0xDEB9, 0xDEB9, 0xDEB9, 0xDEB9, 0xDEB9, 0xDEDA, 0xDEDA, 0xDEDA,
    0xDEDA, 0xDEDA, 0xDEDA, 0xDEDA, 0xDEDA, 0xDEDA, 0xDEDA, 0xDEDA, 0xDEDA, 0xDEDA, 0xDEDA, 0xDEDA,
    0xDEDA, 0xDEDA, 0xDEDA, 0xE6FA, 0xE6FA, 0xE6FA, 0xE6FA, 0xE6FA, 0xE6FA, 0xE6FA, 0xE6FA, 0xE6FA,
    0xE6FA, 0xE6FA, 0xE6FA, 0xE6FA, 0xE6FA, 0xE6FA, 0xE6FA, 0xE6FA, 0xE6FA, 0xE6FA, 0xE6FA, 0xE6FA,
    0xE6FA, 0xE6FB, 0xE6FB, 0xE6FB, 0xE6FB, 0xE6FB, 0xE6FB, 0xE6FB, 0xE6FB, 0xE6FB, 0xE6FB, 0xE6FA,
    0xE6FA, 0xE6FA, 0xE6FA, 0xE6FA, 0xE6FA, 0xE71B, 0xE71B, 0xE71B, 0xE71B, 0xE71B, 0xE71B, 0xE71B,
    0xE71B, 0xE71B, 0xE71B, 0xE71B, 0xE71B, 0xE71B, 0xE71B, 0xE6FB, 0xE6FB, 0xE6FB, 0xE6FB, 0xE6FA,
    0xE6FA, 0xE6FA, 0xE6FA, 0xDEDA, 0xDEDA, 0xDEB9, 0xDEB9, 0xDEB9, 0xDEB9, 0xDEB9, 0xDEB9, 0xDEDA,
    0xDEDA, 0xEF7D, 0xEF7D, 0xFFDE, 0xFFDE, 0xFFDE, 0xFFDE, 0xFFDE, 0xFFDE, 0xFFDE, 0xFFDE, 0xFFDE,
    0xFFDE, 0xFFDE, 0xFFDE, 0xFFDE, 0xFFDE, 0xFFDE, 0xFFDE, 0xFFDE, 0xFFDE, 0xFFDE, 0xFFDE, 0xFFDE,
    0xFFDE, 0xFFDE, 0xFFDE, 0xFFDE, 0xFFDE, 0xFFDE, 0xFFDE, 0xFFDE, 0xFFDE, 0xFFDE, 0xFFDE, 0xFFDE,
    0xFFDE, 0xFFDE, 0xFFDE, 0xFFDE, 0xFFDE, 0xFFDE, 0xFFDE, 0xFFDE, 0xFFDE, 0xD678, 0xD678, 0xD678,
    0xD678, 0xD678, 0xD678, 0xD678, 0xD678, 0xD678, 0xD678, 0xCE37, 0xCE37, 0xCE37, 0xCE37, 0xD678,
    0xD678, 0xD678, 0xD678, 0xD678, 0xD678, 0xD678, 0xD678, 0xDEB9, 0xDEB9, 0xDEB9, 0xDEB9, 0xDEB9,
    0xDEB9, 0xDEDA, 0xDEDA, 0xDEDA, 0xDEDA, 0xDEDA, 0xDEDA, 0xDEDA, 0xDEDA, 0xDEDA, 0xDEDA, 0xDEDA,
    0xDEDA, 0xDEDA, 0xDEDA, 0xDEDA, 0xDEDA, 0xDEDA, 0xDEDA, 0xE6FA, 0xE6FA, 0xE6FA, 0xE6FA, 0xE6FA,
    0xE6FA, 0xE6FA, 0xE6FA, 0xE6FA, 0xE6FA, 0xE6FA, 0xE6FA, 0xE6FA, 0xE6FA, 0xE6FA, 0xE6FA, 0xE6FA,
    0xE6FA, 0xE6FA, 0xE6FA, 0xE6FA, 0xE6FA, 0xE6FB, 0xE6FB, 0xE6FB, 0xE6FB, 0xE6FB, 0xE6FB, 0xE6FB,
    0xE6FB, 0xE6FB, 0xE6FB, 0xE6FA, 0xE6FA, 0xE6FA, 0xE6FA, 0xE6FA, 0xE6FA, 0xE71B, 0xE71B, 0xE71B,
    0xE71B, 0xE71B, 0xE71B, 0xE71B, 0xE71B, 0xE71B, 0xE71B, 0xE71B, 0xE71B, 0xE71B, 0xE71B, 0xE6FB,
    0xE6FB, 0xE6FB, 0xE6FB, 0xE6FA, 0xE6FA, 0xE6FA, 0xE6FA, 0xDEDA, 0xDEDA, 0xDEB9, 0xDEB9, 0xDEB9,
    0xDEB9, 0xDEB9, 0xDEB9, 0xDEDA, 0xDEDA, 0xEF7D, 0xEF7D, 0xFFDE, 0xFFDE, 0xFFDE, 0xFFDE, 0xFFDE,
    0xFFDE, 0xFFDE, 0xFFDE, 0xFFDE, 0xFFDE, 0xFFDE, 0xFFDE, 0xFFDE, 0xFFDE, 0xFFDE, 0xFFDE, 0xFFDE,
    0xFFDE, 0xFFDE, 0xFFDE, 0xFFDE, 0xFFDE, 0xFFDE, 0xFFDE, 0xFFDE, 0xFFDE, 0xFFDE, 0xFFDE, 0xFFDE,
    0xFFDE, 0xFFDE, 0xFFDE, 0xFFDE, 0xFFDE, 0xFFDE, 0xFFDE, 0xFFDE, 0xFFDE, 0xFFDE, 0xFFDE, 0xFFDE,
    0xFFDE, 0xD678, 0xD678, 0xD678, 0xD678, 0xD678, 0xD678, 0xD678, 0xD678, 0xCE37, 0xCE37, 0xCE37,
    0xCE37, 0xCE37, 0xCE37, 0xD678, 0xD678, 0xD678, 0xD678, 0xD678, 0xD678, 0xD678, 0xD678, 0xD678,
    0xD678, 0xDEB9, 0xDEB9, 0xDEB9, 0xDEB9, 0xDEDA, 0xDEDA, 0xE6FA, 0xE6FA, 0xE6FA, 0xE6FA, 0xDEDA,
    0xDEDA, 0xDEDA, 0xDEDA, 0xDEDA, 0xDEDA, 0xDEDA, 0xDEDA, 0xDEDA, 0xDEDA, 0xDEDA, 0xDEDA, 0xDEDA,
    0xDEDA, 0xE6FA, 0xE6FA, 0xE6FB, 0xE6FB, 0xE6FA, 0xE6FA, 0xE6FA, 0xE6FA, 0xE6FA, 0xE6FA, 0xE6FA,
    0xE6FA, 0xE6FA, 0xE6FA, 0xE6FA, 0xE6FA, 0xE6FA, 0xE6FA, 0xE6FA, 0xE6FA, 0xE6FA, 0xE6FA, 0xE6FA,
    0xE6FA, 0xE6FA, 0xE6FA, 0xE6FA, 0xE6FA, 0xE6FA, 0xE6FA, 0xE6FA, 0xE6FA, 0xE6FA, 0xE6FA, 0xE6FA,
    0xE6FA, 0xE6FA, 0xE6FA, 0xE6FA, 0xE6FA, 0xE6FB, 0xE6FB, 0xE6FB, 0xE6FB, 0xE6FB, 0xE6FB, 0xE6FB,
    0xE6FB, 0xE6FB, 0xE6FB, 0xE6FB, 0xE6FB, 0xE6FB, 0xE6FB, 0xE6FB, 0xE6FB, 0xE6FA, 0xE6FA, 0xE6FA,
    0xE6FA, 0xDEDA, 0xDEDA, 0xDEDA, 0xDEDA, 0xDEB9, 0xDEB9, 0xDEDA, 0xDEDA, 0xE6FA, 0xE6FA, 0xFFDE,
    0xFFDE, 0xFFDE, 0xFFDE, 0xFFDE, 0xFFDE, 0xFFDE, 0xFFDE, 0xFFDE, 0xFFDE, 0xFFDE, 0xFFDE, 0xFFDE,
    0xFFDE, 0xFFDE, 0xFFDE, 0xFFDE, 0xFFDE, 0xFFDE, 0xFFDE, 0xFFDE, 0xFFDE, 0xFFDE, 0xFFDE, 0xFFDE,
    0xFFDE, 0xFFDE, 0xFFDE, 0xFFDE, 0xFFDE, 0xFFDE, 0xFFDE, 0xFFDE, 0xFFDE, 0xFFDE, 0xFFDE, 0xFFDE,
    0xFFDE, 0xFFDE, 0xFFDE, 0xFFDE, 0xFFDE, 0xD678, 0xD678, 0xD678, 0xD678, 0xD678, 0xD678, 0xD678,
    0xD678, 0xCE37, 0xCE37, 0xCE37, 0xCE37, 0xCE37, 0xCE37, 0xD678, 0xD678, 0xD678, 0xD678, 0xD678,
    0xD678, 0xD678, 0xD678, 0xD678, 0xD678, 0xDEB9, 0xDEB9, 0xDEB9, 0xDEB9, 0xDEDA, 0xDEDA, 0xE6FA,
    0xE6FA, 0xE6FA, 0xE6FA, 0xDEDA, 0xDEDA, 0xDEDA, 0xDEDA, 0xDEDA, 0xDEDA, 0xDEDA, 0xDEDA, 0xDEDA,
    0xDEDA, 0xDEDA, 0xDEDA, 0xDEDA, 0xDEDA, 0xE6FA, 0xE6FA, 0xE6FB, 0xE6FB, 0xE6FA, 0xE6FA, 0xE6FA,
    0xE6FA, 0xE6FA, 0xE6FA, 0xE6FA, 0xE6FA, 0xE6FA, 0xE6FA, 0xE6FA, 0xE6FA, 0xE6FA, 0xE6FA, 0xE6FA,
    0xE6FA, 0xE6FA, 0xE6FA, 0xE6FA, 0xE6FA, 0xE6FA, 0xE6FA, 0xE6FA, 0xE6FA, 0xE6FA, 0xE6FA, 0xE6FA,
    0xE6FA, 0xE6FA, 0xE6FA, 0xE6FA, 0xE6FA, 0xE6FA, 0xE6FA, 0xE6FA, 0xE6FA, 0xE6FB, 0xE6FB, 0xE6FB,
    0xE6FB, 0xE6FB, 0xE6FB, 0xE6FB, 0xE6FB, 0xE6FB, 0xE6FB, 0xE6FB, 0xE6FB, 0xE6FB, 0xE6FB, 0xE6FB,
    0xE6FB, 0xE6FA, 0xE6FA, 0xE6FA, 0xE6FA, 0xDEDA, 0xDEDA, 0xDEDA, 0xDEDA, 0xDEB9, 0xDEB9, 0xDEDA,
    0xDEDA, 0xE6FA, 0xE6FA, 0xFFDE, 0xFFDE, 0xFFDE, 0xFFDE, 0xFFDE, 0xFFDE, 0xFFDE, 0xFFDE, 0xFFDE,
    0xFFDE, 0xFFDE, 0xFFDE, 0xFFDE, 0xFFDE, 0xFFDE, 0xFFDE, 0xFFDE, 0xFFDE, 0xFFDE, 0xFFDE, 0xFFDE,
    0xFFDE, 0xFFDE, 0xFFDE, 0xFFDE, 0xFFDE, 0xFFDE, 0xFFDE, 0xFFDE, 0xFFDE, 0xFFDE, 0xFFDE, 0xFFDE,
    0xFFDE, 0xFFDE, 0xFFDE, 0xFFDE, 0xFFDE, 0xFFDE, 0xFFDE, 0xFFDE, 0xFFDE, 0xD678, 0xD678, 0xD678,
    0xD678, 0xD678, 0xD678, 0xD678, 0xD678, 0xCE37, 0xCE37, 0xCE37, 0xCE37, 0xCE37, 0xCE37, 0xD678,
    0xD678, 0xD678, 0xD678, 0xD678, 0xD678, 0xD678, 0xD678, 0xD678, 0xD678, 0xDEB9, 0xDEB9, 0xDEB9,
    0xDEB9, 0xDEDA, 0xDEDA, 0xE6FA, 0xE6FA, 0xE6FA, 0xE6FA, 0xDEDA, 0xDEDA, 0xDEDA, 0xDEDA, 0xDEDA,
    0xDEDA, 0xDEDA, 0xDEDA, 0xDEDA, 0xDEDA, 0xDEDA, 0xDEDA, 0xDEDA, 0xDEDA, 0xE6FA, 0xE6FA, 0xE6FB,
    0xE6FB, 0xE6FA, 0xE6FA, 0xE6FA, 0xE6FA, 0xE6FA, 0xE6FA, 0xE6FA, 0xE6FA, 0xE6FA, 0xE6FA, 0xE6FA,
    0xE6FA, 0xE6FA, 0xE6FA, 0xE6FA, 0xE6FA, 0xE6FA, 0xE6FA, 0xE6FA, 0xE6FA, 0xE6FA, 0xE6FA, 0xE6FA,
    0xE6FA, 0xE6FA, 0xE6FA, 0xE6FA, 0xE6FA, 0xE6FA, 0xE6FA, 0xE6FA, 0xE6FA, 0xE6FA, 0xE6FA, 0xE6FB,
    0xE6FB, 0xE6FB, 0xE6FB, 0xE6FB, 0xE6FB, 0xE6FB, 0xE6FB, 0xE6FB, 0xE6FB, 0xE6FB, 0xE6FB, 0xE6FB,
    0xE6FB, 0xE6FB, 0xE6FB, 0xE6FB, 0xE6FB, 0xE6FB, 0xE6FB, 0xE6FB, 0xE6FB, 0xE6FA, 0xE6FA, 0xDEDA,
    0xDEDA, 0xDEB9, 0xDEB9, 0xDEB9, 0xDEB9, 0xDEDA, 0xDEDA, 0xFFDE, 0xFFDE, 0xFFDE, 0xFFDE, 0xFFDE,
    0xFFDE, 0xFFDE, 0xFFDE, 0xFFDE, 0xFFDE, 0xFFDE, 0xFFDE, 0xFFDE, 0xFFDE, 0xFFDE, 0xFFDE, 0xFFDE,
    0xFFDE, 0xFFDE, 0xFFDE, 0xFFDE, 0xFFDE, 0xFFDE, 0xFFDE, 0xFFDE, 0xFFDE, 0xFFDE, 0xFFDE, 0xFFDE,
    0xFFDE, 0xFFDE, 0xFFDE, 0xFFDE, 0xFFDE, 0xFFDE, 0xFFDE, 0xFFDE, 0xFFDE, 0xFFDE, 0xFFDE, 0xFFDE,
    0xFFDE, 0xD678, 0xD678, 0xD678, 0xD678, 0xD678, 0xD678, 0xD678, 0xD678, 0xCE37, 0xCE37, 0xCE37,
    0xCE37, 0xCE37, 0xCE37, 0xD678, 0xD678, 0xD678, 0xD678, 0xD678, 0xD678, 0xD678, 0xD678, 0xD678,
    0xD678, 0xDEB9, 0xDEB9, 0xDEB9, 0xDEB9, 0xDEDA, 0xDEDA, 0xE6FA, 0xE6FA, 0xE6FA, 0xE6FA, 0xDEDA,
    0xDEDA, 0xDEDA, 0xDEDA, 0xDEDA, 0xDEDA, 0xDEDA, 0xDEDA, 0xDEDA, 0xDEDA, 0xDEDA, 0xDEDA, 0xDEDA,
    0xDEDA, 0xE6FA, 0xE6FA, 0xE6FB, 0xE6FB, 0xE6FA, 0xE6FA, 0xE6FA, 0xE6FA, 0xE6FA, 0xE6FA, 0xE6FA,
    0xE6FA, 0xE6FA, 0xE6FA, 0xE6FA, 0xE6FA, 0xE6FA, 0xE6FA, 0xE6FA, 0xE6FA, 0xE6FA, 0xE6FA, 0xE6FA,
    0xE6FA, 0xE6FA, 0xE6FA, 0xE6FA, 0xE6FA, 0xE6FA, 0xE6FA, 0xE6FA, 0xE6FA, 0xE6FA, 0xE6FA, 0xE6FA,
    0xE6FA, 0xE6FA, 0xE6FA, 0xE6FB, 0xE6FB, 0xE6FB, 0xE6FB, 0xE6FB, 0xE6FB, 0xE6FB, 0xE6FB, 0xE6FB,
    0xE6FB, 0xE6FB, 0xE6FB, 0xE6FB, 0xE6FB, 0xE6FB, 0xE6FB, 0xE6FB, 0xE6FB, 0xE6FB, 0xE6FB, 0xE6FB,
    0xE6FB, 0xE6FA, 0xE6FA, 0xDEDA, 0xDEDA, 0xDEB9, 0xDEB9, 0xDEB9, 0xDEB9, 0xDEDA, 0xDEDA, 0xFFDE,
    0xFFDE, 0xFFDE, 0xFFDE, 0xFFDE, 0xFFDE, 0xFFDE, 0xFFDE, 0xFFDE, 0xFFDE, 0xFFDE, 0xFFDE, 0xFFDE,
    0xFFDE, 0xFFDE, 0xFFDE, 0xFFDE, 0xFFDE, 0xFFDE, 0xFFDE, 0xFFDE, 0xFFDE, 0xFFDE, 0xFFDE, 0xFFDE,
    0xFFDE, 0xFFDE, 0xFFDE, 0xFFDE, 0xFFDE, 0xFFDE, 0xFFDE, 0xFFDE, 0xFFDE, 0xFFDE, 0xFFDE, 0xFFDE,
    0xFFDE, 0xFFDE, 0xFFDE, 0xD678, 0xD678, 0xD678, 0xD678, 0xD678, 0xD678, 0xD678, 0xD678, 0xD678,
    0xD678, 0xCE37, 0xCE37, 0xCE37, 0xCE37, 0xCE37, 0xCE37, 0xD678, 0xD678, 0xD678, 0xD678, 0xD678,
    0xD678, 0xD678, 0xD678, 0xD678, 0xD678, 0xDEB9, 0xDEB9, 0xDEB9, 0xDEB9, 0xDEDA, 0xDEDA, 0xE6FA,
    0xE6FA, 0xE6FA, 0xE6FA, 0xDEDA, 0xDEDA, 0xDEDA, 0xDEDA, 0xDEDA, 0xDEDA, 0xDEDA, 0xDEDA, 0xDEDA,
    0xDEDA, 0xDEDA, 0xDEDA, 0xE6FA, 0xE6FA, 0xE6FA, 0xE6FA, 0xE6FB, 0xE6FB, 0xE6FA, 0xE6FA, 0xE6FA,
    0xE6FA, 0xE6FA, 0xE6FA, 0xE6FA, 0xE6FA, 0xE6FA, 0xE6FA, 0xE6FA, 0xE6FA, 0xE6FA, 0xE6FA, 0xE6FA,
    0xE6FA, 0xE6FA, 0xE6FA, 0xE6FA, 0xE6FA, 0xE6FA, 0xE6FA, 0xE6FA, 0xE6FA, 0xE6FA, 0xE6FA, 0xE6FA,
    0xE6FA, 0xE6FA, 0xE6FA, 0xE6FA, 0xE6FA, 0xE6FB, 0xE6FB, 0xE6FB, 0xE6FB, 0xE6FA, 0xE6FA, 0xE6FA,
    0xE6FA, 0xE6FA, 0xE6FA, 0xE6FA, 0xE6FA, 0xE6FA, 0xE6FA, 0xE6FB, 0xE6FB, 0xE6FB, 0xE6FB, 0xE6FB,
    0xE6FB, 0xE6FB, 0xE6FB, 0xE6FB, 0xE6FB, 0xE6FA, 0xE6FA, 0xE6FA, 0xE6FA, 0xDEDA, 0xDEDA, 0xDEDA,
    0xDEDA, 0xE6FB, 0xE6FB, 0xF7BE, 0xF7BE, 0xFFDE, 0xFFDE, 0xFFDE, 0xFFDE, 0xFFDE, 0xFFDE, 0xFFDE,
    0xFFDE, 0xFFDE, 0xFFDE, 0xFFDE, 0xFFDE, 0xFFDE, 0xFFDE, 0xFFDE, 0xFFDE, 0xFFDE, 0xFFDE, 0xFFDE,
    0xFFDE, 0xFFDE, 0xFFDE, 0xFFDE, 0xFFDE, 0xFFDE, 0xFFDE, 0xFFDE, 0xFFDE, 0xFFDE, 0xFFDE, 0xFFDE,
    0xFFDE, 0xFFDE, 0xFFDE, 0xFFDE, 0xFFDE, 0xFFDE, 0xFFDE, 0xD678, 0xD678, 0xD678, 0xD678, 0xD678,
    0xD678, 0xD678, 0xD678, 0xD678, 0xD678, 0xCE37, 0xCE37, 0xCE37, 0xCE37, 0xCE37, 0xCE37, 0xD678,
    0xD678, 0xD678, 0xD678, 0xD678, 0xD678, 0xD678, 0xD678, 0xD678, 0xD678, 0xDEB9, 0xDEB9, 0xDEB9,
    0xDEB9, 0xDEDA, 0xDEDA, 0xE6FA, 0xE6FA, 0xE6FA, 0xE6FA, 0xDEDA, 0xDEDA, 0xDEDA, 0xDEDA, 0xDEDA,
    0xDEDA, 0xDEDA, 0xDEDA, 0xDEDA, 0xDEDA, 0xDEDA, 0xDEDA, 0xE6FA, 0xE6FA, 0xE6FA, 0xE6FA, 0xE6FB,
    0xE6FB, 0xE6FA, 0xE6FA, 0xE6FA, 0xE6FA, 0xE6FA, 0xE6FA, 0xE6FA, 0xE6FA, 0xE6FA, 0xE6FA, 0xE6FA,
    0xE6FA, 0xE6FA, 0xE6FA, 0xE6FA, 0xE6FA, 0xE6FA, 0xE6FA, 0xE6FA, 0xE6FA, 0xE6FA, 0xE6FA, 0xE6FA,
    0xE6FA, 0xE6FA, 0xE6FA, 0xE6FA, 0xE6FA, 0xE6FA, 0xE6FA, 0xE6FA, 0xE6FA, 0xE6FB, 0xE6FB, 0xE6FB,
    0xE6FB, 0xE6FA, 0xE6FA, 0xE6FA, 0xE6FA, 0xE6FA, 0xE6FA, 0xE6FA, 0xE6FA, 0xE6FA, 0xE6FA, 0xE6FB,
    0xE6FB, 0xE6FB, 0xE6FB, 0xE6FB, 0xE6FB, 0xE6FB, 0xE6FB, 0xE6FB, 0xE6FB, 0xE6FA, 0xE6FA, 0xE6FA,
    0xE6FA, 0xDEDA, 0xDEDA, 0xDEDA, 0xDEDA, 0xE6FB, 0xE6FB, 0xF7BE, 0xF7BE, 0xFFDE, 0xFFDE, 0xFFDE,
    0xFFDE, 0xFFDE, 0xFFDE, 0xFFDE, 0xFFDE, 0xFFDE, 0xFFDE, 0xFFDE, 0xFFDE, 0xFFDE, 0xFFDE, 0xFFDE
};

/* eye_angry.png - 17x11 */
const uint16_t avatar_eye_eye_angry[187] = {
    0x7B0A, 0x7B0A, 0x7B0A, 0x7B0A, 0x7B0A, 0x832B, 0x832B, 0x936C, 0x936C, 0x93AD, 0x938D, 0x9C0F,
    0x9BEE, 0x9C50, 0xA491, 0xB4D2, 0xB4D2, 0x7AE9, 0x72A9, 0x72A9, 0x72C9, 0x6A68, 0x6248, 0x5A27,
    0x51E6, 0x49A5, 0x49A6, 0x5A07, 0x6268, 0x5A27, 0x834C, 0x8BEF, 0xA491, 0xA491, 0x7AE9, 0x72A9,
    0x72A9, 0x2081, 0x1861, 0x1020, 0x2061, 0x28A2, 0x3103, 0x3103, 0x2082, 0x7AEA, 0x7B0A, 0x7B0A,
    0x836C, 0xA491, 0xA491, 0x7AEA, 0x72A9, 0x49A5, 0x1000, 0x1000, 0x0800, 0x0800, 0x0820, 0x0820,
    0x0820, 0x0820, 0x2081, 0x72C9, 0x7B0A, 0x7AEA, 0x7B4C, 0x7B4C, 0x72EA, 0x6A89, 0x836C, 0x28E3,
    0x1000, 0x0800, 0x0800, 0x0820, 0x0820, 0x0820, 0x0820, 0x1000, 0x1000, 0x49C6, 0x3965, 0x7B4C,
    0x7B4C, 0xB4D1, 0xA471, 0x9C50, 0xBD54, 0xA471, 0x28C3, 0x1000, 0x1000, 0x1000, 0x1000, 0x1000,
    0x1000, 0x1000, 0x30E3, 0x3104, 0xC575, 0xC575, 0xBD13, 0xB513, 0xB513, 0xBD54, 0xBD54, 0xBD54,
    0x838D, 0x1841, 0x1000, 0x1000, 0x1000, 0x1000, 0x1000, 0x2082, 0x9410, 0xBD54, 0xBD74, 0xCDB6,
    0xBD34, 0xBD34, 0xBD34, 0xBD54, 0xBD54, 0xBD54, 0xACB2, 0x1020, 0x1020, 0x1000, 0x1000, 0x1000,
    0x3945, 0xB513, 0xB534, 0xA491, 0xCDB6, 0xB533, 0xBD54, 0xBD54, 0xBD54, 0xBD54, 0xBD34, 0x838D,
    0x28C2, 0x1862, 0x1020, 0x1841, 0x4186, 0x3945, 0xACD2, 0xBD54, 0xBD75, 0xC575, 0xC575, 0xBD54,
    0xBD54, 0xBD54, 0xBD54, 0xBD54, 0xBD34, 0xBD34, 0xBD74, 0xBD74, 0x8C30, 0xACD2, 0xBD34, 0xB534,
    0xC5B6, 0xC5B6, 0xCD95, 0xCDD6, 0xC595, 0xBD54, 0xBD54, 0xBD54, 0xBD54, 0xACD2, 0xBD54, 0xBD54,
    0xBD54, 0x8C30, 0x8C30, 0xACD2, 0xACD2, 0xC5B6, 0xC5B6
};

/* eye_halfclosed.png - 17x11 */
const uint16_t avatar_eye_eye_halfclosed[187] = {
    0x7B0A, 0x7B0A, 0x7B0A, 0x7B0A, 0x7B0A, 0x832B, 0x832B, 0x936C, 0x8B6C, 0x93AD, 0x93AD, 0xA470,
    0xA470, 0xA491, 0xA491, 0xB4D2, 0xB4D2, 0x7AE9, 0x72C9, 0x8B4B, 0x8B4B, 0x938C, 0xA3CC, 0xA3CC,
    0xA3CC, 0x9BCC, 0x936B, 0x7AEA, 0x6AA9, 0x8B2A, 0x8BEE, 0x8BEF, 0xA491, 0xA491, 0x7AE9, 0x8B4B,
    0x9BAC, 0x9BAC, 0x9BAC, 0x9BAC, 0x9BAC, 0x938B, 0x938B, 0x936B, 0x938C, 0x8B6B, 0xA3CC, 0x836C,
    0x83CE, 0xA491, 0xA491, 0x7B0A, 0x4984, 0x72C9, 0x7B0A, 0x8B6B, 0x8B6B, 0x8B6B, 0x8B6B, 0x8B4B,
    0x834B, 0x9BAC, 0x9BAC, 0x832A, 0x6268, 0x5A27, 0x7B4C, 0x7B4C, 0x938C, 0x7288, 0x2082, 0x1841,
    0x1820, 0x1820, 0x1000, 0x1000, 0x1000, 0x1020, 0x1020, 0x30E3, 0x4164, 0x5A27, 0x936B, 0x7B4C,
    0x7B4C, 0xB4D1, 0x3944, 0x2061, 0x1000, 0x1000, 0x1000, 0x1000, 0x1000, 0x1000, 0x1000, 0x1000,
    0x1000, 0x1000, 0x28C3, 0x3904, 0xC575, 0xC575, 0xB4D2, 0x4165, 0x28C2, 0x2061, 0x2061, 0x1000,
    0x1000, 0x1000, 0x1000, 0x1000, 0x0800, 0x1000, 0x1000, 0x3103, 0x6269, 0xC575, 0xC575, 0xCDB5,
    0x940F, 0x3924, 0x2081, 0x3944, 0x28C2, 0x28C2, 0x2061, 0x2061, 0x3104, 0x3104, 0x3124, 0x2061,
    0xA471, 0xBD34, 0xC575, 0xC575, 0xCDD6, 0x9C4F, 0xACF2, 0x730B, 0x8BAE, 0x730B, 0x6ACA, 0x6269,
    0x6269, 0x6AAA, 0x6289, 0x6ACA, 0x8BCE, 0xACD2, 0x9C50, 0xC575, 0xC575, 0xCD95, 0xCDD6, 0xCDD6,
    0xACD2, 0xACF2, 0xBD74, 0xBD74, 0x9430, 0x9430, 0xBD75, 0xC575, 0x9C91, 0x9C91, 0xACF3, 0xACD2,
    0xC5B6, 0xC5B6, 0xCD95, 0xCDD6, 0xCDD6, 0xA491, 0xA491, 0xBD54, 0xBD54, 0x6B0B, 0x6B0B, 0xBD74,
    0xBD74, 0x8C30, 0x8C30, 0xACD2, 0xACD2, 0xC5B6, 0xC5B6
};

/* eye_halfmoon.png - 17x11 */
const uint16_t avatar_eye_eye_halfmoon[187] = {
    0x7B0A, 0x7B0A, 0x7B0A, 0x7B0A, 0x7B0A, 0x832B, 0x832B, 0x936C, 0x8B6C, 0x8B8C, 0x938D, 0xA450,
    0xA450, 0xA490, 0xA491, 0xB4D2, 0xB4D2, 0x7AE9, 0x72A9, 0x72A9, 0x834B, 0x93AD, 0x8B8C, 0x834B,
    0x93AD, 0x93AD, 0x93AD, 0x93AD, 0x93CD, 0x93AD, 0x9C0E, 0x940F, 0xA491, 0xA491, 0x7AE9, 0x72A9,
    0x72A9, 0x6247, 0x5A27, 0x51E7, 0x6268, 0x6AC9, 0x72EA, 0x72EA, 0x6A89, 0x72C9, 0x93CD, 0x9BEE,
    0x940F, 0xA491, 0xA491, 0x72EA, 0x1861, 0x1861, 0x2061, 0x28C2, 0x1861, 0x1861, 0x1861, 0x1861,
    0x1841, 0x1861, 0x20A2, 0x2082, 0x3944, 0x3944, 0x7B4C, 0x7B4C, 0x72EA, 0x1861, 0x1861, 0x1000,
    0x1000, 0x0800, 0x0800, 0x1000, 0x1000, 0x1000, 0x1000, 0x1000, 0x1000, 0x5228, 0x49C6, 0x838D,
    0x7B4C, 0xBCF2, 0xBD54, 0xA491, 0x3944, 0x2061, 0x1000, 0x1000, 0x1000, 0x1000, 0x0820, 0x0820,
    0x1000, 0x5A69, 0xCDD6, 0xACB2, 0xCDD6, 0xC575, 0xBD13, 0xBD13, 0xCDB6, 0xCDB6, 0x5A28, 0x1000,
    0x1000, 0x1000, 0x1000, 0x0820, 0x2903, 0x9C30, 0xCDD6, 0xCDD6, 0xCDD6, 0xCDB6, 0xC575, 0xCDD6,
    0xCDB5, 0xCDB6, 0xCDD6, 0xCDD6, 0x6269, 0x28C2, 0x2061, 0x2061, 0x3924, 0xA491, 0xC575, 0xCDB6,
    0xCDD6, 0xC575, 0xC575, 0xC575, 0xCDD6, 0xC575, 0xC575, 0xCD95, 0xCD95, 0x5A69, 0x28C2, 0x2061,
    0x2061, 0x3924, 0xB513, 0xCDB6, 0xCDD6, 0xCDD6, 0x93EF, 0xC575, 0xC575, 0xCD95, 0xCDD6, 0xCDD6,
    0xA491, 0xA491, 0xBD54, 0xBD54, 0x6B0B, 0x6B0B, 0xBD74, 0xC595, 0xACD2, 0xB534, 0xB513, 0xACD2,
    0xC5B6, 0xC5B6, 0xCD95, 0xCDD6, 0xCDD6, 0xA491, 0xA491, 0xBD54, 0xBD54, 0x6B0B, 0x6B0B, 0xBD74,
    0xBD74, 0x8C30, 0x8C30, 0xACD2, 0xACD2, 0xC5B6, 0xC5B6
};

/* eye_normal.png - 17x11 */
const uint16_t avatar_eye_eye_normal[187] = {
    0x7B0A, 0x7B0A, 0x7B0A, 0x7B0A, 0x7B0A, 0x832B, 0x832B, 0x936C, 0x936C, 0x93AD, 0x93AD, 0xA470,
    0xA470, 0xA491, 0xA491, 0xB4D2, 0xB4D2, 0x7AE9, 0x72A9, 0x72A9, 0x1861, 0x1861, 0x1000, 0x1000,
    0x1000, 0x1000, 0x1000, 0x1000, 0x1000, 0x1000, 0x8BEF, 0x8BEF, 0xA491, 0xA491, 0x7AE9, 0x72A9,
    0x72A9, 0x1861, 0x1861, 0x1000, 0x1000, 0x1000, 0x1000, 0x1000, 0x1000, 0x1000, 0x1000, 0x8BEF,
    0x8BEF, 0xA491, 0xA491, 0x72EA, 0x1861, 0x1861, 0x1000, 0x1000, 0x0800, 0x0800, 0x0820, 0x0820,
    0x0820, 0x0820, 0x1000, 0x1000, 0x3944, 0x3944, 0x7B4C, 0x7B4C, 0x72EA, 0x1861, 0x1861, 0x1000,
    0x1000, 0x0800, 0x0800, 0x0820, 0x0820, 0x0820, 0x0820, 0x1000, 0x1000, 0x3944, 0x3944, 0x7B4C,
    0x7B4C, 0xB4D1, 0x49C6, 0x49C6, 0x2061, 0x2061, 0x1000, 0x1000, 0x1000, 0x1000, 0x0820, 0x0820,
    0x1000, 0x1000, 0x30E3, 0x30E3, 0xC575, 0xC575, 0xB4D1, 0x49C6, 0x49C6, 0x2061, 0x2061, 0x1000,
    0x1000, 0x1000, 0x1000, 0x0820, 0x0820, 0x1000, 0x1000, 0x30E3, 0x30E3, 0xC575, 0xC575, 0xCDD6,
    0x8BAD, 0x8BAD, 0x5A48, 0x5A48, 0x28C2, 0x28C2, 0x2061, 0x2061, 0x3104, 0x3104, 0x4185, 0x4185,
    0x4185, 0x4185, 0xC575, 0xC575, 0xCDD6, 0x8BAD, 0x8BAD, 0x5A48, 0x5A48, 0x28C2, 0x28C2, 0x2061,
    0x2061, 0x3104, 0x3104, 0x4185, 0x4185, 0x4185, 0x4185, 0xC575, 0xC575, 0xCD95, 0xCDD6, 0xCDD6,
    0xA491, 0xA491, 0xBD54, 0xBD54, 0x6B0B, 0x6B0B, 0xBD74, 0xBD74, 0x8C30, 0x8C30, 0xACD2, 0xACD2,
    0xC5B6, 0xC5B6, 0xCD95, 0xCDD6, 0xCDD6, 0xA491, 0xA491, 0xBD54, 0xBD54, 0x6B0B, 0x6B0B, 0xBD74,
    0xBD74, 0x8C30, 0x8C30, 0xACD2, 0xACD2, 0xC5B6, 0xC5B6
};

/* eye_open.png - 17x11 */
const uint16_t avatar_eye_eye_open[187] = {
    0x7B0A, 0x7B0A, 0x7B0A, 0x7B0A, 0x7B0A, 0x832B, 0x832B, 0x936C, 0x936C, 0x93AD, 0x93AD, 0xA470,
    0xA470, 0xA491, 0xA491, 0xB4D2, 0xB4D2, 0x7AE9, 0x72A9, 0x72A9, 0x1861, 0x1861, 0x1000, 0x1000,
    0x1000, 0x1000, 0x1000, 0x1000, 0x1000, 0x1000, 0x8BEF, 0x8BEF, 0xA491, 0xA491, 0x7AE9, 0x72A9,
    0x72A9, 0x1861, 0x1861, 0x1000, 0x1000, 0x1000, 0x1000, 0x1000, 0x1000, 0x1000, 0x1000, 0x8BEF,
    0x8BEF, 0xA491, 0xA491, 0x72EA, 0x1861, 0x1861, 0x1000, 0x1000, 0x0800, 0x0800, 0x0820, 0x0820,
    0x0820, 0x0820, 0x1000, 0x1000, 0x3944, 0x3944, 0x7B4C, 0x7B4C, 0x72EA, 0x1861, 0x1861, 0x1000,
    0x1000, 0x0800, 0x0800, 0x0820, 0x0820, 0x0820, 0x0820, 0x1000, 0x1000, 0x3944, 0x3944, 0x7B4C,
    0x7B4C, 0xB4D1, 0x49C6, 0x49C6, 0x2061, 0x2061, 0x1000, 0x1000, 0x1000, 0x1000, 0x0820, 0x0820,
    0x1000, 0x1000, 0x30E3, 0x30E3, 0xC575, 0xC575, 0xB4D1, 0x49C6, 0x49C6, 0x2061, 0x2061, 0x1000,
    0x1000, 0x1000, 0x1000, 0x0820, 0x0820, 0x1000, 0x1000, 0x30E3, 0x30E3, 0xC575, 0xC575, 0xCDD6,
    0x8BAD, 0x8BAD, 0x5A48, 0x5A48, 0x28C2, 0x28C2, 0x2061, 0x2061, 0x3104, 0x3104, 0x4185, 0x4185,
    0x4185, 0x4185, 0xC575, 0xC575, 0xCDD6, 0x8BAD, 0x8BAD, 0x5A48, 0x5A48, 0x28C2, 0x28C2, 0x2061,
    0x2061, 0x3104, 0x3104, 0x4185, 0x4185, 0x4185, 0x4185, 0xC575, 0xC575, 0xCD95, 0xCDD6, 0xCDD6,
    0xA491, 0xA491, 0xBD54, 0xBD54, 0x6B0B, 0x6B0B, 0xBD74, 0xBD74, 0x8C30, 0x8C30, 0xACD2, 0xACD2,
    0xC5B6, 0xC5B6, 0xCD95, 0xCDD6, 0xCDD6, 0xA491, 0xA491, 0xBD54, 0xBD54, 0x6B0B, 0x6B0B, 0xBD74,
    0xBD74, 0x8C30, 0x8C30, 0xACD2, 0xACD2, 0xC5B6, 0xC5B6
};

/* eye_sad.png - 17x11 */
const uint16_t avatar_eye_eye_sad[187] = {
    0x7B0A, 0x7B0A, 0x7B0A, 0x7B0A, 0x7B0A, 0x832B, 0x832B, 0x936C, 0x936C, 0x93AD, 0x938D, 0x9C0F,
    0x9BEE, 0x9C50, 0xA491, 0xB4D2, 0xB4D2, 0x7AE9, 0x72A9, 0x6AA9, 0x72A9, 0x6A68, 0x6248, 0x5A27,
    0x51E6, 0x49A5, 0x49A6, 0x5A07, 0x6268, 0x5A27, 0x7B2B, 0x8BEF, 0xA491, 0xA491, 0x7AE9, 0x72A9,
    0x6248, 0x6227, 0x6248, 0x6248, 0x6248, 0x6247, 0x6248, 0x5A27, 0x4165, 0x72A9, 0x6A68, 0x6A68,
    0x836C, 0xA491, 0xA491, 0x7AEA, 0x72A9, 0x51E6, 0x3924, 0x6227, 0x6247, 0x6247, 0x6247, 0x6248,
    0x6247, 0x5A27, 0x6227, 0x6247, 0x6247, 0x72C9, 0x7B4C, 0x7B4C, 0x72EA, 0x6A89, 0x836C, 0x28E3,
    0x49A5, 0x6247, 0x6247, 0x6247, 0x6247, 0x6227, 0x5A07, 0x6247, 0x6247, 0x5A27, 0x3965, 0x7B4C,
    0x7B4C, 0xB4D1, 0xA471, 0x9C50, 0x49E7, 0x2082, 0x3924, 0x3944, 0x59E6, 0x5A27, 0x5A07, 0x5A27,
    0x5A27, 0x51E6, 0x30E3, 0x3104, 0xC575, 0xC575, 0xBD13, 0xB513, 0xB513, 0x4186, 0x1000, 0x1000,
    0x3124, 0x1841, 0x28C2, 0x3103, 0x2082, 0x1020, 0x1020, 0x2082, 0x9410, 0xBD54, 0xBD74, 0xCDB6,
    0xBD34, 0xBD34, 0xACF3, 0x41A6, 0x1000, 0x1000, 0x28C3, 0x1020, 0x1020, 0x1000, 0x1000, 0x1000,
    0x3945, 0xB513, 0xB534, 0xA491, 0xCDB6, 0xB533, 0xBD54, 0xBD54, 0xBD54, 0xBD54, 0x83AE, 0x4186,
    0x28C2, 0x1862, 0x1020, 0x1841, 0x4186, 0x3945, 0xACD2, 0xBD54, 0xBD75, 0xC575, 0xC575, 0xBD54,
    0xBD54, 0xBD54, 0xBD54, 0xBD54, 0xBD34, 0xBD34, 0xBD74, 0xBD74, 0x8C30, 0xACD2, 0xBD34, 0xB534,
    0xC5B6, 0xC5B6, 0xCD95, 0xCDD6, 0xC595, 0xBD54, 0xBD54, 0xBD54, 0xBD54, 0xACD2, 0xBD54, 0xBD54,
    0xBD54, 0x8C30, 0x8C30, 0xACD2, 0xACD2, 0xC5B6, 0xC5B6
};

/* eye_sagging.png - 17x11 */
const uint16_t avatar_eye_eye_sagging[187] = {
    0x7B0A, 0x7B0A, 0x7B0A, 0x7B0A, 0x7B0A, 0x832B, 0x832B, 0x936C, 0x8B6C, 0x93AD, 0x93AD, 0xA470,
    0xA470, 0xA491, 0xA491, 0xB4D2, 0xB4D2, 0x7AE9, 0x72C9, 0x8B4B, 0x8B4B, 0x938C, 0xA3CC, 0xA3CC,
    0xA3CC, 0x9BCC, 0x936B, 0x7AEA, 0x6AA9, 0x8B2A, 0x8BEE, 0x8BEF, 0xA491, 0xA491, 0x7AE9, 0x8B4B,
    0x9BAC, 0x9BAC, 0x9BAC, 0x9BAC, 0x9BAC, 0x938B, 0x938B, 0x936B, 0x938C, 0x8B6B, 0xA3CC, 0x836C,
    0x83CE, 0xA491, 0xA491, 0x7B0A, 0x4984, 0x832A, 0x8B6B, 0x8B6B, 0x8B6B, 0x8B6B, 0x8B6B, 0x8B6B,
    0x8B6B, 0x936B, 0x936B, 0x8B4B, 0x7AEA, 0x5A27, 0x7B4C, 0x7B4C, 0x938C, 0x7288, 0x6247, 0x830A,
    0x8B4B, 0x8B4B, 0x8B4B, 0x7AC9, 0x7AC9, 0x7AE9, 0x7AE9, 0x830A, 0x832A, 0x7AE9, 0x936B, 0x7B4C,
    0x7B4C, 0xB4D1, 0x3944, 0x2061, 0x1000, 0x1000, 0x1000, 0x1000, 0x1000, 0x1000, 0x1000, 0x1000,
    0x1000, 0x1000, 0x28C3, 0x3904, 0xC575, 0xC575, 0xB4D2, 0x4165, 0x28C2, 0x2061, 0x2061, 0x1000,
    0x1000, 0x1000, 0x1000, 0x1000, 0x0800, 0x1000, 0x1000, 0x3103, 0x6269, 0xC575, 0xC575, 0xCDB5,
    0x940F, 0x3924, 0x28A2, 0x30E3, 0x28C2, 0x28C2, 0x20A2, 0x2081, 0x30E3, 0x30E3, 0x30E3, 0x2081,
    0xA471, 0xBD34, 0xC575, 0xC575, 0xCDD6, 0x9C4F, 0xACF2, 0x49C7, 0x28C2, 0x28C2, 0x28C2, 0x28C2,
    0x28C2, 0x28C2, 0x28C2, 0x30E3, 0x730B, 0xACD2, 0x9C50, 0xC575, 0xC575, 0xCD95, 0xCDD6, 0xCDD6,
    0xA4B1, 0x5207, 0x3944, 0x3965, 0x3924, 0x3124, 0x3944, 0x6289, 0x8BEF, 0x9C91, 0xACF3, 0xACD2,
    0xC5B6, 0xC5B6, 0xCD95, 0xCDD6, 0xCDD6, 0xA491, 0xA491, 0xBD54, 0xBD54, 0x6B0B, 0x6B0B, 0xBD74,
    0xBD74, 0x8C30, 0x8C30, 0xACD2, 0xACD2, 0xC5B6, 0xC5B6
};

/* eye_squint.png - 17x11 */
const uint16_t avatar_eye_eye_squint[187] = {
    0x7B0A, 0x7B0A, 0x72C9, 0x7AEA, 0x7AEA, 0x830B, 0x830B, 0x8B4C, 0x8B4C, 0x8B8C, 0x938C, 0xA470,
    0xA470, 0xA491, 0xA491, 0xB4D2, 0xB4D2, 0x7AE9, 0x72A9, 0x72A9, 0x6A88, 0x72A9, 0x6AA9, 0x6AA9,
    0x6AA9, 0x6AA9, 0x6AA9, 0x6248, 0x49A5, 0x4985, 0x838D, 0x8BEF, 0xA491, 0xA491, 0x72C9, 0x72C9,
    0x72E9, 0x72C9, 0x72E9, 0x7B2B, 0x8B8D, 0x72E9, 0x72E9, 0x72E9, 0x72E9, 0x72C9, 0x72C9, 0x72EA,
    0x7B4C, 0xA491, 0xA491, 0x7B0A, 0x6A88, 0x72C9, 0x6AA9, 0x72A9, 0x7B0A, 0x8B8C, 0x7B0A, 0x7B0A,
    0x7B0A, 0x7B2A, 0x7B0A, 0x7AEA, 0x72C9, 0x5A47, 0x7B4C, 0x7B4C, 0x72EA, 0x1861, 0x1861, 0x1000,
    0x1000, 0x0800, 0x0800, 0x0820, 0x0820, 0x0820, 0x0820, 0x1000, 0x1000, 0x3944, 0x3944, 0x7B4C,
    0x7B4C, 0xB4D1, 0x49C6, 0x49C6, 0x2061, 0x2061, 0x1000, 0x1000, 0x1000, 0x1000, 0x0820, 0x0820,
    0x1000, 0x1000, 0x30E3, 0x30E3, 0xC575, 0xC575, 0xC595, 0xACF3, 0xBD54, 0xB534, 0xACF3, 0xA4B2,
    0x9430, 0x83AE, 0x734C, 0x6B0B, 0x6B0B, 0x6AEB, 0x3965, 0x49C7, 0x4165, 0xC575, 0xC575, 0xCDD6,
    0xACB2, 0xBD95, 0xBD95, 0xC5B6, 0xC5B6, 0xC5B6, 0xC5B6, 0xC5B6, 0xC5B6, 0xC5B6, 0xC5B6, 0xC5B6,
    0xC5B6, 0xC595, 0xC595, 0xC575, 0xC5B6, 0xBD95, 0xC5B6, 0xC5B6, 0xC5B6, 0xC5B6, 0xC5B6, 0xC5B6,
    0xC5B6, 0xC5B6, 0xC5B6, 0xBD75, 0xC595, 0xC5B6, 0xC5B6, 0xC595, 0xC575, 0xCD95, 0xCDD6, 0xCDD6,
    0xC595, 0xC5B6, 0xC5B6, 0xC5B6, 0xC5B6, 0xC5B6, 0xC5B6, 0xC5B6, 0xC5B6, 0xC5B6, 0xC595, 0xB534,
    0xC5B6, 0xC5B6, 0xCD95, 0xCDD6, 0xCDD6, 0xACF2, 0xBD75, 0xC5B6, 0xC5B6, 0xC5B6, 0xC5B6, 0xC5B6,
    0xC5B6, 0xC5B6, 0xBD95, 0xC595, 0xC595, 0xC5B6, 0xC5B6
};

/* mouth_bigO.png - 40x28 */
const uint16_t avatar_mouth_mouth_bigO[1120] = {
    0xCDF7, 0xCDF7, 0xCDF7, 0xCDF7, 0xCDF7, 0xCDF7, 0xCDF7, 0xCDF7, 0xCDF7, 0xC5B6, 0xC5B6, 0xBDB6,
    0xBDB6, 0xBDB6, 0xBDB6, 0xC5F6, 0xC5F6, 0xC5F6, 0xC5F6, 0xC5F6, 0xC5F6, 0xC5F6, 0xC5F6, 0xC5F6,
    0xC5F6, 0xC5B6, 0xC5B6, 0xBD95, 0xBD95, 0xC5F6, 0xC5F6, 0xC617, 0xC617, 0xCE37, 0xCE37, 0xCE37,
    0xCE37, 0xCE37, 0xCE37, 0xCE37, 0xCDF7, 0xCDF7, 0xCDF7, 0xCDF7, 0xCDF7, 0xCDF7, 0xCDF7, 0xCDF7,
    0xCDF7, 0xC5B6, 0xC5B6, 0xBDB6, 0xBDB6, 0xBDB6, 0xBDB6, 0xC5F6, 0xC5F6, 0xC5F6, 0xC5F6, 0xC5F6,
    0xC5F6, 0xC5F6, 0xC5F6, 0xC5F6, 0xC5F6, 0xC5B6, 0xC5B6, 0xBD95, 0xBD95, 0xC5F6, 0xC5F6, 0xC617,
    0xC617, 0xCE37, 0xCE37, 0xCE37, 0xCE37, 0xCE37, 0xCE37, 0xCE37, 0xCDF7, 0xCDF7, 0xCDF7, 0xCDF7,
    0xCDF7, 0xCE37, 0xCE37, 0xCDF7, 0xCDF7, 0xBD75, 0xBD75, 0xB575, 0xB575, 0xB554, 0xB554, 0xC5B6,
    0xC5B6, 0xC5F6, 0xC5F6, 0xC5F6, 0xC5F6, 0xC5F6, 0xC5F6, 0xC5F6, 0xC5F6, 0xBD95, 0xBD95, 0xB554,
    0xB554, 0xC5F6, 0xC5F6, 0xCE37, 0xCE37, 0xCE37, 0xCE37, 0xCE37, 0xCE37, 0xCE37, 0xCE37, 0xC617,
    0xCDF7, 0xCDF7, 0xCDF7, 0xCDF7, 0xCDF7, 0xCE37, 0xCE37, 0xCDF7, 0xCDF7, 0xBD75, 0xBD75, 0xB575,
    0xB575, 0xB554, 0xB554, 0xC5B6, 0xC5B6, 0xC5F6, 0xC5F6, 0xC5F6, 0xC5F6, 0xC5F6, 0xC5F6, 0xC5F6,
    0xC5F6, 0xBD95, 0xBD95, 0xB554, 0xB554, 0xC5F6, 0xC5F6, 0xCE37, 0xCE37, 0xCE37, 0xCE37, 0xCE37,
    0xCE37, 0xCE37, 0xCE37, 0xC617, 0xCDD6, 0xCE17, 0xCDF7, 0xCDF7, 0xCDF7, 0xCE37, 0xCE37, 0xC5F6,
    0xC5F6, 0xB554, 0xB554, 0xB554, 0xB554, 0xB554, 0xB554, 0xAD34, 0xAD34, 0xAD13, 0xAD13, 0xB575,
    0xB575, 0xA4D2, 0xA4D2, 0xB554, 0xB554, 0xA4F2, 0xA4F2, 0xAD33, 0xAD33, 0xCE17, 0xCE17, 0xCE37,
    0xCE37, 0xCE37, 0xCE37, 0xC617, 0xC617, 0xC5F6, 0xC5F6, 0xC5F6, 0xCDD6, 0xCDF7, 0xCDF7, 0xCDF7,
    0xCDF7, 0xCE37, 0xCE37, 0xC5F6, 0xC5F6, 0xB554, 0xB554, 0xB554, 0xB554, 0xB554, 0xB554, 0xAD34,
    0xAD34, 0xAD13, 0xAD13, 0xB575, 0xB575, 0xA4D2, 0xA4D2, 0xB554, 0xB554, 0xA4F2, 0xA4F2, 0xAD33,
    0xAD33, 0xCE17, 0xCE17, 0xCE37, 0xCE37, 0xCE37, 0xCE37, 0xC617, 0xC617, 0xC5F6, 0xC5F6, 0xC5F6,
    0xCDD6, 0xC617, 0xC617, 0xC617, 0xC617, 0xC617, 0xC617, 0xC5F6, 0xC5F6, 0x8C0F, 0x8C0F, 0x6B2C,
    0x6B2C, 0x6B2B, 0x6B2B, 0xAD34, 0xAD34, 0xA4D2, 0xA4D2, 0xA4D2, 0xA4D2, 0xA4D2, 0xA4D2, 0xB554,
    0xB554, 0x8C0F, 0x8C0F, 0x9491, 0x9C91, 0xC5F6, 0xC5F6, 0xCE37, 0xCE37, 0xCE37, 0xCE37, 0xC617,
    0xC617, 0xC5F6, 0xC5F6, 0xBDB6, 0xD5D6, 0xC617, 0xC617, 0xC617, 0xC617, 0xC617, 0xC617, 0xC5F6,
    0xC5F6, 0x8C0F, 0x8C0F, 0x6B2C, 0x6B2C, 0x6B2B, 0x6B2B, 0xAD34, 0xAD34, 0xA4D2, 0xA4D2, 0xA4D2,
    0xA4D2, 0xA4D2, 0xA4D2, 0xB554, 0xB554, 0x8C0F, 0x8C0F, 0x9491, 0x9491, 0xC5F6, 0xC5F6, 0xCE37,
    0xCE37, 0xCE37, 0xCE37, 0xC617, 0xC617, 0xC5F6, 0xC5F6, 0xBDB6, 0xC5B6, 0xC5F6, 0xC5F6, 0xC617,
    0xC617, 0xC5F6, 0xC5F6, 0xC5F6, 0xC5F6, 0xBD95, 0xBD95, 0x4A28, 0x4A28, 0x2903, 0x2903, 0x1040,
    0x1040, 0x732C, 0x732C, 0x8C30, 0x8C30, 0x6B0B, 0x630B, 0x41C6, 0x41C6, 0x20E2, 0x20E2, 0x6B0B,
    0x6B0B, 0xC617, 0xC617, 0xC617, 0xC617, 0xC617, 0xC617, 0xC5F6, 0xC5F6, 0xBDB6, 0xBDB6, 0xB575,
    0xC5B6, 0xC5F6, 0xC5F6, 0xC617, 0xC617, 0xC5F6, 0xC5F6, 0xC5F6, 0xC5F6, 0xBD95, 0xBD95, 0x4A28,
    0x4A28, 0x2903, 0x2903, 0x1040, 0x1040, 0x732C, 0x732C, 0x8C30, 0x8C30, 0x6B0B, 0x6B0B, 0x41C6,
    0x41C6, 0x20E2, 0x20E2, 0x6B0B, 0x6B0B, 0xC617, 0xC617, 0xC617, 0xC617, 0xC617, 0xC617, 0xC5F6,
    0xC5F6, 0xBDB6, 0xBDB6, 0xB575, 0xB554, 0xB595, 0xB595, 0xBDB6, 0xBDB6, 0xBDB6, 0xBDB6, 0xB575,
    0xB575, 0xB575, 0xB575, 0xB554, 0xB554, 0x4A07, 0x4A07, 0x4A07, 0x4A07, 0x41E7, 0x41E7, 0x4A07,
    0x4A07, 0x5269, 0x5269, 0x3985, 0x3985, 0x83CE, 0x83CE, 0xC5F6, 0xC5F6, 0xC5B6, 0xC5B6, 0xC5F6,
    0xC5F6, 0xBDB6, 0xBDB6, 0xBDB6, 0xBDB6, 0xBDB6, 0xBDB6, 0xB554, 0xB554, 0xB595, 0xB595, 0xBDB6,
    0xBDB6, 0xBDB6, 0xBDB6, 0xB595, 0xB595, 0xB575, 0xB595, 0xB554, 0xB554, 0x4A07, 0x4A07, 0x4A07,
    0x4A07, 0x41E7, 0x41E7, 0x4A07, 0x4A07, 0x5269, 0x5269, 0x3985, 0x3985, 0x83CE, 0x83CE, 0xC5F6,
    0xC5F6, 0xC5B6, 0xC5B6, 0xC5F6, 0xC5F6, 0xBDB6, 0xBDB6, 0xBDB6, 0xBDB6, 0xBDB6, 0xBDB6, 0xB554,
    0xB555, 0xB595, 0xB595, 0xB595, 0xB595, 0xB555, 0xB555, 0xB595, 0xB595, 0xB555, 0xB555, 0xB595,
    0xB595, 0xAD34, 0xAD34, 0x7B8D, 0x7B8D, 0x4A07, 0x4A07, 0x41E6, 0x41E6, 0x5269, 0x5269, 0x9471,
    0x9471, 0xC5F6, 0xC5F6, 0xBDB5, 0xBDB5, 0xB554, 0xB554, 0xB554, 0xB554, 0xB554, 0xB554, 0xB575,
    0xB575, 0xAD34, 0xAD34, 0xAD34, 0xB555, 0xBD95, 0xB595, 0xB595, 0xB595, 0xB575, 0xB575, 0xB595,
    0xB595, 0xB555, 0xB555, 0xB595, 0xB595, 0xAD34, 0xAD34, 0x7B8D, 0x7B8D, 0x4A07, 0x4A07, 0x41E6,
    0x41E6, 0x5269, 0x5269, 0x9471, 0x9471, 0xC5F6, 0xC5F6, 0xBDB5, 0xBDB5, 0xB554, 0xB554, 0xB554,
    0xB554, 0xB554, 0xB554, 0xB575, 0xB575, 0xAD34, 0xAD34, 0xAD34, 0xAD33, 0xACF3, 0xACF3, 0xAD54,
    0xAD54, 0xAD54, 0xAD54, 0xACF3, 0xACF3, 0xAD33, 0xAD33, 0xACF3, 0xACF3, 0xACF3, 0xA4F3, 0x7B8D,
    0x7B8D, 0x5269, 0x5269, 0x5248, 0x5228, 0x83CE, 0x83CE, 0x8C0F, 0x8C0F, 0x9450, 0x9450, 0xA4D2,
    0xA4D2, 0x9CB2, 0x9CB2, 0xAD13, 0xAD13, 0xAD13, 0xAD13, 0xA4F3, 0xA4F3, 0xA4D2, 0xA4F3, 0xA4D2,
    0xAD33, 0xACF3, 0xACF3, 0xB554, 0xAD54, 0xAD54, 0xAD54, 0xACF3, 0xACF3, 0xAD33, 0xAD33, 0xACF3,
    0xACF3, 0xACF3, 0xACF3, 0x736C, 0x5269, 0x20E3, 0x20C2, 0x1040, 0x0820, 0x1061, 0x3144, 0x8BEF,
    0x8C0F, 0x9450, 0x9450, 0xA4D2, 0xA4D2, 0x9CB2, 0x9CB2, 0xAD13, 0xAD13, 0xAD13, 0xAD13, 0xA4F3,
    0xA4F3, 0xA4F3, 0xA4F3, 0xA4F3, 0x9450, 0x9CB2, 0x9CB2, 0x9450, 0x9450, 0x9C91, 0x9C91, 0x9471,
    0x9471, 0x8C30, 0x8C30, 0x9471, 0x9471, 0x83CE, 0x5248, 0x0820, 0x1041, 0x0820, 0x1041, 0x0800,
    0x0820, 0x0800, 0x0800, 0x1061, 0x6AEB, 0x9450, 0x9450, 0x9471, 0x9471, 0x9471, 0x9471, 0x9C91,
    0x9C91, 0x9C91, 0x9C91, 0x9471, 0x9471, 0x9471, 0x9471, 0x9471, 0x9450, 0x9CB2, 0x9CB2, 0x9450,
    0x9450, 0x9C91, 0x9C91, 0x9C91, 0x9C91, 0x8C30, 0x8C30, 0x9C91, 0x9C91, 0x5228, 0x1061, 0x18A2,
    0x0820, 0x0800, 0x0800, 0x0800, 0x0800, 0x0800, 0x0800, 0x0820, 0x20C2, 0x6B2C, 0x9450, 0x9471,
    0x9471, 0x9471, 0x9471, 0x9C91, 0x9C91, 0x9C91, 0x9C91, 0x9471, 0x9471, 0x9471, 0x9471, 0x9471,
    0x9450, 0x9430, 0x9430, 0x8C0F, 0x8C0F, 0x83EE, 0x83EE, 0x83EE, 0x83EE, 0x83EE, 0x83EE, 0x83CE,
    0x6B2B, 0x20C2, 0x20C3, 0x0800, 0x0800, 0x0800, 0x0800, 0x0800, 0x0800, 0x0800, 0x0800, 0x0800,
    0x0800, 0x3124, 0x732C, 0x83AE, 0x83AE, 0x7B8D, 0x7B8D, 0x7B8D, 0x7B8D, 0x7B8D, 0x7B8D, 0x83CE,
    0x83CE, 0x840F, 0x840F, 0x8C0F, 0x9470, 0x9430, 0x9430, 0x8C0F, 0x8C0F, 0x83EE, 0x83EE, 0x83EE,
    0x83CE, 0x7BAE, 0x736D, 0x7B8D, 0x4A28, 0x0820, 0x0820, 0x0800, 0x0800, 0x0800, 0x0800, 0x0800,
    0x0800, 0x0820, 0x0800, 0x0800, 0x0800, 0x0820, 0x5248, 0x83AE, 0x732C, 0x6B2B, 0x7B8D, 0x7B8D,
    0x736D, 0x736D, 0x7B8D, 0x83CE, 0x83CE, 0x840F, 0x840F, 0x8C0F, 0x83EF, 0x83CE, 0x83AE, 0x736D,
    0x7B8D, 0x734C, 0x734C, 0x6B0B, 0x732C, 0x734C, 0x62EA, 0x4A27, 0x20A2, 0x0800, 0x0800, 0x0800,
    0x0800, 0x0800, 0x0800, 0x0800, 0x0800, 0x0800, 0x0800, 0x0800, 0x0800, 0x0800, 0x2924, 0x4A07,
    0x5AA9, 0x62EA, 0x6B0B, 0x734C, 0x734C, 0x6B2C, 0x6B0B, 0x736D, 0x7B8D, 0x83AE, 0x83AE, 0x83CE,
    0x8BEF, 0x83CE, 0x83CE, 0x7B8D, 0x7B6D, 0x736C, 0x736C, 0x734C, 0x6B2B, 0x732C, 0x6B0B, 0x3165,
    0x1061, 0x0800, 0x0800, 0x0800, 0x0800, 0x0800, 0x0800, 0x0800, 0x0800, 0x0800, 0x0800, 0x0800,
    0x0800, 0x0820, 0x3124, 0x5268, 0x62CA, 0x6B0B, 0x734C, 0x734C, 0x736C, 0x732C, 0x732C, 0x7B6D,
    0x7B8D, 0x83AE, 0x83AE, 0x83CE, 0x8BCE, 0x7BAE, 0x7BAE, 0x736C, 0x734C, 0x734C, 0x734C, 0x734C,
    0x734C, 0x734C, 0x734C, 0x5A89, 0x1061, 0x0800, 0x0800, 0x0800, 0x0800, 0x0800, 0x1020, 0x18A1,
    0x1861, 0x0800, 0x0800, 0x0820, 0x0800, 0x0820, 0x20E2, 0x62CA, 0x62EA, 0x734C, 0x734C, 0x736C,
    0x734C, 0x734C, 0x6B0B, 0x734C, 0x734C, 0x736C, 0x736C, 0x7B8D, 0x8BCE, 0x7BAE, 0x7BAE, 0x736D,
    0x736D, 0x6B0B, 0x734C, 0x736C, 0x734C, 0x734C, 0x734C, 0x62EA, 0x5268, 0x1041, 0x0800, 0x0800,
    0x0800, 0x0800, 0x0800, 0x0800, 0x0800, 0x0800, 0x0800, 0x0800, 0x0800, 0x1040, 0x28E3, 0x5248,
    0x6B0B, 0x734C, 0x734C, 0x736C, 0x734C, 0x6B0B, 0x6AEB, 0x734C, 0x734C, 0x736D, 0x736C, 0x7B8D,
    0x83AE, 0x7B6D, 0x7B6D, 0x732B, 0x732B, 0x734C, 0x734C, 0x736C, 0x734C, 0x736C, 0x736C, 0x734C,
    0x5A69, 0x3165, 0x0800, 0x0800, 0x0800, 0x0800, 0x0800, 0x0800, 0x0800, 0x0800, 0x0820, 0x0820,
    0x1881, 0x20A2, 0x5A89, 0x6AEA, 0x736C, 0x736C, 0x736C, 0x732C, 0x6B0B, 0x62EA, 0x62EA, 0x6B0B,
    0x6B0B, 0x734C, 0x734C, 0x734C, 0x83CE, 0x7B6D, 0x7B6D, 0x732B, 0x732B, 0x732B, 0x6B2B, 0x6B0B,
    0x6AEB, 0x6B0B, 0x734C, 0x6B2B, 0x732C, 0x6B2B, 0x3985, 0x0820, 0x0800, 0x0800, 0x0800, 0x0800,
    0x0800, 0x0800, 0x0800, 0x1020, 0x20C3, 0x5247, 0x62CA, 0x734C, 0x736C, 0x734C, 0x6AEA, 0x62EA,
    0x62EA, 0x62EA, 0x62EA, 0x6B0B, 0x6B0B, 0x734C, 0x734C, 0x734C, 0x8C2F, 0x732C, 0x732C, 0x6B0B,
    0x6B0B, 0x6ACA, 0x6ACA, 0x62CA, 0x62CA, 0x6B0A, 0x6B0B, 0x734C, 0x6B2C, 0x6B0B, 0x6B0B, 0x6B0B,
    0x4A07, 0x1061, 0x0800, 0x0800, 0x1041, 0x20A2, 0x41A6, 0x6B0A, 0x734B, 0x734C, 0x734C, 0x732B,
    0x734C, 0x6B0B, 0x6B0B, 0x6B0B, 0x6B0B, 0x62EA, 0x62EA, 0x62CA, 0x62CA, 0x62EA, 0x62EA, 0x6B0B,
    0x9430, 0x734C, 0x734C, 0x730B, 0x6B0B, 0x6AEA, 0x6AEA, 0x62CA, 0x62CA, 0x6B0B, 0x6B0B, 0x6B2C,
    0x6B2C, 0x6B2C, 0x6B2B, 0x6B2B, 0x6B2B, 0x7B4C, 0x734B, 0x62AA, 0x6ACA, 0x730B, 0x732B, 0x7B4C,
    0x7B4C, 0x7B4C, 0x7B4C, 0x732B, 0x732B, 0x6B0B, 0x6B0B, 0x6B0B, 0x6B0B, 0x6AEA, 0x62EA, 0x62EA,
    0x62EA, 0x62EA, 0x62EA, 0x6B0B
};

/* mouth_flat.png - 40x28 */
const uint16_t avatar_mouth_mouth_flat[1120] = {
    0xCDF7, 0xCDF7, 0xCDF7, 0xCDF7, 0xCDF7, 0xCDF7, 0xCDF7, 0xCDF7, 0xCDF7, 0xC5B6, 0xC5B6, 0xBDB6,
    0xBDB6, 0xBDB6, 0xBDB6, 0xC5F6, 0xC5F6, 0xC5F6, 0xC5F6, 0xC5F6, 0xC5F6, 0xC5F6, 0xC5F6, 0xC5F6,
    0xC5F6, 0xC5B6, 0xC5B6, 0xBD95, 0xBD95, 0xC5F6, 0xC5F6, 0xC617, 0xC617, 0xCE37, 0xCE37, 0xCE37,
    0xCE37, 0xCE37, 0xCE37, 0xCE37, 0xCDF7, 0xCDF7, 0xCDF7, 0xCDF7, 0xCDF7, 0xCDF7, 0xCDF7, 0xCDF7,
    0xCDF7, 0xC5B6, 0xC5B6, 0xBDB6, 0xBDB6, 0xBDB6, 0xBDB6, 0xC5F6, 0xC5F6, 0xC5F6, 0xC5F6, 0xC5F6,
    0xC5F6, 0xC5F6, 0xC5F6, 0xC5F6, 0xC5F6, 0xC5B6, 0xC5B6, 0xBD95, 0xBD95, 0xC5F6, 0xC5F6, 0xC617,
    0xC617, 0xCE37, 0xCE37, 0xCE37, 0xCE37, 0xCE37, 0xCE37, 0xCE37, 0xCDF7, 0xCDF7, 0xCDF7, 0xCDF7,
    0xCDF7, 0xCE37, 0xCE37, 0xCDF7, 0xCDF7, 0xBD75, 0xBD75, 0xB575, 0xB575, 0xB554, 0xB554, 0xC5B6,
    0xC5B6, 0xC5F6, 0xC5F6, 0xC5F6, 0xC5F6, 0xC5F6, 0xC5F6, 0xC5F6, 0xC5F6, 0xBD95, 0xBD95, 0xB554,
    0xB554, 0xC5F6, 0xC5F6, 0xCE37, 0xCE37, 0xCE37, 0xCE37, 0xCE37, 0xCE37, 0xCE37, 0xCE37, 0xC617,
    0xCDF7, 0xCDF7, 0xCDF7, 0xCDF7, 0xCDF7, 0xCE37, 0xCE37, 0xCDF7, 0xCDF7, 0xBD75, 0xBD75, 0xB575,
    0xB575, 0xB554, 0xB554, 0xC5B6, 0xC5B6, 0xC5F6, 0xC5F6, 0xC5F6, 0xC5F6, 0xC5F6, 0xC5F6, 0xC5F6,
    0xC5F6, 0xBD95, 0xBD95, 0xB554, 0xB554, 0xC5F6, 0xC5F6, 0xCE37, 0xCE37, 0xCE37, 0xCE37, 0xCE37,
    0xCE37, 0xCE37, 0xCE37, 0xC617, 0xCDD6, 0xCDF7, 0xCDF7, 0xCDF7, 0xCDF7, 0xCE37, 0xCE37, 0xC5F6,
    0xC5F6, 0xB554, 0xB554, 0xB554, 0xB554, 0xB554, 0xB554, 0xAD34, 0xAD34, 0xAD13, 0xAD13, 0xB575,
    0xB575, 0xA4D2, 0xA4D2, 0xB554, 0xB554, 0xA4F2, 0xA4F2, 0xAD33, 0xAD33, 0xCE17, 0xCE17, 0xCE37,
    0xCE37, 0xCE37, 0xCE37, 0xC617, 0xC617, 0xC5F6, 0xC5F6, 0xC5F6, 0xCDD6, 0xCDF7, 0xCDF7, 0xCDF7,
    0xCDF7, 0xCE37, 0xCE37, 0xC5F6, 0xC5F6, 0xB554, 0xB554, 0xB554, 0xB554, 0xB554, 0xB554, 0xAD34,
    0xAD34, 0xAD13, 0xAD13, 0xB575, 0xB575, 0xA4D2, 0xA4D2, 0xB554, 0xB554, 0xA4F2, 0xA4F2, 0xAD33,
    0xAD33, 0xCE17, 0xCE17, 0xCE37, 0xCE37, 0xCE37, 0xCE37, 0xC617, 0xC617, 0xC5F6, 0xC5F6, 0xC5F6,
    0xCDD6, 0xC617, 0xC617, 0xC617, 0xC617, 0xC617, 0xC617, 0xC5F6, 0xC5F6, 0x8C0F, 0x8C0F, 0x6B2C,
    0x6B2C, 0x6B2B, 0x6B2B, 0xAD34, 0xAD34, 0xA4D2, 0xA4D2, 0xA4D2, 0xA4D2, 0xA4D2, 0xA4D2, 0xB554,
    0xB554, 0x8C0F, 0x8C0F, 0x9491, 0x9491, 0xC5F6, 0xC5F6, 0xCE37, 0xCE37, 0xCE37, 0xCE37, 0xC617,
    0xC617, 0xC5F6, 0xC5F6, 0xBDB6, 0xCDD6, 0xC617, 0xC617, 0xC617, 0xC617, 0xC617, 0xC617, 0xC5F6,
    0xC5F6, 0x8C0F, 0x8C0F, 0x6B2C, 0x6B2C, 0x6B2B, 0x6B2B, 0xAD34, 0xAD34, 0xA4D2, 0xA4D2, 0xA4D2,
    0xA4D2, 0xA4D2, 0xA4D2, 0xB554, 0xB554, 0x8C0F, 0x8C0F, 0x9491, 0x9491, 0xC5F6, 0xC5F6, 0xCE37,
    0xCE37, 0xCE37, 0xCE37, 0xC617, 0xC617, 0xC5F6, 0xC5F6, 0xBDB6, 0xC5B6, 0xC5F6, 0xC5F6, 0xC617,
    0xC617, 0xC5F6, 0xC5F6, 0xC5F6, 0xC5F6, 0xBD95, 0xBD95, 0x4A28, 0x4A28, 0x2903, 0x2903, 0x1040,
    0x1040, 0x6B2C, 0x6B2C, 0x8C30, 0x8C30, 0x630B, 0x630B, 0x41C6, 0x41C6, 0x20E2, 0x20E2, 0x6B0B,
    0x6B0B, 0xC617, 0xC617, 0xC617, 0xC617, 0xC617, 0xC617, 0xC5F6, 0xC5F6, 0xBDB6, 0xBDB6, 0xB575,
    0xC5B6, 0xC5F6, 0xC5F6, 0xC617, 0xC617, 0xC5F6, 0xC5F6, 0xC5F6, 0xC5F6, 0xBD95, 0xBD95, 0x4A28,
    0x4A28, 0x2903, 0x2903, 0x1040, 0x1040, 0x6B2C, 0x6B2C, 0x8C30, 0x8C30, 0x630B, 0x630B, 0x41C6,
    0x41C6, 0x20E2, 0x20E2, 0x6B0B, 0x6B0B, 0xC617, 0xC617, 0xC617, 0xC617, 0xC617, 0xC617, 0xC5F6,
    0xC5F6, 0xBDB6, 0xBDB6, 0xB575, 0xB554, 0xB575, 0xB575, 0xBDB6, 0xBDB6, 0xBDB6, 0xBDB6, 0xB575,
    0xB575, 0xB575, 0xB575, 0xB534, 0xB534, 0x41E7, 0x41E7, 0x4A07, 0x4A07, 0x41E7, 0x41E7, 0x4A07,
    0x4A07, 0x5269, 0x5269, 0x3985, 0x3985, 0x83CE, 0x83CE, 0xC5F6, 0xC5F6, 0xC5B6, 0xC5B6, 0xC5F6,
    0xC5F6, 0xBDB6, 0xBDB6, 0xBDB6, 0xBDB6, 0xBDB6, 0xBDB6, 0xB554, 0xB554, 0xB575, 0xB575, 0xBDB6,
    0xBDB6, 0xBDB6, 0xBDB6, 0xB575, 0xB575, 0xB575, 0xB575, 0xB534, 0xB534, 0x41E7, 0x41E7, 0x4A07,
    0x4A07, 0x41E7, 0x41E7, 0x4A07, 0x4A07, 0x5269, 0x5269, 0x3985, 0x3985, 0x83CE, 0x83CE, 0xC5F6,
    0xC5F6, 0xC5B6, 0xC5B6, 0xC5F6, 0xC5F6, 0xBDB6, 0xBDB6, 0xBDB6, 0xBDB6, 0xBDB6, 0xBDB6, 0xB554,
    0xB554, 0xB575, 0xB575, 0xB575, 0xB575, 0xB554, 0xB554, 0xB575, 0xB575, 0xB554, 0xB554, 0xB575,
    0xB575, 0xAD34, 0xAD34, 0x736D, 0x736D, 0x4A07, 0x4A07, 0x41C6, 0x41C6, 0x5268, 0x5268, 0x9450,
    0x9450, 0xC5F6, 0xC5F6, 0xBDB5, 0xBDB5, 0xB554, 0xB554, 0xB554, 0xB554, 0xB554, 0xB554, 0xB575,
    0xB575, 0xAD34, 0xAD34, 0xAD34, 0xB554, 0xB575, 0xB575, 0xB575, 0xB575, 0xB554, 0xB554, 0xB575,
    0xB575, 0xB554, 0xB554, 0xB575, 0xB575, 0xAD34, 0xAD34, 0x736D, 0x736D, 0x4A07, 0x4A07, 0x41C6,
    0x41C6, 0x5268, 0x5268, 0x9450, 0x9450, 0xC5F6, 0xC5F6, 0xBDB5, 0xBDB5, 0xB554, 0xB554, 0xB554,
    0xB554, 0xB554, 0xB554, 0xB575, 0xB575, 0xAD34, 0xAD34, 0xAD34, 0xAD13, 0xA4D2, 0xA4D2, 0xAD34,
    0xAD34, 0xAD34, 0xAD34, 0xA4D2, 0xA4D2, 0xAD13, 0xAD13, 0xA4D2, 0xA4D2, 0xA4D2, 0xA4D2, 0x736D,
    0x736D, 0x5269, 0x5269, 0x5228, 0x5228, 0x7BAE, 0x7BAE, 0x8C0F, 0x8C0F, 0x8C30, 0x8C30, 0x9CB2,
    0x9CB2, 0x9C91, 0x9C91, 0xAD13, 0xAD13, 0xAD13, 0xAD13, 0xA4D2, 0xA4D2, 0xA4D2, 0xA4D2, 0xA4D2,
    0xAD13, 0xA4D2, 0xA4D2, 0xAD34, 0xAD34, 0xAD34, 0xAD34, 0xA4D2, 0xA4D2, 0xAD13, 0xAD13, 0xA4D2,
    0xA4D2, 0xA4D2, 0xA4D2, 0x736D, 0x736D, 0x5269, 0x5269, 0x5228, 0x5228, 0x7BAE, 0x7BAE, 0x8C0F,
    0x8C0F, 0x8C30, 0x8C30, 0x9CB2, 0x9CB2, 0x9C91, 0x9C91, 0xAD13, 0xAD13, 0xAD13, 0xAD13, 0xA4D2,
    0xA4D2, 0xA4D2, 0xA4D2, 0xA4D2, 0x8C30, 0x9491, 0x9491, 0x8C30, 0x8C30, 0x9450, 0x9450, 0x9450,
    0x9450, 0x8C0F, 0x8C0F, 0x9450, 0x9450, 0x7BAE, 0x7BAE, 0x734C, 0x734C, 0x5269, 0x5269, 0x62CA,
    0x62CA, 0x6AEB, 0x6AEB, 0x8C0F, 0x8C0F, 0x8C30, 0x8C30, 0x9450, 0x9450, 0x9450, 0x9450, 0x9471,
    0x9471, 0x9471, 0x9471, 0x9450, 0x9450, 0x9450, 0x9450, 0x9450, 0x8C30, 0x9491, 0x9491, 0x8C30,
    0x8C30, 0x9450, 0x9450, 0x9450, 0x9450, 0x8C0F, 0x8C0F, 0x9450, 0x9450, 0x7BAE, 0x7BAE, 0x734C,
    0x734C, 0x5269, 0x5269, 0x62CA, 0x62CA, 0x6AEB, 0x6AEB, 0x8C0F, 0x8C0F, 0x8C30, 0x8C30, 0x9450,
    0x9450, 0x9450, 0x9450, 0x9471, 0x9471, 0x9471, 0x9471, 0x9450, 0x9450, 0x9450, 0x9450, 0x9450,
    0x8C30, 0x8C0F, 0x8C0F, 0x83EE, 0x83EE, 0x7BAE, 0x7BAE, 0x7BAE, 0x7BAE, 0x7BAE, 0x7BAE, 0x7BAE,
    0x7BAE, 0x7BAE, 0x7BAE, 0x3144, 0x3144, 0x41E6, 0x41E6, 0x1881, 0x1881, 0x41A6, 0x41A6, 0x6B2C,
    0x6B2C, 0x6B2C, 0x6B2C, 0x7B8D, 0x7B8D, 0x736D, 0x736D, 0x736D, 0x736D, 0x736D, 0x736D, 0x7BAE,
    0x7BAE, 0x83EF, 0x83EF, 0x8C0F, 0x8C30, 0x8C0F, 0x8C0F, 0x83EE, 0x83EE, 0x7BAE, 0x7BAE, 0x7BAE,
    0x7BAE, 0x7BAE, 0x7BAE, 0x7BAE, 0x7BAE, 0x7BAE, 0x7BAE, 0x3144, 0x3144, 0x41E6, 0x41E6, 0x1881,
    0x1881, 0x41A6, 0x41A6, 0x6B2C, 0x6B2C, 0x6B2C, 0x6B2C, 0x7B8D, 0x7B8D, 0x736D, 0x736D, 0x736D,
    0x736D, 0x736D, 0x736D, 0x7BAE, 0x7BAE, 0x83EF, 0x83EF, 0x8C0F, 0x7BAE, 0x7B8D, 0x7B8D, 0x736D,
    0x736D, 0x6B2C, 0x6B2C, 0x62CA, 0x62CA, 0x41E6, 0x41E6, 0x39A5, 0x39A5, 0x28E3, 0x28E3, 0x0800,
    0x0800, 0x0800, 0x0800, 0x0800, 0x0800, 0x0800, 0x0800, 0x0800, 0x0800, 0x39A6, 0x39A6, 0x49E7,
    0x49E7, 0x5A89, 0x5A89, 0x5A89, 0x5A89, 0x62CA, 0x62CA, 0x736D, 0x736D, 0x7B8D, 0x7B8D, 0x7BAE,
    0x7BAE, 0x7B8D, 0x7B8D, 0x736D, 0x736D, 0x6B2C, 0x6B2C, 0x62CA, 0x62CA, 0x41E6, 0x41E6, 0x39A5,
    0x39A5, 0x28E3, 0x28E3, 0x0800, 0x0800, 0x0800, 0x0800, 0x0800, 0x0800, 0x0800, 0x0800, 0x0800,
    0x0800, 0x39A6, 0x39A6, 0x49E7, 0x49E7, 0x5A89, 0x5A89, 0x5A89, 0x5A89, 0x62CA, 0x62CA, 0x736D,
    0x736D, 0x7B8D, 0x7B8D, 0x7BAE, 0x7B8D, 0x736D, 0x736D, 0x6B2C, 0x6B2C, 0x62CA, 0x62CA, 0x5248,
    0x5248, 0x3123, 0x3123, 0x28E3, 0x28E3, 0x20C2, 0x20C2, 0x1881, 0x1881, 0x20C2, 0x20C2, 0x20C2,
    0x20C2, 0x1881, 0x1881, 0x20C2, 0x20C2, 0x3123, 0x3123, 0x3985, 0x3985, 0x5268, 0x5268, 0x62CA,
    0x62CA, 0x62CA, 0x62CA, 0x6B2C, 0x6B2C, 0x734C, 0x734C, 0x736D, 0x7B8D, 0x736D, 0x736D, 0x6B2C,
    0x6B2C, 0x62CA, 0x62CA, 0x5248, 0x5248, 0x3123, 0x3123, 0x28E3, 0x28E3, 0x20C2, 0x20C2, 0x1881,
    0x1881, 0x20C2, 0x20C2, 0x20C2, 0x20C2, 0x1881, 0x1881, 0x20C2, 0x20C2, 0x3123, 0x3123, 0x3985,
    0x3985, 0x5268, 0x5268, 0x62CA, 0x62CA, 0x62CA, 0x62CA, 0x6B2C, 0x6B2C, 0x734C, 0x734C, 0x736D,
    0x736D, 0x6B2C, 0x6B2C, 0x6AEA, 0x6AEA, 0x62A9, 0x62A9, 0x5A89, 0x5A89, 0x5A89, 0x5A89, 0x4A07,
    0x4A07, 0x62CA, 0x62CA, 0x41A6, 0x41A6, 0x4A07, 0x4A07, 0x39A5, 0x39A5, 0x4A07, 0x4A07, 0x4A07,
    0x4A07, 0x5268, 0x5268, 0x5268, 0x5268, 0x62A9, 0x62A9, 0x62CA, 0x62CA, 0x62CA, 0x62CA, 0x62CA,
    0x62CA, 0x6B2C, 0x6B2C, 0x6B2C, 0x736D, 0x6B2C, 0x6B2C, 0x6AEA, 0x6AEA, 0x62A9, 0x62A9, 0x5A89,
    0x5A89, 0x5A89, 0x5A89, 0x4A07, 0x4A07, 0x62CA, 0x62CA, 0x41A6, 0x41A6, 0x4A07, 0x4A07, 0x39A5,
    0x39A5, 0x4A07, 0x4A07, 0x4A07, 0x4A07, 0x5268, 0x5268, 0x5268, 0x5268, 0x62A9, 0x62A9, 0x62CA,
    0x62CA, 0x62CA, 0x62CA, 0x62CA, 0x62CA, 0x6B2C, 0x6B2C, 0x6B2C, 0x83CE, 0x62EB, 0x62EB, 0x62CA,
    0x62CA, 0x6289, 0x6289, 0x5A89, 0x5A89, 0x62CA, 0x62CA, 0x62CA, 0x62CA, 0x62CA, 0x62CA, 0x62CA,
    0x62CA, 0x6B0B, 0x6B0B, 0x6AEA, 0x6AEA, 0x6AEA, 0x6AEA, 0x6B0B, 0x6B0B, 0x6B0B, 0x6B0B, 0x6AEA,
    0x6AEA, 0x62CA, 0x62CA, 0x62CA, 0x62CA, 0x62CA, 0x62CA, 0x5AA9, 0x5AA9, 0x5AA9, 0x5AA9, 0x62CA,
    0x83CE, 0x62EB, 0x62EB, 0x62CA, 0x62CA, 0x6289, 0x6289, 0x5A89, 0x5A89, 0x62CA, 0x62CA, 0x62CA,
    0x62CA, 0x62CA, 0x62CA, 0x62CA, 0x62CA, 0x6B0B, 0x6B0B, 0x6AEA, 0x6AEA, 0x6AEA, 0x6AEA, 0x6B0B,
    0x6B0B, 0x6B0B, 0x6B0B, 0x6AEA, 0x6AEA, 0x62CA, 0x62CA, 0x62CA, 0x62CA, 0x62CA, 0x62CA, 0x5AA9,
    0x5AA9, 0x5AA9, 0x5AA9, 0x62CA
};

/* mouth_laugh.png - 40x28 */
const uint16_t avatar_mouth_mouth_laugh[1120] = {
    0xCDF7, 0xCDF7, 0xCDF7, 0xCDF7, 0xCDF7, 0xCDF7, 0xCDF7, 0xCDF7, 0xCDF7, 0xC5B6, 0xC5B6, 0xBDB6,
    0xBDB6, 0xBDB6, 0xBDB6, 0xC5F6, 0xC5F6, 0xC5F6, 0xC5F6, 0xC5F6, 0xC5F6, 0xC5F6, 0xC5F6, 0xC5F6,
    0xC5F6, 0xC5B6, 0xC5B6, 0xBD95, 0xBD95, 0xC5F6, 0xC5F6, 0xC617, 0xC617, 0xCE37, 0xCE37, 0xCE37,
    0xCE37, 0xCE37, 0xCE37, 0xCE37, 0xCDF7, 0xCDF7, 0xCDF7, 0xCDF7, 0xCDF7, 0xCDF7, 0xCDF7, 0xCDF7,
    0xCDF7, 0xC5B6, 0xC5B6, 0xBDB6, 0xBDB6, 0xBDB6, 0xBDB6, 0xC5F6, 0xC5F6, 0xC5F6, 0xC5F6, 0xC5F6,
    0xC5F6, 0xC5F6, 0xC5F6, 0xC5F6, 0xC5F6, 0xC5B6, 0xC5B6, 0xBD95, 0xBD95, 0xC5F6, 0xC5F6, 0xC617,
    0xC617, 0xCE37, 0xCE37, 0xCE37, 0xCE37, 0xCE37, 0xCE37, 0xCE37, 0xCDF7, 0xCDF7, 0xCDF7, 0xCDF7,
    0xCDF7, 0xCE37, 0xCE37, 0xCDF7, 0xCDF7, 0xBD75, 0xBD75, 0xB575, 0xB575, 0xB554, 0xB554, 0xC5B6,
    0xC5B6, 0xC5F6, 0xC5F6, 0xC5F6, 0xC5F6, 0xC5F6, 0xC5F6, 0xC5F6, 0xC5F6, 0xBD95, 0xBD95, 0xB554,
    0xB554, 0xC5F6, 0xC5F6, 0xCE37, 0xCE37, 0xCE37, 0xCE37, 0xCE37, 0xCE37, 0xCE37, 0xCE37, 0xC617,
    0xCDF7, 0xCDF7, 0xCDF7, 0xCDF7, 0xCDF7, 0xCE37, 0xCE37, 0xCDF7, 0xCDF7, 0xBD75, 0xBD75, 0xB575,
    0xB575, 0xB554, 0xB554, 0xC5B6, 0xC5B6, 0xC5F6, 0xC5F6, 0xC5F6, 0xC5F6, 0xC5F6, 0xC5F6, 0xC5F6,
    0xC5F6, 0xBD95, 0xBD95, 0xB554, 0xB554, 0xC5F6, 0xC5F6, 0xCE37, 0xCE37, 0xCE37, 0xCE37, 0xCE37,
    0xCE37, 0xCE37, 0xCE37, 0xC617, 0xCDD6, 0xCDF7, 0xCDF7, 0xCDF7, 0xCDF7, 0xCE37, 0xCE37, 0xC5F6,
    0xC5F6, 0xB554, 0xB554, 0xB554, 0xB554, 0xB554, 0xB554, 0xAD34, 0xAD34, 0xAD13, 0xAD13, 0xB575,
    0xB575, 0xA4D2, 0xA4D2, 0xB554, 0xB554, 0xA4F2, 0xA4F2, 0xAD33, 0xAD33, 0xCE17, 0xCE17, 0xCE37,
    0xCE37, 0xCE37, 0xCE37, 0xC617, 0xC617, 0xC5F6, 0xC5F6, 0xC5F6, 0xCDD6, 0xCDF7, 0xCDF7, 0xCDF7,
    0xCDF7, 0xCE37, 0xCE37, 0xC5F6, 0xC5F6, 0xB554, 0xB554, 0xB554, 0xB554, 0xB554, 0xB554, 0xAD34,
    0xAD34, 0xAD13, 0xAD13, 0xB575, 0xB575, 0xA4D2, 0xA4D2, 0xB554, 0xB554, 0xA4F2, 0xA4F2, 0xAD33,
    0xAD33, 0xCE17, 0xCE17, 0xCE37, 0xCE37, 0xCE37, 0xCE37, 0xC617, 0xC617, 0xC5F6, 0xC5F6, 0xC5F6,
    0xCDD6, 0xC617, 0xC617, 0xC617, 0xC617, 0xC617, 0xC617, 0xC5F6, 0xC5F6, 0x8C0F, 0x8C0F, 0x6B2C,
    0x6B2C, 0x6B2B, 0x6B2B, 0xAD34, 0xAD34, 0xA4D2, 0xA4D2, 0xA4D2, 0xA4D2, 0xA4D2, 0xA4D2, 0xB554,
    0xB554, 0x8C0F, 0x8C0F, 0x9491, 0x9491, 0xC5F6, 0xC5F6, 0xCE37, 0xCE37, 0xCE37, 0xCE37, 0xC617,
    0xC617, 0xC5F6, 0xC5F6, 0xBDB6, 0xCDD6, 0xC617, 0xC617, 0xC617, 0xC617, 0xC617, 0xC617, 0xC5F6,
    0xC5F6, 0x8C0F, 0x8C0F, 0x6B2C, 0x6B2C, 0x6B2B, 0x6B2B, 0xAD34, 0xAD34, 0xA4D2, 0xA4D2, 0xA4D2,
    0xA4D2, 0xA4D2, 0xA4D2, 0xB554, 0xB554, 0x8C0F, 0x8C0F, 0x9491, 0x9491, 0xC5F6, 0xC5F6, 0xCE37,
    0xCE37, 0xCE37, 0xCE37, 0xC617, 0xC617, 0xC5F6, 0xC5F6, 0xBDB6, 0xC5B6, 0xC5F6, 0xC5F6, 0xC617,
    0xC617, 0xC5F6, 0xC5F6, 0xC5F6, 0xC5F6, 0xBD95, 0xBD95, 0x4A28, 0x4A28, 0x2903, 0x2903, 0x1040,
    0x1040, 0x6B2C, 0x6B2C, 0x8C30, 0x8C30, 0x630B, 0x630B, 0x41C6, 0x41C6, 0x20E2, 0x20E2, 0x6B0B,
    0x6B0B, 0xC617, 0xC617, 0xC617, 0xC617, 0xC617, 0xC617, 0xC5F6, 0xC5F6, 0xBDB6, 0xBDB6, 0xB575,
    0xC5B6, 0xC5F6, 0xC5F6, 0xC5F7, 0xBDD6, 0xBDB5, 0xBDB6, 0xC5D6, 0xC5F6, 0xBD95, 0xBD95, 0x4A28,
    0x4A28, 0x2903, 0x2903, 0x1040, 0x1040, 0x6B2C, 0x6B2C, 0x8C30, 0x8C30, 0x630B, 0x630B, 0x41C6,
    0x41C6, 0x20E2, 0x20E2, 0x6B0B, 0x6B0B, 0xC617, 0xC617, 0xC617, 0xC617, 0xCE17, 0xC5F7, 0xC5F6,
    0xC5F6, 0xC5D6, 0xC5D6, 0xB575, 0xB554, 0xB575, 0xB575, 0xB575, 0xB575, 0xBD75, 0xB575, 0xB554,
    0xB554, 0xB575, 0xB575, 0xB534, 0xB534, 0x41E7, 0x41E7, 0x4A07, 0x4A07, 0x41E7, 0x41E7, 0x4A07,
    0x4A07, 0x5269, 0x5269, 0x3985, 0x3985, 0x83CE, 0x83CE, 0xC5F6, 0xC5F6, 0xCE17, 0xCE37, 0xCE17,
    0xCE37, 0xCE37, 0xCE37, 0xCE17, 0xC5F7, 0xC5D6, 0xC5F6, 0xB554, 0xB554, 0xC5F7, 0xCDF7, 0xBD95,
    0xC5D6, 0xCE37, 0xBDB6, 0xBD95, 0xBD95, 0xB575, 0xB595, 0xB554, 0xB534, 0x41E7, 0x41E7, 0x4A07,
    0x4A07, 0x41E7, 0x41E7, 0x4A07, 0x4A07, 0x5269, 0x5269, 0x3985, 0x3985, 0x83CE, 0x83CE, 0xC5F6,
    0xCE17, 0xCE37, 0xCE37, 0xC5F7, 0xCE37, 0xCE37, 0xCE37, 0xCE37, 0xCE17, 0xC5B6, 0xC5D6, 0xB554,
    0xB554, 0xC5F7, 0xBDB6, 0xB554, 0xBD95, 0xBD95, 0xC5D6, 0xBDB5, 0xB575, 0xB574, 0xB575, 0xBD95,
    0xB575, 0xAD34, 0xAD34, 0x736D, 0x736D, 0x4A07, 0x4A07, 0x41C6, 0x41C6, 0x5268, 0x5268, 0x9450,
    0x9450, 0xC5F6, 0xC5F6, 0xCDF7, 0xCE37, 0xCE37, 0xCE37, 0xCE37, 0xCE37, 0xCE37, 0xCE17, 0xC5D6,
    0xAD54, 0xBD75, 0xAD34, 0xAD34, 0xBD75, 0xCE17, 0xBD75, 0xB554, 0xB575, 0xBD95, 0xB575, 0xB575,
    0xB554, 0xB554, 0xB554, 0xB554, 0xBDB6, 0xB554, 0xB554, 0x736D, 0x736D, 0x4A07, 0x4A07, 0x41C6,
    0x41C6, 0x5268, 0x5268, 0x9450, 0xAD13, 0xCE37, 0xC5F7, 0xCE37, 0xCE37, 0xCE37, 0xCE37, 0xCE37,
    0xCE37, 0xCE17, 0xCE37, 0xA4D2, 0x4A28, 0xA4F3, 0xAD13, 0xAD34, 0xB554, 0xCE37, 0xAD13, 0x9CB2,
    0xAD13, 0xB575, 0xBD95, 0xB575, 0xBD75, 0xB554, 0xB554, 0xB554, 0xB575, 0xB575, 0xB554, 0x8C30,
    0x736D, 0x5269, 0x5269, 0x5228, 0x5228, 0x7BAE, 0x5A89, 0xAD34, 0xB575, 0xCE17, 0xCE17, 0xCE37,
    0xCE37, 0xCE17, 0xCE37, 0xCE37, 0xCDF7, 0xC5D6, 0x734D, 0x41E7, 0x7B8D, 0x5269, 0x5ACA, 0xA4D2,
    0xAD33, 0xCE37, 0x62EB, 0x41E7, 0x41C7, 0x4A28, 0x8C30, 0xB595, 0xBD95, 0xBD95, 0xB575, 0xB554,
    0xBD95, 0xB554, 0xB574, 0xAD13, 0x736C, 0x5269, 0x5269, 0x5228, 0x5228, 0x6B2B, 0x6B0B, 0xB554,
    0xB554, 0xBD95, 0xCE17, 0xCE37, 0xCE37, 0xCE37, 0xCE37, 0xCE17, 0x8C50, 0x41E7, 0x41E7, 0x4A48,
    0x5A8A, 0x41E7, 0x7BAE, 0xA4D2, 0x8C30, 0x9491, 0x5249, 0x41C7, 0x41C7, 0x41C7, 0x41E7, 0x4A28,
    0xAD34, 0xB575, 0xBD75, 0xB554, 0xB575, 0xB554, 0xB575, 0x9471, 0x83CE, 0x5269, 0x4A48, 0x5248,
    0x5248, 0x62AA, 0x8C30, 0xAD34, 0xB554, 0xBD95, 0xC5D6, 0xC5F6, 0xC5D6, 0xB554, 0xAD34, 0x5ACB,
    0x4208, 0x41C7, 0x41E7, 0x41E7, 0x4A28, 0x5249, 0xAD13, 0x9450, 0x8C30, 0x83EF, 0x5AAA, 0x2944,
    0x2924, 0x39C7, 0x41C7, 0x39C7, 0x39C7, 0x83EF, 0xBD95, 0xB554, 0xB554, 0xB554, 0xB554, 0x9C91,
    0x6B0B, 0x5269, 0x5269, 0x5269, 0x5269, 0x5A89, 0x7BAE, 0xB534, 0xB554, 0xB554, 0xAD54, 0xB575,
    0xB554, 0x8C30, 0x41E7, 0x4208, 0x5289, 0x5269, 0x39A6, 0x41C7, 0x5269, 0xA513, 0x9C91, 0x9450,
    0x8C30, 0x7B8D, 0x62CA, 0x62CA, 0x39A6, 0x2104, 0x39C7, 0x3186, 0x39C7, 0x4A08, 0x9491, 0x83EF,
    0xC5D6, 0xBD95, 0xB575, 0x9CB2, 0x6B0B, 0x5A89, 0x41C7, 0x5248, 0x4A07, 0x5248, 0x7BAE, 0xB554,
    0xB554, 0xB574, 0xB575, 0xB575, 0x8C0F, 0x62CB, 0x4208, 0x3986, 0x39C7, 0x18A2, 0x39C7, 0x4208,
    0x5249, 0x62CA, 0x83EF, 0x8C0F, 0x83CE, 0x62EB, 0x62CA, 0x5AAA, 0x62CA, 0x5269, 0x20E3, 0x18C3,
    0x1041, 0x1040, 0x4208, 0x4A28, 0x7B8E, 0x7BAE, 0x41E7, 0x736D, 0x83CE, 0x41C7, 0x3986, 0x39A6,
    0x39A6, 0x4A27, 0x736D, 0xA4F3, 0xB554, 0xB575, 0x9CB2, 0x6B2C, 0x39C7, 0x41E7, 0x39C7, 0x3165,
    0x20E3, 0x39C6, 0x5A8A, 0x62CA, 0x62CA, 0x736D, 0x83EF, 0x8C0F, 0x6B0B, 0x62EB, 0x62CA, 0x5AAA,
    0x5AAA, 0x62CA, 0x5269, 0x18A2, 0x18A2, 0x1061, 0x1061, 0x39A6, 0x4208, 0x41E7, 0x39C7, 0x2924,
    0x39A6, 0x1061, 0x0800, 0x0800, 0x0820, 0x1041, 0x4A28, 0x4A08, 0x5A8A, 0x4A48, 0x39A6, 0x39A6,
    0x39A6, 0x3165, 0x2924, 0x2945, 0x41E7, 0x5AAA, 0x62CA, 0x62CA, 0x62CA, 0x6B0B, 0x7B8D, 0x7BAE,
    0x7B8D, 0x6AEB, 0x62CA, 0x62CA, 0x62CA, 0x62CA, 0x62CA, 0x4A28, 0x4A28, 0x20E3, 0x1041, 0x0800,
    0x1882, 0x3165, 0x2904, 0x1882, 0x20E3, 0x1041, 0x0800, 0x0800, 0x0800, 0x0800, 0x0800, 0x1041,
    0x1041, 0x2924, 0x2904, 0x20E3, 0x2924, 0x0820, 0x1041, 0x4A28, 0x62CA, 0x62CA, 0x62CA, 0x5AAA,
    0x734C, 0x7B8D, 0x7B8D, 0x7BAE, 0x7B6D, 0x62CA, 0x62EB, 0x62CA, 0x62CA, 0x62CA, 0x62CA, 0x62CA,
    0x62CA, 0x5248, 0x2103, 0x1041, 0x0800, 0x0820, 0x0820, 0x0820, 0x1881, 0x20C2, 0x20C2, 0x20C2,
    0x20C2, 0x1881, 0x1861, 0x1041, 0x0800, 0x0800, 0x0800, 0x1882, 0x1882, 0x1882, 0x5AAA, 0x62CA,
    0x62CA, 0x5AAA, 0x62CA, 0x62CA, 0x6B0B, 0x734C, 0x734C, 0x736D, 0x7B8D, 0x62CA, 0x62CA, 0x62CA,
    0x62CA, 0x62CA, 0x62CA, 0x62CA, 0x62CA, 0x5AAA, 0x5A89, 0x39C6, 0x1061, 0x0800, 0x1020, 0x0820,
    0x0800, 0x1881, 0x20C2, 0x20C2, 0x1861, 0x0820, 0x0800, 0x0800, 0x0800, 0x1861, 0x1881, 0x20C3,
    0x2924, 0x62CA, 0x5AAA, 0x5A8A, 0x5AAA, 0x62CA, 0x62CA, 0x62CA, 0x6B0B, 0x734C, 0x734C, 0x736D,
    0x736D, 0x62EB, 0x62CA, 0x62CA, 0x62CA, 0x62CA, 0x62CA, 0x62CA, 0x62CA, 0x62CA, 0x62CA, 0x62CA,
    0x5269, 0x3165, 0x1041, 0x3165, 0x18A2, 0x0820, 0x18A2, 0x1041, 0x18A2, 0x1040, 0x1040, 0x2103,
    0x41C6, 0x4207, 0x4A48, 0x5269, 0x62CA, 0x62CA, 0x62CA, 0x62CA, 0x62CA, 0x62CA, 0x62CA, 0x62CA,
    0x62CA, 0x6B2C, 0x6B2C, 0x6B2C, 0x736D, 0x6AEB, 0x62CA, 0x6AEA, 0x6AEA, 0x62CA, 0x62CA, 0x62CA,
    0x62CA, 0x62CA, 0x62CA, 0x62CA, 0x62CA, 0x62CA, 0x5A89, 0x5269, 0x4A28, 0x39A6, 0x5248, 0x5269,
    0x5269, 0x5248, 0x4A28, 0x41E7, 0x4A28, 0x5248, 0x5269, 0x62CA, 0x62CA, 0x62CA, 0x62CA, 0x62CA,
    0x62CA, 0x62CA, 0x62CA, 0x62CA, 0x62CA, 0x6B2C, 0x6B2C, 0x6B2C, 0x83CE, 0x62EB, 0x62CA, 0x62CA,
    0x62CA, 0x6289, 0x6289, 0x62CA, 0x5AAA, 0x62CA, 0x62CA, 0x62CA, 0x62CA, 0x62CA, 0x62CA, 0x62CA,
    0x5AAA, 0x5A89, 0x5A89, 0x5A89, 0x5AAA, 0x5AAA, 0x5AAA, 0x5AAA, 0x5AAA, 0x5A89, 0x5A89, 0x62CA,
    0x62CA, 0x62CA, 0x62CA, 0x62CA, 0x62CA, 0x62CA, 0x62CA, 0x62CA, 0x5AA9, 0x5AA9, 0x5AA9, 0x62CA,
    0x83CE, 0x62EB, 0x62EB, 0x62CA, 0x62CA, 0x6289, 0x6289, 0x5A89, 0x62CA, 0x62CA, 0x5248, 0x62CA,
    0x62CA, 0x62CA, 0x62CA, 0x62CA, 0x62CA, 0x62CA, 0x62CA, 0x62CA, 0x62EA, 0x6AEA, 0x62CA, 0x62A9,
    0x5AA9, 0x6B0B, 0x6AEB, 0x6AEA, 0x5A89, 0x62CA, 0x62CA, 0x62CA, 0x62CA, 0x62CA, 0x62CA, 0x62CA,
    0x5AA9, 0x5AA9, 0x5AA9, 0x62CA
};

/* mouth_reserve_arch.png - 40x28 */
const uint16_t avatar_mouth_mouth_reserve_arch[1120] = {
    0xCDF7, 0xCDF7, 0xCDF7, 0xCDF7, 0xCDF7, 0xCDF7, 0xCDF7, 0xCDF7, 0xCDF7, 0xC5B6, 0xC5B6, 0xBDB6,
    0xBDB6, 0xBDB6, 0xBDB6, 0xC5F6, 0xC5F6, 0xC5F6, 0xC5F6, 0xC5F6, 0xC5F6, 0xC5F6, 0xC5F6, 0xC5F6,
    0xC5F6, 0xC5B6, 0xC5B6, 0xBD95, 0xBD95, 0xC5F6, 0xC5F6, 0xC617, 0xC617, 0xCE37, 0xCE37, 0xCE37,
    0xCE37, 0xCE37, 0xCE37, 0xCE37, 0xCDF7, 0xCDF7, 0xCDF7, 0xCDF7, 0xCDF7, 0xCDF7, 0xCDF7, 0xCDF7,
    0xCDF7, 0xC5B6, 0xC5B6, 0xBDB6, 0xBDB6, 0xBDB6, 0xBDB6, 0xC5F6, 0xC5F6, 0xC5F6, 0xC5F6, 0xC5F6,
    0xC5F6, 0xC5F6, 0xC5F6, 0xC5F6, 0xC5F6, 0xC5B6, 0xC5B6, 0xBD95, 0xBD95, 0xC5F6, 0xC5F6, 0xC617,
    0xC617, 0xCE37, 0xCE37, 0xCE37, 0xCE37, 0xCE37, 0xCE37, 0xCE37, 0xCDF7, 0xCDF7, 0xCDF7, 0xCDF7,
    0xCDF7, 0xCE37, 0xCE37, 0xCDF7, 0xCDF7, 0xBD75, 0xBD75, 0xB575, 0xB575, 0xB554, 0xB554, 0xC5B6,
    0xC5B6, 0xC5F6, 0xC5F6, 0xC5F6, 0xC5F6, 0xC5F6, 0xC5F6, 0xC5F6, 0xC5F6, 0xBD95, 0xBD95, 0xB554,
    0xB554, 0xC5F6, 0xC5F6, 0xCE37, 0xCE37, 0xCE37, 0xCE37, 0xCE37, 0xCE37, 0xCE37, 0xCE37, 0xC617,
    0xCDF7, 0xCDF7, 0xCDF7, 0xCDF7, 0xCDF7, 0xCE37, 0xCE37, 0xCDF7, 0xCDF7, 0xBD75, 0xBD75, 0xB575,
    0xB575, 0xB554, 0xB554, 0xC5B6, 0xC5B6, 0xC5F6, 0xC5F6, 0xC5F6, 0xC5F6, 0xC5F6, 0xC5F6, 0xC5F6,
    0xC5F6, 0xBD95, 0xBD95, 0xB554, 0xB554, 0xC5F6, 0xC5F6, 0xCE37, 0xCE37, 0xCE37, 0xCE37, 0xCE37,
    0xCE37, 0xCE37, 0xCE37, 0xC617, 0xCDD6, 0xCDF7, 0xCDF7, 0xCDF7, 0xCDF7, 0xCE37, 0xCE37, 0xC5F6,
    0xC5F6, 0xB554, 0xB554, 0xB554, 0xB554, 0xB554, 0xB554, 0xAD34, 0xAD34, 0xAD13, 0xAD13, 0xB575,
    0xB575, 0xA4D2, 0xA4D2, 0xB554, 0xB554, 0xA4F2, 0xA4F2, 0xAD33, 0xAD33, 0xCE17, 0xCE17, 0xCE37,
    0xCE37, 0xCE37, 0xCE37, 0xC617, 0xC617, 0xC5F6, 0xC5F6, 0xC5F6, 0xCDD6, 0xCDF7, 0xCDF7, 0xCDF7,
    0xCDF7, 0xCE37, 0xCE37, 0xC5F6, 0xC5F6, 0xB554, 0xB554, 0xB554, 0xB554, 0xB554, 0xB554, 0xAD34,
    0xAD34, 0xAD13, 0xAD13, 0xB575, 0xB575, 0xA4D2, 0xA4D2, 0xB554, 0xB554, 0xA4F2, 0xA4F2, 0xAD33,
    0xAD33, 0xCE17, 0xCE17, 0xCE37, 0xCE37, 0xCE37, 0xCE37, 0xC617, 0xC617, 0xC5F6, 0xC5F6, 0xC5F6,
    0xCDD6, 0xC617, 0xC617, 0xC617, 0xC617, 0xC617, 0xC617, 0xC5F6, 0xC5F6, 0x8C0F, 0x8C0F, 0x6B2C,
    0x6B2C, 0x6B2B, 0x6B2B, 0xAD34, 0xAD34, 0xA4D2, 0xA4D2, 0xA4D2, 0xA4D2, 0xA4D2, 0xA4D2, 0xB554,
    0xB554, 0x8C0F, 0x8C0F, 0x9491, 0x9491, 0xC5F6, 0xC5F6, 0xCE37, 0xCE37, 0xCE37, 0xCE37, 0xC617,
    0xC617, 0xC5F6, 0xC5F6, 0xBDB6, 0xCDD6, 0xC617, 0xC617, 0xC617, 0xC617, 0xC617, 0xC617, 0xC5F6,
    0xC5F6, 0x8C0F, 0x8C0F, 0x6B2C, 0x6B2C, 0x6B2B, 0x6B2B, 0xAD34, 0xAD34, 0xA4D2, 0xA4D2, 0xA4D2,
    0xA4D2, 0xA4D2, 0xA4D2, 0xB554, 0xB554, 0x8C0F, 0x8C0F, 0x9491, 0x9491, 0xC5F6, 0xC5F6, 0xCE37,
    0xCE37, 0xCE37, 0xCE37, 0xC617, 0xC617, 0xC5F6, 0xC5F6, 0xBDB6, 0xC5B6, 0xC5F6, 0xC5F6, 0xC617,
    0xC617, 0xC5F6, 0xC5F6, 0xC5F6, 0xC5F6, 0xBD95, 0xBD95, 0x4A28, 0x4A28, 0x2903, 0x2903, 0x1040,
    0x1040, 0x6B2C, 0x6B2C, 0x8C30, 0x8C30, 0x630B, 0x630B, 0x41C6, 0x41C6, 0x20E2, 0x20E2, 0x6B0B,
    0x6B0B, 0xC617, 0xC617, 0xC617, 0xC617, 0xC617, 0xC617, 0xC5F6, 0xC5F6, 0xBDB6, 0xBDB6, 0xB575,
    0xC5B6, 0xC5F6, 0xC5F6, 0xC617, 0xC617, 0xC5F6, 0xC5F6, 0xC5F6, 0xC5F6, 0xBD95, 0xBD95, 0x4A28,
    0x4A28, 0x2903, 0x2903, 0x1040, 0x1040, 0x6B2C, 0x6B2C, 0x8C30, 0x8C30, 0x630B, 0x630B, 0x41C6,
    0x41C6, 0x20E2, 0x20E2, 0x6B0B, 0x6B0B, 0xC617, 0xC617, 0xC617, 0xC617, 0xC617, 0xC617, 0xC5F6,
    0xC5F6, 0xBDB6, 0xBDB6, 0xB575, 0xB554, 0xB575, 0xB575, 0xBDB6, 0xBDB6, 0xBDB6, 0xBDB6, 0xB575,
    0xB575, 0xB575, 0xB575, 0xB534, 0xB534, 0x41E7, 0x41E7, 0x4A07, 0x4A07, 0x41E7, 0x41E7, 0x4A07,
    0x4A07, 0x5269, 0x5269, 0x3985, 0x3985, 0x83CE, 0x83CE, 0xC5F6, 0xC5F6, 0xC5B6, 0xC5B6, 0xC5F6,
    0xC5F6, 0xBDB6, 0xBDB6, 0xBDB6, 0xBDB6, 0xBDB6, 0xBDB6, 0xB554, 0xB554, 0xB575, 0xB575, 0xBDB6,
    0xBDB6, 0xBDB6, 0xBDB6, 0xB575, 0xB575, 0xB575, 0xB575, 0xB534, 0xB534, 0x41E7, 0x41E7, 0x4A07,
    0x4A07, 0x41E7, 0x41E7, 0x4A07, 0x4A07, 0x5269, 0x5269, 0x3985, 0x3985, 0x83CE, 0x83CE, 0xC5F6,
    0xC5F6, 0xC5B6, 0xC5B6, 0xC5F6, 0xC5F6, 0xBDB6, 0xBDB6, 0xBDB6, 0xBDB6, 0xBDB6, 0xBDB6, 0xB554,
    0xB554, 0xB575, 0xB575, 0xB575, 0xB575, 0xB554, 0xB554, 0xB575, 0xB575, 0xB554, 0xB554, 0xB575,
    0xB575, 0xAD34, 0xAD34, 0x736D, 0x736D, 0x4A07, 0x4A07, 0x41C6, 0x41C6, 0x5268, 0x5268, 0x9450,
    0x9450, 0xC5F6, 0xC5F6, 0xBDB5, 0xBDB5, 0xB554, 0xB554, 0xB554, 0xB554, 0xB554, 0xB554, 0xB575,
    0xB575, 0xAD34, 0xAD34, 0xAD34, 0xB554, 0xB575, 0xB575, 0xB575, 0xB575, 0xB554, 0xB554, 0xB575,
    0xB575, 0xB554, 0xB554, 0xB575, 0xB575, 0xAD34, 0xAD34, 0x736D, 0x736D, 0x4A07, 0x4A07, 0x41C6,
    0x41C6, 0x5268, 0x5268, 0x9450, 0x9450, 0xC5F6, 0xC5F6, 0xBDB5, 0xBDB5, 0xB554, 0xB554, 0xB554,
    0xB554, 0xB554, 0xB554, 0xB575, 0xB575, 0xAD34, 0xAD34, 0xAD34, 0xAD13, 0xA4D2, 0xA4D2, 0xAD34,
    0xAD34, 0xAD34, 0xAD34, 0xA4D2, 0xA4D2, 0xAD13, 0xAD13, 0xA4D2, 0xA4D2, 0xA4D2, 0xA4D2, 0x736D,
    0x736D, 0x5269, 0x5269, 0x5228, 0x5228, 0x7BAE, 0x7BAE, 0x8C0F, 0x8C0F, 0x8C30, 0x8C30, 0x9CB2,
    0x9CB2, 0x9C91, 0x9C91, 0xAD13, 0xAD13, 0xAD13, 0xAD13, 0xA4D2, 0xA4D2, 0xA4D2, 0xA4D2, 0xA4D2,
    0xAD13, 0xA4D2, 0xA4D2, 0xAD34, 0xAD34, 0xAD34, 0xAD34, 0xA4D2, 0xA4D2, 0xAD13, 0xAD13, 0xA4D2,
    0xA4D2, 0xA4D2, 0xA4D2, 0x736D, 0x736D, 0x5269, 0x5269, 0x5228, 0x5228, 0x7BAE, 0x7BAE, 0x8C0F,
    0x8C0F, 0x8C30, 0x8C30, 0x9CB2, 0x9CB2, 0x9C91, 0x9C91, 0xAD13, 0xAD13, 0xAD13, 0xAD13, 0xA4D2,
    0xA4D2, 0xA4D2, 0xA4D2, 0xA4D2, 0x8C30, 0x9491, 0x9491, 0x8C30, 0x8C30, 0x9450, 0x9450, 0x9450,
    0x9450, 0x8C0F, 0x8C0F, 0x9450, 0x9450, 0x7BAE, 0x7BAE, 0x734C, 0x6B0B, 0x3985, 0x3164, 0x62CA,
    0x62CA, 0x6AEA, 0x6AEB, 0x8C0F, 0x8C0F, 0x8C30, 0x8C30, 0x9450, 0x9450, 0x9450, 0x9450, 0x9471,
    0x9471, 0x9471, 0x9471, 0x9450, 0x9450, 0x9450, 0x9450, 0x9450, 0x8C30, 0x9491, 0x9491, 0x8C30,
    0x8C30, 0x9450, 0x9450, 0x9450, 0x9450, 0x8C0F, 0x8C0F, 0x9450, 0x9450, 0x736D, 0x62EB, 0x41E7,
    0x3144, 0x3985, 0x39A6, 0x49E7, 0x49E7, 0x4A07, 0x5248, 0x83AE, 0x8C0F, 0x8C30, 0x8C30, 0x9450,
    0x9450, 0x9450, 0x9450, 0x9471, 0x9471, 0x9471, 0x9471, 0x9450, 0x9450, 0x9450, 0x9450, 0x9450,
    0x8C30, 0x8C0F, 0x8C0F, 0x83EE, 0x83EE, 0x7BAE, 0x7BAE, 0x7BAE, 0x7BAD, 0x6B2C, 0x6B0B, 0x6B0B,
    0x62EA, 0x3985, 0x2923, 0x2903, 0x2923, 0x2923, 0x2923, 0x2923, 0x2923, 0x2923, 0x2923, 0x3144,
    0x3965, 0x4A07, 0x5A89, 0x6B0B, 0x6AEB, 0x6B2C, 0x736D, 0x736D, 0x736D, 0x736D, 0x736D, 0x7BAE,
    0x7BAE, 0x83EF, 0x83EF, 0x8C0F, 0x8C30, 0x8C0F, 0x8C0F, 0x83EE, 0x83EE, 0x7BAE, 0x7BAE, 0x7BAE,
    0x62CA, 0x5AAA, 0x5248, 0x2924, 0x20E2, 0x2903, 0x3144, 0x3985, 0x41C6, 0x4A07, 0x4A07, 0x4A07,
    0x4A27, 0x4A07, 0x41E7, 0x3985, 0x2923, 0x2903, 0x3144, 0x3985, 0x49E7, 0x5AA9, 0x736D, 0x736D,
    0x736D, 0x736D, 0x736D, 0x7BAE, 0x7BAE, 0x83EF, 0x83EF, 0x8C0F, 0x7BAE, 0x7B8D, 0x7B8D, 0x736D,
    0x736D, 0x6B2C, 0x6B2C, 0x5AAA, 0x5248, 0x3965, 0x2903, 0x2903, 0x41C6, 0x5A69, 0x5A89, 0x5A89,
    0x5A89, 0x5A89, 0x5A89, 0x5A69, 0x5269, 0x5A89, 0x5A89, 0x5A89, 0x5A89, 0x5248, 0x39A6, 0x3144,
    0x3164, 0x3144, 0x41C6, 0x5A69, 0x5A89, 0x62CA, 0x62CA, 0x736D, 0x736D, 0x7B8D, 0x7B8D, 0x7BAE,
    0x7BAE, 0x7B8D, 0x7B8D, 0x736D, 0x736D, 0x6B2C, 0x6B0B, 0x5248, 0x3144, 0x2903, 0x2923, 0x5248,
    0x5A89, 0x5A89, 0x5A89, 0x5A89, 0x5A89, 0x5A89, 0x5A89, 0x5269, 0x5A69, 0x5A89, 0x5A89, 0x5A69,
    0x5269, 0x5A89, 0x5A89, 0x5248, 0x39A5, 0x3164, 0x3144, 0x3144, 0x41E7, 0x62CA, 0x62CA, 0x736D,
    0x736D, 0x7B8D, 0x7B8D, 0x7BAE, 0x7B8D, 0x736D, 0x736D, 0x6B2C, 0x6B2C, 0x62CA, 0x5AA9, 0x2903,
    0x2923, 0x3144, 0x5A69, 0x5A89, 0x5A89, 0x5A89, 0x5269, 0x5A69, 0x5A89, 0x5A89, 0x5A89, 0x5A89,
    0x5A89, 0x5A89, 0x5A89, 0x5A89, 0x5A89, 0x5A89, 0x5A89, 0x5A89, 0x5269, 0x5248, 0x3985, 0x2923,
    0x2923, 0x5269, 0x62CA, 0x6B2C, 0x6B2C, 0x734C, 0x734C, 0x736D, 0x7B8D, 0x736D, 0x736D, 0x6B2C,
    0x6B2C, 0x62CA, 0x3164, 0x2903, 0x49E7, 0x49E7, 0x5A89, 0x5A89, 0x5A89, 0x5A89, 0x5A89, 0x5A89,
    0x5A89, 0x5268, 0x5269, 0x5A89, 0x5A89, 0x5A89, 0x5A89, 0x5A89, 0x5A89, 0x5A89, 0x5A89, 0x5A89,
    0x5269, 0x5268, 0x5268, 0x5248, 0x3144, 0x3985, 0x62CA, 0x6B2C, 0x6B2C, 0x734C, 0x734C, 0x736D,
    0x736D, 0x6B2C, 0x6B2C, 0x6AEA, 0x6AEA, 0x62A9, 0x4A07, 0x5248, 0x5A89, 0x5A89, 0x5A89, 0x5A89,
    0x5A89, 0x5A89, 0x5A89, 0x5A89, 0x5A89, 0x5A89, 0x5A89, 0x5A89, 0x5A89, 0x5A89, 0x5A89, 0x5A89,
    0x5A89, 0x5A89, 0x5A89, 0x5A89, 0x5A68, 0x62A9, 0x62A9, 0x62CA, 0x5AA9, 0x5268, 0x62CA, 0x62CA,
    0x62CA, 0x6B2C, 0x6B2C, 0x6B2C, 0x736D, 0x6B2C, 0x6B2C, 0x6AEA, 0x6AEA, 0x62A9, 0x62A9, 0x5A89,
    0x5A89, 0x5A89, 0x5A89, 0x5A89, 0x5A89, 0x5A89, 0x5A89, 0x5269, 0x5A89, 0x5A89, 0x5A89, 0x5A69,
    0x5A89, 0x5A89, 0x5A89, 0x5A89, 0x5A69, 0x5268, 0x5268, 0x5268, 0x5268, 0x62A9, 0x62A9, 0x62CA,
    0x62CA, 0x62CA, 0x62CA, 0x62CA, 0x62CA, 0x6B2C, 0x6B2C, 0x6B2C, 0x83CE, 0x62EB, 0x62EB, 0x62CA,
    0x62CA, 0x6289, 0x6289, 0x5A89, 0x5A89, 0x62CA, 0x62CA, 0x62CA, 0x62CA, 0x5AAA, 0x5AAA, 0x62CA,
    0x62CA, 0x6AEA, 0x6B0A, 0x6AEA, 0x6AEA, 0x62AA, 0x62CA, 0x62CA, 0x6AEA, 0x6B0B, 0x6B0B, 0x6AEA,
    0x6AEA, 0x62CA, 0x62CA, 0x62CA, 0x62CA, 0x62CA, 0x62CA, 0x5AA9, 0x5AA9, 0x5AA9, 0x5AA9, 0x62CA,
    0x83CE, 0x62EB, 0x62EB, 0x62CA, 0x62CA, 0x6289, 0x6289, 0x5A89, 0x5A89, 0x62CA, 0x62CA, 0x62CA,
    0x62CA, 0x62CA, 0x62CA, 0x62CA, 0x62CA, 0x6B0B, 0x6B0B, 0x6AEA, 0x6AEA, 0x6AEA, 0x6AEA, 0x6B0B,
    0x6B0B, 0x6B0B, 0x6B0B, 0x6AEA, 0x6AEA, 0x62CA, 0x62CA, 0x62CA, 0x62CA, 0x62CA, 0x62CA, 0x5AA9,
    0x5AA9, 0x5AA9, 0x5AA9, 0x62CA
};

/* mouth_saw.png - 40x28 */
const uint16_t avatar_mouth_mouth_saw[1120] = {
    0xCDF7, 0xCDF7, 0xCDF7, 0xCDF7, 0xCDF7, 0xCDF7, 0xCDF7, 0xCDF7, 0xCDF7, 0xC5B6, 0xC5B6, 0xBDB6,
    0xBDB6, 0xBDB6, 0xBDB6, 0xC5F6, 0xC5F6, 0xC5F6, 0xC5F6, 0xC5F6, 0xC5F6, 0xC5F6, 0xC5F6, 0xC5F6,
    0xC5F6, 0xC5B6, 0xC5B6, 0xBD95, 0xBD95, 0xC5F6, 0xC5F6, 0xC617, 0xC617, 0xCE37, 0xCE37, 0xCE37,
    0xCE37, 0xCE37, 0xCE37, 0xCE37, 0xCDF7, 0xCDF7, 0xCDF7, 0xCDF7, 0xCDF7, 0xCDF7, 0xCDF7, 0xCDF7,
    0xCDF7, 0xC5B6, 0xC5B6, 0xBDB6, 0xBDB6, 0xBDB6, 0xBDB6, 0xC5F6, 0xC5F6, 0xC5F6, 0xC5F6, 0xC5F6,
    0xC5F6, 0xC5F6, 0xC5F6, 0xC5F6, 0xC5F6, 0xC5B6, 0xC5B6, 0xBD95, 0xBD95, 0xC5F6, 0xC5F6, 0xC617,
    0xC617, 0xCE37, 0xCE37, 0xCE37, 0xCE37, 0xCE37, 0xCE37, 0xCE37, 0xCDF7, 0xCDF7, 0xCDF7, 0xCDF7,
    0xCDF7, 0xCE37, 0xCE37, 0xCDF7, 0xCDF7, 0xBD75, 0xBD75, 0xB575, 0xB575, 0xB554, 0xB554, 0xC5B6,
    0xC5B6, 0xC5F6, 0xC5F6, 0xC5F6, 0xC5F6, 0xC5F6, 0xC5F6, 0xC5F6, 0xC5F6, 0xBD95, 0xBD95, 0xB554,
    0xB554, 0xC5F6, 0xC5F6, 0xCE37, 0xCE37, 0xCE37, 0xCE37, 0xCE37, 0xCE37, 0xCE37, 0xCE37, 0xC617,
    0xCDF7, 0xCDF7, 0xCDF7, 0xCDF7, 0xCDF7, 0xCE37, 0xCE37, 0xCDF7, 0xCDF7, 0xBD75, 0xBD75, 0xB575,
    0xB575, 0xB554, 0xB554, 0xC5B6, 0xC5B6, 0xC5F6, 0xC5F6, 0xC5F6, 0xC5F6, 0xC5F6, 0xC5F6, 0xC5F6,
    0xC5F6, 0xBD95, 0xBD95, 0xB554, 0xB554, 0xC5F6, 0xC5F6, 0xCE37, 0xCE37, 0xCE37, 0xCE37, 0xCE37,
    0xCE37, 0xCE37, 0xCE37, 0xC617, 0xCDD6, 0xCDF7, 0xCDF7, 0xCDF7, 0xCDF7, 0xCE37, 0xCE37, 0xC5F6,
    0xC5F6, 0xB554, 0xB554, 0xB554, 0xB554, 0xB554, 0xB554, 0xAD34, 0xAD34, 0xAD13, 0xAD13, 0xB575,
    0xB575, 0xA4D2, 0xA4D2, 0xB554, 0xB554, 0xA4F2, 0xA4F2, 0xAD33, 0xAD33, 0xCE17, 0xCE17, 0xCE37,
    0xCE37, 0xCE37, 0xCE37, 0xC617, 0xC617, 0xC5F6, 0xC5F6, 0xC5F6, 0xCDD6, 0xCDF7, 0xCDF7, 0xCDF7,
    0xCDF7, 0xCE37, 0xCE37, 0xC5F6, 0xC5F6, 0xB554, 0xB554, 0xB554, 0xB554, 0xB554, 0xB554, 0xAD34,
    0xAD34, 0xAD13, 0xAD13, 0xB575, 0xB575, 0xA4D2, 0xA4D2, 0xB554, 0xB554, 0xA4F2, 0xA4F2, 0xAD33,
    0xAD33, 0xCE17, 0xCE17, 0xCE37, 0xCE37, 0xCE37, 0xCE37, 0xC617, 0xC617, 0xC5F6, 0xC5F6, 0xC5F6,
    0xCDD6, 0xC617, 0xC617, 0xC617, 0xC617, 0xC617, 0xC617, 0xC5F6, 0xC5F6, 0x8C0F, 0x8C0F, 0x6B2C,
    0x6B2C, 0x6B2B, 0x6B2B, 0xAD34, 0xAD34, 0xA4D2, 0xA4D2, 0xA4D2, 0xA4D2, 0xA4D2, 0xA4D2, 0xB554,
    0xB554, 0x8C0F, 0x8C0F, 0x9491, 0x9491, 0xC5F6, 0xC5F6, 0xCE37, 0xCE37, 0xCE37, 0xCE37, 0xC617,
    0xC617, 0xC5F6, 0xC5F6, 0xBDB6, 0xCDD6, 0xC617, 0xC617, 0xC617, 0xC617, 0xC617, 0xC617, 0xC5F6,
    0xC5F6, 0x8C0F, 0x8C0F, 0x6B2C, 0x6B2C, 0x6B2B, 0x6B2B, 0xAD34, 0xAD34, 0xA4D2, 0xA4D2, 0xA4D2,
    0xA4D2, 0xA4D2, 0xA4D2, 0xB554, 0xB554, 0x8C0F, 0x8C0F, 0x9491, 0x9491, 0xC5F6, 0xC5F6, 0xCE37,
    0xCE37, 0xCE37, 0xCE37, 0xC617, 0xC617, 0xC5F6, 0xC5F6, 0xBDB6, 0xC5B6, 0xC5F6, 0xC5F6, 0xC617,
    0xC617, 0xC5F6, 0xC5F6, 0xC5F6, 0xC5F6, 0xBD95, 0xBD95, 0x4A28, 0x4A28, 0x2903, 0x2903, 0x1040,
    0x1040, 0x6B2C, 0x6B2C, 0x8C30, 0x8C30, 0x630B, 0x630B, 0x41C6, 0x41C6, 0x20E2, 0x20E2, 0x6B0B,
    0x6B0B, 0xC617, 0xC617, 0xC617, 0xC617, 0xC617, 0xC617, 0xC5F6, 0xC5F6, 0xBDB6, 0xBDB6, 0xB575,
    0xC5B6, 0xC5F6, 0xC5F6, 0xC617, 0xC617, 0xC5F6, 0xC5F6, 0xC5F6, 0xC5F6, 0xBD95, 0xBD95, 0x4A28,
    0x4A28, 0x2903, 0x2903, 0x1040, 0x1040, 0x6B2C, 0x6B2C, 0x8C30, 0x8C30, 0x630B, 0x630B, 0x41C6,
    0x41C6, 0x20E2, 0x20E2, 0x6B0B, 0x6B0B, 0xC617, 0xC617, 0xC617, 0xC617, 0xC617, 0xC617, 0xC5F6,
    0xC5F6, 0xBDB6, 0xBDB6, 0xB575, 0xB554, 0xB575, 0xB575, 0xBDB6, 0xBDB6, 0xBDB6, 0xBDB6, 0xB575,
    0xB575, 0xB575, 0xB575, 0xB534, 0xB534, 0x41E7, 0x41E7, 0x4A07, 0x4A07, 0x41E7, 0x41E7, 0x4A07,
    0x4A07, 0x5269, 0x5269, 0x3985, 0x3985, 0x83CE, 0x83CE, 0xC5F6, 0xC5F6, 0xC5B6, 0xC5B6, 0xC5F6,
    0xC5F6, 0xBDB6, 0xBDB6, 0xBDB6, 0xBDB6, 0xBDB6, 0xBDB6, 0xB554, 0xB554, 0xB575, 0xB575, 0xBDB6,
    0xBDB6, 0xBDB6, 0xBDB6, 0xB575, 0xB575, 0xB575, 0xB575, 0xB534, 0xB534, 0x41E7, 0x41E7, 0x4A07,
    0x4A07, 0x41E7, 0x41E7, 0x4A07, 0x4A07, 0x5269, 0x5269, 0x3985, 0x3985, 0x83CE, 0x83CE, 0xC5F6,
    0xC5F6, 0xC5B6, 0xC5B6, 0xC5F6, 0xC5F6, 0xBDB6, 0xBDB6, 0xBDB6, 0xBDB6, 0xBDB6, 0xBDB6, 0xB554,
    0xB554, 0xB575, 0xB575, 0xB575, 0xB575, 0xB554, 0xB554, 0xB575, 0xB575, 0xB554, 0xB554, 0xB575,
    0xB575, 0xAD34, 0xAD34, 0x736D, 0x736D, 0x4A07, 0x4A07, 0x41C6, 0x41C6, 0x5268, 0x5268, 0x9450,
    0x9450, 0xC5F6, 0xC5F6, 0xBDB5, 0xBDB5, 0xB554, 0xB554, 0xB554, 0xB554, 0xB554, 0xB554, 0xB575,
    0xB575, 0xAD34, 0xAD34, 0xAD34, 0xB554, 0xB575, 0xB575, 0xB575, 0xB575, 0xB554, 0xB554, 0xB575,
    0xB575, 0xB554, 0xB554, 0xB575, 0xB575, 0xAD34, 0xAD34, 0x736D, 0x736D, 0x4A07, 0x4A07, 0x41C6,
    0x41C6, 0x5268, 0x5268, 0x9450, 0x9450, 0xC5F6, 0xC5F6, 0xBDB5, 0xBDB5, 0xB554, 0xB554, 0xB554,
    0xB554, 0xB554, 0xB554, 0xB575, 0xB575, 0xAD34, 0xAD34, 0xAD34, 0xAD13, 0xA4D2, 0xA4D2, 0xAD34,
    0xAD34, 0xAD34, 0xAD34, 0xA4D2, 0xA4D2, 0xAD13, 0xAD13, 0xA4D2, 0xA4D2, 0xA4D2, 0xA4D2, 0x736D,
    0x736D, 0x5269, 0x5269, 0x5228, 0x5228, 0x7BAE, 0x7BAE, 0x8C0F, 0x8C0F, 0x8C30, 0x8C30, 0x9CB2,
    0x9CB2, 0x9C91, 0x9C91, 0xAD13, 0xAD13, 0xAD13, 0xAD13, 0xA4D2, 0xA4D2, 0xA4D2, 0xA4D2, 0xA4D2,
    0xAD13, 0xA4D2, 0xA4D2, 0xAD34, 0xAD34, 0xAD34, 0xAD34, 0xA4D2, 0xA4D2, 0xAD13, 0xAD13, 0xA4D2,
    0xA4D2, 0xA4D2, 0xA4D2, 0x736D, 0x736D, 0x5269, 0x5269, 0x5228, 0x5228, 0x7BAE, 0x7BAE, 0x8C0F,
    0x8C0F, 0x8C30, 0x8C30, 0x9CB2, 0x9CB2, 0x9C91, 0x9C91, 0xAD13, 0xAD13, 0xAD13, 0xAD13, 0xA4D2,
    0xA4D2, 0xA4D2, 0xA4D2, 0xA4D2, 0x8C30, 0x9491, 0x9491, 0x8C30, 0x8C30, 0x9450, 0x9450, 0x9450,
    0x9450, 0x8C0F, 0x8C0F, 0x9450, 0x9450, 0x7BAE, 0x7BAE, 0x734C, 0x734C, 0x5269, 0x5269, 0x62CA,
    0x62CA, 0x6AEB, 0x6AEB, 0x8C0F, 0x8C0F, 0x8C30, 0x8C30, 0x9450, 0x9450, 0x9450, 0x9450, 0x9471,
    0x9471, 0x9471, 0x9471, 0x9450, 0x9450, 0x9450, 0x9450, 0x9450, 0x8C30, 0x9491, 0x9491, 0x8C30,
    0x8C30, 0x9450, 0x9450, 0x8C30, 0x734C, 0x736D, 0x7BAE, 0x83CE, 0x83EE, 0x7B8D, 0x7B8D, 0x736D,
    0x736D, 0x6B2C, 0x62EB, 0x6B0B, 0x62EB, 0x6AEB, 0x6AEB, 0x8C0F, 0x8C0F, 0x8C30, 0x8C30, 0x9450,
    0x9450, 0x9450, 0x9450, 0x9471, 0x9471, 0x9471, 0x9471, 0x9450, 0x9450, 0x9450, 0x9450, 0x9450,
    0x8C30, 0x8C0F, 0x8C0F, 0x83EE, 0x7BAD, 0x7BAD, 0x736D, 0x734C, 0x736D, 0x736D, 0x736D, 0x736D,
    0x736D, 0x736D, 0x736D, 0x734C, 0x734C, 0x736D, 0x62CA, 0x3985, 0x39A6, 0x62EB, 0x734C, 0x734C,
    0x732C, 0x6B2C, 0x6B2C, 0x7B8D, 0x7B8D, 0x736D, 0x736D, 0x736D, 0x736D, 0x736D, 0x736D, 0x7BAE,
    0x7BAE, 0x83EF, 0x83EF, 0x8C0F, 0x8C30, 0x8C0F, 0x8C0F, 0x83EE, 0x736D, 0x62EB, 0x39A6, 0x3985,
    0x39A5, 0x4A28, 0x6B0B, 0x736D, 0x736D, 0x736D, 0x736D, 0x736D, 0x736D, 0x5A89, 0x28E3, 0x28E3,
    0x4A28, 0x3165, 0x734C, 0x736D, 0x736D, 0x734C, 0x734C, 0x7B6D, 0x7B6D, 0x736D, 0x734C, 0x6B0B,
    0x62EA, 0x62EA, 0x6B2C, 0x7BAE, 0x7BAE, 0x83EF, 0x83EF, 0x8C0F, 0x7BAE, 0x7B8D, 0x7B8D, 0x736D,
    0x6B2C, 0x3965, 0x39A5, 0x3985, 0x3965, 0x41C6, 0x3985, 0x5248, 0x6B2C, 0x734C, 0x736D, 0x5A69,
    0x41C6, 0x2903, 0x20E2, 0x2903, 0x41C6, 0x3144, 0x62CA, 0x736D, 0x734C, 0x734C, 0x736D, 0x736D,
    0x736D, 0x5269, 0x39A5, 0x3985, 0x3144, 0x2923, 0x3124, 0x5A89, 0x736D, 0x7B8D, 0x7B8D, 0x7BAE,
    0x7BAE, 0x7B8D, 0x7B8D, 0x736D, 0x3985, 0x3144, 0x4A28, 0x736D, 0x62EB, 0x3144, 0x62EA, 0x39A5,
    0x6B2C, 0x736D, 0x5AA9, 0x2923, 0x20E2, 0x2903, 0x5248, 0x734C, 0x62EB, 0x3164, 0x3164, 0x49E7,
    0x6B2C, 0x5AAA, 0x41C6, 0x39A5, 0x5269, 0x3144, 0x39A6, 0x3985, 0x4A07, 0x5A89, 0x39A6, 0x39A5,
    0x734C, 0x7B8D, 0x7B8D, 0x7BAE, 0x7B8D, 0x736D, 0x736D, 0x5AAA, 0x28E3, 0x41C6, 0x736D, 0x736D,
    0x736D, 0x5AA9, 0x39A5, 0x39A6, 0x5248, 0x5A89, 0x2903, 0x2923, 0x2903, 0x62CA, 0x736D, 0x736D,
    0x736D, 0x6B2C, 0x41C6, 0x3985, 0x41E6, 0x3124, 0x4A07, 0x2924, 0x3124, 0x2923, 0x5A89, 0x62EB,
    0x62CA, 0x62CA, 0x62CA, 0x4A07, 0x41C6, 0x6B2B, 0x734C, 0x736D, 0x7B8D, 0x736D, 0x736D, 0x5248,
    0x2903, 0x6B0B, 0x736D, 0x734C, 0x736D, 0x736D, 0x5A89, 0x3144, 0x28E3, 0x2903, 0x2923, 0x3985,
    0x6B0B, 0x736D, 0x736D, 0x734C, 0x734C, 0x736D, 0x6B0B, 0x41C6, 0x2903, 0x28E3, 0x2903, 0x2903,
    0x41E6, 0x6B2C, 0x734C, 0x62CA, 0x62CA, 0x62CA, 0x62CA, 0x6B0B, 0x41E7, 0x41C6, 0x62EA, 0x736D,
    0x736D, 0x6B2C, 0x6B2C, 0x734C, 0x736D, 0x736D, 0x734C, 0x736D, 0x736D, 0x736D, 0x736D, 0x62EB,
    0x41C6, 0x39A5, 0x62EB, 0x736D, 0x736D, 0x736D, 0x736D, 0x736D, 0x736D, 0x736D, 0x736D, 0x736D,
    0x5AAA, 0x41E7, 0x39A5, 0x41C6, 0x62CA, 0x732C, 0x6AEA, 0x62CA, 0x62CA, 0x62CA, 0x62CA, 0x62CA,
    0x62CA, 0x5269, 0x62CA, 0x6B2C, 0x736D, 0x6B2C, 0x6B2C, 0x732C, 0x732C, 0x6B2B, 0x6B0B, 0x6B0B,
    0x734C, 0x734C, 0x736D, 0x734C, 0x6B2C, 0x734C, 0x734C, 0x6B0B, 0x736D, 0x736D, 0x736D, 0x736D,
    0x736D, 0x736D, 0x736D, 0x736D, 0x736D, 0x736D, 0x736D, 0x736D, 0x734C, 0x62A9, 0x62A9, 0x62CA,
    0x62CA, 0x62CA, 0x62CA, 0x62CA, 0x62CA, 0x6B2C, 0x6B2C, 0x6B2C, 0x83CE, 0x62EB, 0x62EB, 0x62CA,
    0x62CA, 0x6289, 0x6289, 0x5A89, 0x62AA, 0x62EA, 0x62EA, 0x6B0B, 0x62EB, 0x62CA, 0x62CA, 0x62EB,
    0x62EB, 0x732B, 0x734C, 0x734C, 0x734C, 0x734C, 0x736D, 0x736D, 0x736D, 0x736D, 0x736C, 0x734C,
    0x6AEA, 0x62CA, 0x62CA, 0x62CA, 0x62CA, 0x62CA, 0x62CA, 0x5AA9, 0x5AA9, 0x5AA9, 0x5AA9, 0x62CA,
    0x83CE, 0x62EB, 0x62EB, 0x62CA, 0x62CA, 0x6289, 0x6289, 0x5A89, 0x5A89, 0x62CA, 0x62CA, 0x62CA,
    0x62CA, 0x62CA, 0x62CA, 0x62CA, 0x62CA, 0x6B0B, 0x6B0B, 0x6B0B, 0x732C, 0x732C, 0x6B0B, 0x6B0B,
    0x6B0B, 0x6B0B, 0x6B0B, 0x6AEA, 0x6AEA, 0x62CA, 0x62CA, 0x62CA, 0x62CA, 0x62CA, 0x62CA, 0x5AA9,
    0x5AA9, 0x5AA9, 0x5AA9, 0x62CA
};

/* mouth_smallO.png - 40x28 */
const uint16_t avatar_mouth_mouth_smallO[1120] = {
    0xCDF7, 0xCDF7, 0xCDF7, 0xCDF7, 0xCDF7, 0xCDF7, 0xCDF7, 0xCDF7, 0xCDF7, 0xC5B6, 0xC5B6, 0xBDB6,
    0xBDB6, 0xBDB6, 0xBDB6, 0xC5F6, 0xC5F6, 0xC5F6, 0xC5F6, 0xC5F6, 0xC5F6, 0xC5F6, 0xC5F6, 0xC5F6,
    0xC5F6, 0xC5B6, 0xC5B6, 0xBD95, 0xBD95, 0xC5F6, 0xC5F6, 0xC617, 0xC617, 0xCE37, 0xCE37, 0xCE37,
    0xCE37, 0xCE37, 0xCE37, 0xCE37, 0xCDF7, 0xCDF7, 0xCDF7, 0xCDF7, 0xCDF7, 0xCDF7, 0xCDF7, 0xCDF7,
    0xCDF7, 0xC5B6, 0xC5B6, 0xBDB6, 0xBDB6, 0xBDB6, 0xBDB6, 0xC5F6, 0xC5F6, 0xC5F6, 0xC5F6, 0xC5F6,
    0xC5F6, 0xC5F6, 0xC5F6, 0xC5F6, 0xC5F6, 0xC5B6, 0xC5B6, 0xBD95, 0xBD95, 0xC5F6, 0xC5F6, 0xC617,
    0xC617, 0xCE37, 0xCE37, 0xCE37, 0xCE37, 0xCE37, 0xCE37, 0xCE37, 0xCDF7, 0xCDF7, 0xCDF7, 0xCDF7,
    0xCDF7, 0xCE37, 0xCE37, 0xCDF7, 0xCDF7, 0xBD75, 0xBD75, 0xB575, 0xB575, 0xB554, 0xB554, 0xC5B6,
    0xC5B6, 0xC5F6, 0xC5F6, 0xC5F6, 0xC5F6, 0xC5F6, 0xC5F6, 0xC5F6, 0xC5F6, 0xBD95, 0xBD95, 0xB554,
    0xB554, 0xC5F6, 0xC5F6, 0xCE37, 0xCE37, 0xCE37, 0xCE37, 0xCE37, 0xCE37, 0xCE37, 0xCE37, 0xC617,
    0xCDF7, 0xCDF7, 0xCDF7, 0xCDF7, 0xCDF7, 0xCE37, 0xCE37, 0xCDF7, 0xCDF7, 0xBD75, 0xBD75, 0xB575,
    0xB575, 0xB554, 0xB554, 0xC5B6, 0xC5B6, 0xC5F6, 0xC5F6, 0xC5F6, 0xC5F6, 0xC5F6, 0xC5F6, 0xC5F6,
    0xC5F6, 0xBD95, 0xBD95, 0xB554, 0xB554, 0xC5F6, 0xC5F6, 0xCE37, 0xCE37, 0xCE37, 0xCE37, 0xCE37,
    0xCE37, 0xCE37, 0xCE37, 0xC617, 0xCDD6, 0xCE17, 0xCDF7, 0xCDF7, 0xCDF7, 0xCE37, 0xCE37, 0xC5F6,
    0xC5F6, 0xB554, 0xB554, 0xB554, 0xB554, 0xB554, 0xB554, 0xAD34, 0xAD34, 0xAD13, 0xAD13, 0xB575,
    0xB575, 0xA4D2, 0xA4D2, 0xB554, 0xB554, 0xA4F2, 0xA4F2, 0xAD33, 0xAD33, 0xCE17, 0xCE17, 0xCE37,
    0xCE37, 0xCE37, 0xCE37, 0xC617, 0xC617, 0xC5F6, 0xC5F6, 0xC5F6, 0xCDD6, 0xCDF7, 0xCDF7, 0xCDF7,
    0xCDF7, 0xCE37, 0xCE37, 0xC5F6, 0xC5F6, 0xB554, 0xB554, 0xB554, 0xB554, 0xB554, 0xB554, 0xAD34,
    0xAD34, 0xAD13, 0xAD13, 0xB575, 0xB575, 0xA4D2, 0xA4D2, 0xB554, 0xB554, 0xA4F2, 0xA4F2, 0xAD33,
    0xAD33, 0xCE17, 0xCE17, 0xCE37, 0xCE37, 0xCE37, 0xCE37, 0xC617, 0xC617, 0xC5F6, 0xC5F6, 0xC5F6,
    0xCDD6, 0xC617, 0xC617, 0xC617, 0xC617, 0xC617, 0xC617, 0xC5F6, 0xC5F6, 0x8C0F, 0x8C0F, 0x6B2C,
    0x6B2C, 0x6B2B, 0x6B2B, 0xAD34, 0xAD34, 0xA4D2, 0xA4D2, 0xA4D2, 0xA4D2, 0xA4D2, 0xA4D2, 0xB554,
    0xB554, 0x8C0F, 0x8C0F, 0x9491, 0x9C91, 0xC5F6, 0xC5F6, 0xCE37, 0xCE37, 0xCE37, 0xCE37, 0xC617,
    0xC617, 0xC5F6, 0xC5F6, 0xBDB6, 0xD5D6, 0xC617, 0xC617, 0xC617, 0xC617, 0xC617, 0xC617, 0xC5F6,
    0xC5F6, 0x8C0F, 0x8C0F, 0x6B2C, 0x6B2C, 0x6B2B, 0x6B2B, 0xAD34, 0xAD34, 0xA4D2, 0xA4D2, 0xA4D2,
    0xA4D2, 0xA4D2, 0xA4D2, 0xB554, 0xB554, 0x8C0F, 0x8C0F, 0x9491, 0x9491, 0xC5F6, 0xC5F6, 0xCE37,
    0xCE37, 0xCE37, 0xCE37, 0xC617, 0xC617, 0xC5F6, 0xC5F6, 0xBDB6, 0xC5B6, 0xC5F6, 0xC5F6, 0xC617,
    0xC617, 0xC5F6, 0xC5F6, 0xC5F6, 0xC5F6, 0xBD95, 0xBD95, 0x4A28, 0x4A28, 0x2903, 0x2903, 0x1040,
    0x1040, 0x732C, 0x732C, 0x8C30, 0x8C30, 0x6B0B, 0x630B, 0x41C6, 0x41C6, 0x20E2, 0x20E2, 0x6B0B,
    0x6B0B, 0xC617, 0xC617, 0xC617, 0xC617, 0xC617, 0xC617, 0xC5F6, 0xC5F6, 0xBDB6, 0xBDB6, 0xB575,
    0xC5B6, 0xC5F6, 0xC5F6, 0xC617, 0xC617, 0xC5F6, 0xC5F6, 0xC5F6, 0xC5F6, 0xBD95, 0xBD95, 0x4A28,
    0x4A28, 0x2903, 0x2903, 0x1040, 0x1040, 0x732C, 0x732C, 0x8C30, 0x8C30, 0x6B0B, 0x6B0B, 0x41C6,
    0x41C6, 0x20E2, 0x20E2, 0x6B0B, 0x6B0B, 0xC617, 0xC617, 0xC617, 0xC617, 0xC617, 0xC617, 0xC5F6,
    0xC5F6, 0xBDB6, 0xBDB6, 0xB575, 0xB554, 0xB595, 0xB595, 0xBDB6, 0xBDB6, 0xBDB6, 0xBDB6, 0xB575,
    0xB575, 0xB575, 0xB575, 0xB554, 0xB554, 0x4A07, 0x4A07, 0x4A07, 0x4A07, 0x41E7, 0x41E7, 0x4A07,
    0x4A07, 0x5269, 0x5269, 0x3985, 0x3985, 0x83CE, 0x83CE, 0xC5F6, 0xC5F6, 0xC5B6, 0xC5B6, 0xC5F6,
    0xC5F6, 0xBDB6, 0xBDB6, 0xBDB6, 0xBDB6, 0xBDB6, 0xBDB6, 0xB554, 0xB554, 0xB595, 0xB595, 0xBDB6,
    0xBDB6, 0xBDB6, 0xBDB6, 0xB595, 0xB595, 0xB575, 0xB595, 0xB554, 0xB554, 0x4A07, 0x4A07, 0x4A07,
    0x4A07, 0x41E7, 0x41E7, 0x4A07, 0x4A07, 0x5269, 0x5269, 0x3985, 0x3985, 0x83CE, 0x83CE, 0xC5F6,
    0xC5F6, 0xC5B6, 0xC5B6, 0xC5F6, 0xC5F6, 0xBDB6, 0xBDB6, 0xBDB6, 0xBDB6, 0xBDB6, 0xBDB6, 0xB554,
    0xB555, 0xB595, 0xB595, 0xB595, 0xB595, 0xB555, 0xB555, 0xB595, 0xB595, 0xB555, 0xB555, 0xB595,
    0xB595, 0xAD34, 0xAD34, 0x7B8D, 0x7B8D, 0x4A07, 0x4A07, 0x41E6, 0x41E6, 0x5269, 0x5269, 0x9471,
    0x9471, 0xC5F6, 0xC5F6, 0xBDB5, 0xBDB5, 0xB554, 0xB554, 0xB554, 0xB554, 0xB554, 0xB554, 0xB575,
    0xB575, 0xAD34, 0xAD34, 0xAD34, 0xB555, 0xBD95, 0xB595, 0xB595, 0xB595, 0xB575, 0xB575, 0xB595,
    0xB595, 0xB555, 0xB555, 0xB595, 0xB595, 0xAD34, 0xAD34, 0x7B8D, 0x7B8D, 0x4A07, 0x4A07, 0x41E6,
    0x41E6, 0x5269, 0x5269, 0x9471, 0x9471, 0xC5F6, 0xC5F6, 0xBDB5, 0xBDB5, 0xB554, 0xB554, 0xB554,
    0xB554, 0xB554, 0xB554, 0xB575, 0xB575, 0xAD34, 0xAD34, 0xAD34, 0xAD33, 0xACF3, 0xACF3, 0xAD54,
    0xAD54, 0xAD54, 0xAD54, 0xACF3, 0xACF3, 0xAD33, 0xAD33, 0xACF3, 0xACF3, 0xACF3, 0xA4F3, 0x7B8D,
    0x7B8D, 0x5269, 0x5269, 0x5248, 0x5228, 0x83CE, 0x83CE, 0x8C0F, 0x8C0F, 0x9450, 0x9450, 0xA4D2,
    0xA4D2, 0x9CB2, 0x9CB2, 0xAD13, 0xAD13, 0xAD13, 0xAD13, 0xA4F3, 0xA4F3, 0xA4D2, 0xA4F3, 0xA4D2,
    0xAD33, 0xACF3, 0xACF3, 0xB554, 0xAD54, 0xAD54, 0xAD54, 0xACF3, 0xACF3, 0xAD33, 0xAD33, 0xACF3,
    0xACF3, 0xACF3, 0xACF3, 0x736C, 0x5269, 0x20E3, 0x20C2, 0x1040, 0x0820, 0x1061, 0x3144, 0x8BEF,
    0x8C0F, 0x9450, 0x9450, 0xA4D2, 0xA4D2, 0x9CB2, 0x9CB2, 0xAD13, 0xAD13, 0xAD13, 0xAD13, 0xA4F3,
    0xA4F3, 0xA4F3, 0xA4F3, 0xA4F3, 0x9450, 0x9CB2, 0x9CB2, 0x9450, 0x9450, 0x9C91, 0x9C91, 0x9471,
    0x9471, 0x8C30, 0x8C30, 0x9471, 0x9471, 0x83CE, 0x5248, 0x0820, 0x1041, 0x0820, 0x1041, 0x0800,
    0x0820, 0x0800, 0x0800, 0x1061, 0x6AEB, 0x9450, 0x9450, 0x9471, 0x9471, 0x9471, 0x9471, 0x9C91,
    0x9C91, 0x9C91, 0x9C91, 0x9471, 0x9471, 0x9471, 0x9471, 0x9471, 0x9450, 0x9CB2, 0x9CB2, 0x9450,
    0x9450, 0x9C91, 0x9C91, 0x9C91, 0x9C91, 0x8C30, 0x8C30, 0x9C91, 0x9C91, 0x5228, 0x1061, 0x18A2,
    0x0820, 0x0800, 0x0800, 0x0800, 0x0800, 0x0800, 0x0800, 0x0820, 0x20C2, 0x6B2C, 0x9450, 0x9471,
    0x9471, 0x9471, 0x9471, 0x9C91, 0x9C91, 0x9C91, 0x9C91, 0x9471, 0x9471, 0x9471, 0x9471, 0x9471,
    0x9450, 0x9430, 0x9430, 0x8C0F, 0x8C0F, 0x83EE, 0x83EE, 0x83EE, 0x83EE, 0x83EE, 0x83EE, 0x83CE,
    0x6B2B, 0x20C2, 0x20C3, 0x0800, 0x0800, 0x0800, 0x0800, 0x0800, 0x0800, 0x0800, 0x0800, 0x0800,
    0x0800, 0x3124, 0x732C, 0x83AE, 0x83AE, 0x7B8D, 0x7B8D, 0x7B8D, 0x7B8D, 0x7B8D, 0x7B8D, 0x83CE,
    0x83CE, 0x840F, 0x840F, 0x8C0F, 0x9470, 0x9430, 0x9430, 0x8C0F, 0x8C0F, 0x83EE, 0x83EE, 0x83EE,
    0x83CE, 0x7BAE, 0x736D, 0x7B8D, 0x4A28, 0x0820, 0x0820, 0x0800, 0x0800, 0x0800, 0x0800, 0x0800,
    0x0800, 0x0820, 0x0800, 0x0800, 0x0800, 0x0820, 0x5248, 0x83AE, 0x732C, 0x6B2B, 0x7B8D, 0x7B8D,
    0x736D, 0x736D, 0x7B8D, 0x83CE, 0x83CE, 0x840F, 0x840F, 0x8C0F, 0x83EF, 0x83CE, 0x83AE, 0x736D,
    0x7B8D, 0x734C, 0x734C, 0x6B0B, 0x732C, 0x734C, 0x62EA, 0x4A27, 0x20A2, 0x0800, 0x0800, 0x0800,
    0x0800, 0x0800, 0x0800, 0x0800, 0x0800, 0x0800, 0x0800, 0x0800, 0x0800, 0x0800, 0x2924, 0x4A07,
    0x5AA9, 0x62EA, 0x6B0B, 0x734C, 0x734C, 0x6B2C, 0x6B0B, 0x736D, 0x7B8D, 0x83AE, 0x83AE, 0x83CE,
    0x8BEF, 0x83CE, 0x83CE, 0x7B8D, 0x7B6D, 0x736C, 0x736C, 0x734C, 0x6B2B, 0x732C, 0x6B0B, 0x3165,
    0x1061, 0x0800, 0x0800, 0x0800, 0x0800, 0x0800, 0x0800, 0x0800, 0x0800, 0x0800, 0x0800, 0x0800,
    0x0800, 0x0820, 0x3124, 0x5268, 0x62CA, 0x6B0B, 0x734C, 0x734C, 0x736C, 0x732C, 0x732C, 0x7B6D,
    0x7B8D, 0x83AE, 0x83AE, 0x83CE, 0x8BCE, 0x7BAE, 0x7BAE, 0x736C, 0x734C, 0x734C, 0x734C, 0x734C,
    0x734C, 0x734C, 0x734C, 0x5A89, 0x1061, 0x0800, 0x0800, 0x0800, 0x0800, 0x0800, 0x1020, 0x18A1,
    0x1861, 0x0800, 0x0800, 0x0820, 0x0800, 0x0820, 0x20E2, 0x62CA, 0x62EA, 0x734C, 0x734C, 0x736C,
    0x734C, 0x734C, 0x6B0B, 0x734C, 0x734C, 0x736C, 0x736C, 0x7B8D, 0x8BCE, 0x7BAE, 0x7BAE, 0x736D,
    0x736D, 0x6B0B, 0x734C, 0x736C, 0x734C, 0x734C, 0x734C, 0x62EA, 0x5268, 0x1041, 0x0800, 0x0800,
    0x0800, 0x0800, 0x0800, 0x0800, 0x0800, 0x0800, 0x0800, 0x0800, 0x0800, 0x1040, 0x28E3, 0x5248,
    0x6B0B, 0x734C, 0x734C, 0x736C, 0x734C, 0x6B0B, 0x6AEB, 0x734C, 0x734C, 0x736D, 0x736C, 0x7B8D,
    0x83AE, 0x7B6D, 0x7B6D, 0x732B, 0x732B, 0x734C, 0x734C, 0x736C, 0x734C, 0x736C, 0x736C, 0x734C,
    0x5A69, 0x3165, 0x0800, 0x0800, 0x0800, 0x0800, 0x0800, 0x0800, 0x0800, 0x0800, 0x0820, 0x0820,
    0x1881, 0x20A2, 0x5A89, 0x6AEA, 0x736C, 0x736C, 0x736C, 0x732C, 0x6B0B, 0x62EA, 0x62EA, 0x6B0B,
    0x6B0B, 0x734C, 0x734C, 0x734C, 0x83CE, 0x7B6D, 0x7B6D, 0x732B, 0x732B, 0x732B, 0x6B2B, 0x6B0B,
    0x6AEB, 0x6B0B, 0x734C, 0x6B2B, 0x732C, 0x6B2B, 0x3985, 0x0820, 0x0800, 0x0800, 0x0800, 0x0800,
    0x0800, 0x0800, 0x0800, 0x1020, 0x20C3, 0x5247, 0x62CA, 0x734C, 0x736C, 0x734C, 0x6AEA, 0x62EA,
    0x62EA, 0x62EA, 0x62EA, 0x6B0B, 0x6B0B, 0x734C, 0x734C, 0x734C, 0x8C2F, 0x732C, 0x732C, 0x6B0B,
    0x6B0B, 0x6ACA, 0x6ACA, 0x62CA, 0x62CA, 0x6B0A, 0x6B0B, 0x734C, 0x6B2C, 0x6B0B, 0x6B0B, 0x6B0B,
    0x4A07, 0x1061, 0x0800, 0x0800, 0x1041, 0x20A2, 0x41A6, 0x6B0A, 0x734B, 0x734C, 0x734C, 0x732B,
    0x734C, 0x6B0B, 0x6B0B, 0x6B0B, 0x6B0B, 0x62EA, 0x62EA, 0x62CA, 0x62CA, 0x62EA, 0x62EA, 0x6B0B,
    0x9430, 0x734C, 0x734C, 0x730B, 0x6B0B, 0x6AEA, 0x6AEA, 0x62CA, 0x62CA, 0x6B0B, 0x6B0B, 0x6B2C,
    0x6B2C, 0x6B2C, 0x6B2B, 0x6B2B, 0x6B2B, 0x7B4C, 0x734B, 0x62AA, 0x6ACA, 0x730B, 0x732B, 0x7B4C,
    0x7B4C, 0x7B4C, 0x7B4C, 0x732B, 0x732B, 0x6B0B, 0x6B0B, 0x6B0B, 0x6B0B, 0x6AEA, 0x62EA, 0x62EA,
    0x62EA, 0x62EA, 0x62EA, 0x6B0B
};

/* mouth_smile.png - 40x28 */
const uint16_t avatar_mouth_mouth_smile[1120] = {
    0xCDF7, 0xCDF7, 0xCDF7, 0xCDF7, 0xCDF7, 0xCDF7, 0xCDF7, 0xCDF7, 0xCDF7, 0xC5B6, 0xC5B6, 0xBDB6,
    0xBDB6, 0xBDB6, 0xBDB6, 0xC5F6, 0xC5F6, 0xC5F6, 0xC5F6, 0xC5F6, 0xC5F6, 0xC5F6, 0xC5F6, 0xC5F6,
    0xC5F6, 0xC5B6, 0xC5B6, 0xBD95, 0xBD95, 0xC5F6, 0xC5F6, 0xC617, 0xC617, 0xCE37, 0xCE37, 0xCE37,
    0xCE37, 0xCE37, 0xCE37, 0xCE37, 0xCDF7, 0xCDF7, 0xCDF7, 0xCDF7, 0xCDF7, 0xCDF7, 0xCDF7, 0xCDF7,
    0xCDF7, 0xC5B6, 0xC5B6, 0xBDB6, 0xBDB6, 0xBDB6, 0xBDB6, 0xC5F6, 0xC5F6, 0xC5F6, 0xC5F6, 0xC5F6,
    0xC5F6, 0xC5F6, 0xC5F6, 0xC5F6, 0xC5F6, 0xC5B6, 0xC5B6, 0xBD95, 0xBD95, 0xC5F6, 0xC5F6, 0xC617,
    0xC617, 0xCE37, 0xCE37, 0xCE37, 0xCE37, 0xCE37, 0xCE37, 0xCE37, 0xCDF7, 0xCDF7, 0xCDF7, 0xCDF7,
    0xCDF7, 0xCE37, 0xCE37, 0xCDF7, 0xCDF7, 0xBD75, 0xBD75, 0xB575, 0xB575, 0xB554, 0xB554, 0xC5B6,
    0xC5B6, 0xC5F6, 0xC5F6, 0xC5F6, 0xC5F6, 0xC5F6, 0xC5F6, 0xC5F6, 0xC5F6, 0xBD95, 0xBD95, 0xB554,
    0xB554, 0xC5F6, 0xC5F6, 0xCE37, 0xCE37, 0xCE37, 0xCE37, 0xCE37, 0xCE37, 0xCE37, 0xCE37, 0xC617,
    0xCDF7, 0xCDF7, 0xCDF7, 0xCDF7, 0xCDF7, 0xCE37, 0xCE37, 0xCDF7, 0xCDF7, 0xBD75, 0xBD75, 0xB575,
    0xB575, 0xB554, 0xB554, 0xC5B6, 0xC5B6, 0xC5F6, 0xC5F6, 0xC5F6, 0xC5F6, 0xC5F6, 0xC5F6, 0xC5F6,
    0xC5F6, 0xBD95, 0xBD95, 0xB554, 0xB554, 0xC5F6, 0xC5F6, 0xCE37, 0xCE37, 0xCE37, 0xCE37, 0xCE37,
    0xCE37, 0xCE37, 0xCE37, 0xC617, 0xCDD6, 0xCDF7, 0xCDF7, 0xCDF7, 0xCDF7, 0xCE37, 0xCE37, 0xC5F6,
    0xC5F6, 0xB554, 0xB554, 0xB554, 0xB554, 0xB554, 0xB554, 0xAD34, 0xAD34, 0xAD13, 0xAD13, 0xB575,
    0xB575, 0xA4D2, 0xA4D2, 0xB554, 0xB554, 0xA4F2, 0xA4F2, 0xAD33, 0xAD33, 0xCE17, 0xCE17, 0xCE37,
    0xCE37, 0xCE37, 0xCE37, 0xC617, 0xC617, 0xC5F6, 0xC5F6, 0xC5F6, 0xCDD6, 0xCDF7, 0xCDF7, 0xCDF7,
    0xCDF7, 0xCE37, 0xCE37, 0xC5F6, 0xC5F6, 0xB554, 0xB554, 0xB554, 0xB554, 0xB554, 0xB554, 0xAD34,
    0xAD34, 0xAD13, 0xAD13, 0xB575, 0xB575, 0xA4D2, 0xA4D2, 0xB554, 0xB554, 0xA4F2, 0xA4F2, 0xAD33,
    0xAD33, 0xCE17, 0xCE17, 0xCE37, 0xCE37, 0xCE37, 0xCE37, 0xC617, 0xC617, 0xC5F6, 0xC5F6, 0xC5F6,
    0xCDD6, 0xC617, 0xC617, 0xC617, 0xC617, 0xC617, 0xC617, 0xC5F6, 0xC5F6, 0x8C0F, 0x8C0F, 0x6B2C,
    0x6B2C, 0x6B2B, 0x6B2B, 0xAD34, 0xAD34, 0xA4D2, 0xA4D2, 0xA4D2, 0xA4D2, 0xA4D2, 0xA4D2, 0xB554,
    0xB554, 0x8C0F, 0x8C0F, 0x9491, 0x9491, 0xC5F6, 0xC5F6, 0xCE37, 0xCE37, 0xCE37, 0xCE37, 0xC617,
    0xC617, 0xC5F6, 0xC5F6, 0xBDB6, 0xCDD6, 0xC617, 0xC617, 0xC617, 0xC617, 0xC617, 0xC617, 0xC5F6,
    0xC5F6, 0x8C0F, 0x8C0F, 0x6B2C, 0x6B2C, 0x6B2B, 0x6B2B, 0xAD34, 0xAD34, 0xA4D2, 0xA4D2, 0xA4D2,
    0xA4D2, 0xA4D2, 0xA4D2, 0xB554, 0xB554, 0x8C0F, 0x8C0F, 0x9491, 0x9491, 0xC5F6, 0xC5F6, 0xCE37,
    0xCE37, 0xCE37, 0xCE37, 0xC617, 0xC617, 0xC5F6, 0xC5F6, 0xBDB6, 0xC5B6, 0xC5F6, 0xC5F6, 0xC617,
    0xC617, 0xC5F6, 0xC5F6, 0xC5F6, 0xC5F6, 0xBD95, 0xBD95, 0x4A28, 0x4A28, 0x2903, 0x2903, 0x1040,
    0x1040, 0x6B2C, 0x6B2C, 0x8C30, 0x8C30, 0x630B, 0x630B, 0x41C6, 0x41C6, 0x20E2, 0x20E2, 0x6B0B,
    0x6B0B, 0xC617, 0xC617, 0xC617, 0xC617, 0xC617, 0xC617, 0xC5F6, 0xC5F6, 0xBDB6, 0xBDB6, 0xB575,
    0xC5B6, 0xC5F6, 0xC5F6, 0xC617, 0xC617, 0xC5F6, 0xC5F6, 0xC5F6, 0xC5F6, 0xBD95, 0xBD95, 0x4A28,
    0x4A28, 0x2903, 0x2903, 0x1040, 0x1040, 0x6B2C, 0x6B2C, 0x8C30, 0x8C30, 0x630B, 0x630B, 0x41C6,
    0x41C6, 0x20E2, 0x20E2, 0x6B0B, 0x6B0B, 0xC617, 0xC617, 0xC617, 0xC617, 0xC617, 0xC617, 0xC5F6,
    0xC5F6, 0xBDB6, 0xBDB6, 0xB575, 0xB554, 0xB575, 0xB575, 0xBDB6, 0xBDB6, 0xBDB6, 0xBDB6, 0xB575,
    0xB575, 0xB575, 0xB575, 0xB534, 0xB534, 0x41E7, 0x41E7, 0x4A07, 0x4A07, 0x41E7, 0x41E7, 0x4A07,
    0x4A07, 0x5269, 0x5269, 0x3985, 0x3985, 0x83CE, 0x83CE, 0xC5F6, 0xC5F6, 0xC5B6, 0xC5B6, 0xC5F6,
    0xC5F6, 0xBDB6, 0xBDB6, 0xBDB6, 0xBDB6, 0xBDB6, 0xBDB6, 0xB554, 0xB554, 0xB575, 0xB575, 0xBDB6,
    0xBDB6, 0xBDB6, 0xBDB6, 0xB575, 0xB575, 0xB575, 0xB575, 0xB534, 0xB534, 0x41E7, 0x41E7, 0x4A07,
    0x4A07, 0x41E7, 0x41E7, 0x4A07, 0x4A07, 0x5269, 0x5269, 0x3985, 0x3985, 0x83CE, 0x83CE, 0xC5F6,
    0xC5F6, 0xC5B6, 0xC5B6, 0xC5F6, 0xC5F6, 0xBDB6, 0xBDB6, 0xBDB6, 0xBDB6, 0xBDB6, 0xBDB6, 0xB554,
    0xB554, 0xB575, 0xB575, 0xB575, 0xB575, 0xB554, 0xB554, 0xB575, 0xB575, 0xB554, 0xB554, 0xB575,
    0xB575, 0xAD34, 0xAD34, 0x736D, 0x736D, 0x4A07, 0x4A07, 0x41C6, 0x41C6, 0x5268, 0x5268, 0x9450,
    0x9450, 0xC5F6, 0xC5F6, 0xBDB5, 0xBDB5, 0xB554, 0xB554, 0xB554, 0xB554, 0xB554, 0xB554, 0xB575,
    0xB575, 0xAD34, 0xAD34, 0xAD34, 0xB554, 0xB575, 0xB575, 0xB575, 0xB575, 0xB554, 0xB554, 0xB575,
    0xB575, 0xB554, 0xB554, 0xB575, 0xB575, 0xAD34, 0xAD34, 0x736D, 0x736D, 0x4A07, 0x4A07, 0x41C6,
    0x41C6, 0x5268, 0x5268, 0x9450, 0x9450, 0xC5F6, 0xC5F6, 0xBDB5, 0xBDB5, 0xB554, 0xB554, 0xB554,
    0xB554, 0xB554, 0xB554, 0xB575, 0xB575, 0xAD34, 0xAD34, 0xAD34, 0xAD13, 0xA4D2, 0xA4D2, 0xAD34,
    0xAD34, 0xAD34, 0xAD34, 0xA4D2, 0xA4D2, 0xAD13, 0xAD13, 0xA4D2, 0xA4D2, 0xA4D2, 0xA4D2, 0x736D,
    0x736D, 0x5269, 0x5269, 0x5228, 0x5228, 0x7BAE, 0x7BAE, 0x8C0F, 0x8C0F, 0x8C30, 0x8C30, 0x9CB2,
    0x9CB2, 0x9C91, 0x9C91, 0xAD13, 0xAD13, 0xAD13, 0xAD13, 0xA4D2, 0xA4D2, 0xA4D2, 0xA4D2, 0xA4D2,
    0xAD13, 0xA4D2, 0xA4D2, 0xAD34, 0xAD34, 0xAD34, 0xAD34, 0xA4D2, 0xA4D2, 0xAD13, 0xAD13, 0xA4D2,
    0xA4D2, 0xA4D2, 0xA4D2, 0x736D, 0x736D, 0x5269, 0x5269, 0x5228, 0x5228, 0x7BAE, 0x7BAE, 0x8C0F,
    0x8C0F, 0x8C30, 0x8C30, 0x9CB2, 0x9CB2, 0x9C91, 0x9C91, 0xAD13, 0xAD13, 0xAD13, 0xAD13, 0xA4D2,
    0xA4D2, 0xA4D2, 0xA4D2, 0xA4D2, 0x8C30, 0x9491, 0x9491, 0x8C30, 0x8C30, 0x9450, 0x9450, 0x8C30,
    0x8C30, 0x8C0F, 0x8C0F, 0x9450, 0x9450, 0x7BAE, 0x7BAE, 0x734C, 0x734C, 0x5269, 0x5269, 0x62CA,
    0x62CA, 0x6AEB, 0x6AEB, 0x8C0F, 0x8C0F, 0x8C30, 0x8C30, 0x9450, 0x7B8D, 0x5AAA, 0x5A89, 0x9471,
    0x9471, 0x9471, 0x9471, 0x9450, 0x9450, 0x9450, 0x9450, 0x9450, 0x8C30, 0x9491, 0x9491, 0x8C30,
    0x8C30, 0x9450, 0x3165, 0x3965, 0x3165, 0x734C, 0x8C0F, 0x9450, 0x9450, 0x7BAE, 0x7BAE, 0x734C,
    0x734C, 0x5269, 0x5269, 0x62CA, 0x62CA, 0x6AEB, 0x6AEB, 0x8C0F, 0x8C0F, 0x8C30, 0x8C30, 0x8C0F,
    0x41C6, 0x4A28, 0x3165, 0x9471, 0x9471, 0x9471, 0x9471, 0x9450, 0x9450, 0x9450, 0x9450, 0x9450,
    0x8C30, 0x8C0F, 0x8C0F, 0x83EE, 0x83EE, 0x7BAE, 0x41E7, 0x41C6, 0x3165, 0x3165, 0x62AA, 0x7BAE,
    0x7BAE, 0x7BAE, 0x7BAE, 0x3144, 0x3144, 0x41E6, 0x41E6, 0x1881, 0x1881, 0x41A6, 0x41A6, 0x6B2C,
    0x6B2C, 0x6B2C, 0x6B0B, 0x41A6, 0x3165, 0x3144, 0x3144, 0x6B2C, 0x736D, 0x736D, 0x736D, 0x7BAE,
    0x7BAE, 0x83EF, 0x83EF, 0x8C0F, 0x8C30, 0x8C0F, 0x8C0F, 0x83EE, 0x83EE, 0x7BAE, 0x62CA, 0x39A6,
    0x3165, 0x3144, 0x3165, 0x5AAA, 0x7BAE, 0x736C, 0x6B0B, 0x3144, 0x3144, 0x41E6, 0x41E6, 0x1881,
    0x1881, 0x41A6, 0x41A6, 0x6B2C, 0x6B2C, 0x6B2C, 0x49E7, 0x3144, 0x3144, 0x3144, 0x3165, 0x5248,
    0x736D, 0x736D, 0x736D, 0x7BAE, 0x7BAE, 0x83EF, 0x83EF, 0x8C0F, 0x7BAE, 0x7B8D, 0x7B8D, 0x736D,
    0x736D, 0x6B2C, 0x6B2C, 0x5268, 0x3165, 0x3144, 0x3144, 0x3144, 0x3165, 0x3144, 0x2924, 0x0800,
    0x0800, 0x0800, 0x0800, 0x0800, 0x0800, 0x0800, 0x0800, 0x0800, 0x0800, 0x3986, 0x3165, 0x3144,
    0x3165, 0x3144, 0x39A6, 0x5228, 0x5A89, 0x62CA, 0x62CA, 0x736D, 0x736D, 0x7B8D, 0x7B8D, 0x7BAE,
    0x7BAE, 0x7B8D, 0x7B8D, 0x736D, 0x736D, 0x6B2C, 0x6B2C, 0x62CA, 0x4A27, 0x3165, 0x3165, 0x3165,
    0x3165, 0x3144, 0x3124, 0x0800, 0x0800, 0x0800, 0x0800, 0x0800, 0x0800, 0x0800, 0x0800, 0x0800,
    0x1061, 0x3165, 0x3986, 0x3165, 0x3165, 0x3985, 0x5A89, 0x5A89, 0x5A89, 0x62CA, 0x62CA, 0x736D,
    0x736D, 0x7B8D, 0x7B8D, 0x7BAE, 0x7B8D, 0x736D, 0x736D, 0x6B2C, 0x6B2C, 0x62CA, 0x62CA, 0x5248,
    0x5228, 0x3144, 0x3144, 0x3144, 0x3144, 0x2923, 0x28E3, 0x1881, 0x1881, 0x20C2, 0x20C2, 0x20C2,
    0x20C2, 0x1881, 0x1881, 0x2903, 0x3124, 0x3144, 0x3123, 0x3144, 0x3165, 0x5227, 0x5268, 0x62CA,
    0x62CA, 0x62CA, 0x62CA, 0x6B2C, 0x6B2C, 0x734C, 0x734C, 0x736D, 0x7B8D, 0x736D, 0x736D, 0x6B2C,
    0x6B2C, 0x62CA, 0x62CA, 0x5248, 0x5248, 0x3123, 0x3144, 0x3124, 0x3144, 0x3144, 0x3144, 0x2924,
    0x28E3, 0x2903, 0x28E3, 0x28E3, 0x2903, 0x20E3, 0x2903, 0x3124, 0x28E2, 0x3123, 0x3123, 0x3985,
    0x3985, 0x5268, 0x5268, 0x62CA, 0x62CA, 0x62CA, 0x62CA, 0x6B2C, 0x6B2C, 0x734C, 0x734C, 0x736D,
    0x736D, 0x6B2C, 0x6B2C, 0x6AEA, 0x6AEA, 0x62A9, 0x62A9, 0x5A89, 0x5A89, 0x5A89, 0x5A89, 0x4A07,
    0x4A07, 0x5248, 0x4A27, 0x3985, 0x3985, 0x39A6, 0x3985, 0x3965, 0x3965, 0x41C6, 0x49E7, 0x4A07,
    0x4A07, 0x5268, 0x5268, 0x5268, 0x5268, 0x62A9, 0x62A9, 0x62CA, 0x62CA, 0x62CA, 0x62CA, 0x62CA,
    0x62CA, 0x6B2C, 0x6B2C, 0x6B2C, 0x736D, 0x6B2C, 0x6B2C, 0x6AEA, 0x6AEA, 0x62A9, 0x62A9, 0x5A89,
    0x5A89, 0x5A89, 0x5A89, 0x4A07, 0x4A07, 0x62CA, 0x62CA, 0x41A6, 0x41A6, 0x4A07, 0x4A07, 0x39A5,
    0x39A5, 0x4A07, 0x4A07, 0x4A07, 0x4A07, 0x5268, 0x5268, 0x5268, 0x5268, 0x62A9, 0x62A9, 0x62CA,
    0x62CA, 0x62CA, 0x62CA, 0x62CA, 0x62CA, 0x6B2C, 0x6B2C, 0x6B2C, 0x83CE, 0x62EB, 0x62EB, 0x62CA,
    0x62CA, 0x6289, 0x6289, 0x5A89, 0x5A89, 0x62CA, 0x62CA, 0x62CA, 0x62CA, 0x62CA, 0x62CA, 0x62CA,
    0x62CA, 0x6B0B, 0x6B0B, 0x6AEA, 0x6AEA, 0x6AEA, 0x6AEA, 0x6B0B, 0x6B0B, 0x6B0B, 0x6B0B, 0x6AEA,
    0x6AEA, 0x62CA, 0x62CA, 0x62CA, 0x62CA, 0x62CA, 0x62CA, 0x5AA9, 0x5AA9, 0x5AA9, 0x5AA9, 0x62CA,
    0x83CE, 0x62EB, 0x62EB, 0x62CA, 0x62CA, 0x6289, 0x6289, 0x5A89, 0x5A89, 0x62CA, 0x62CA, 0x62CA,
    0x62CA, 0x62CA, 0x62CA, 0x62CA, 0x62CA, 0x6B0B, 0x6B0B, 0x6AEA, 0x6AEA, 0x6AEA, 0x6AEA, 0x6B0B,
    0x6B0B, 0x6B0B, 0x6B0B, 0x6AEA, 0x6AEA, 0x62CA, 0x62CA, 0x62CA, 0x62CA, 0x62CA, 0x62CA, 0x5AA9,
    0x5AA9, 0x5AA9, 0x5AA9, 0x62CA
};

/* mouth_wave.png - 40x28 */
const uint16_t avatar_mouth_mouth_wave[1120] = {
    0xCDF7, 0xCDF7, 0xCDF7, 0xCDF7, 0xCDF7, 0xCDF7, 0xCDF7, 0xCDF7, 0xCDF7, 0xC5B6, 0xC5B6, 0xBDB6,
    0xBDB6, 0xBDB6, 0xBDB6, 0xC5F6, 0xC5F6, 0xC5F6, 0xC5F6, 0xC5F6, 0xC5F6, 0xC5F6, 0xC5F6, 0xC5F6,
    0xC5F6, 0xC5B6, 0xC5B6, 0xBD95, 0xBD95, 0xC5F6, 0xC5F6, 0xC617, 0xC617, 0xCE37, 0xCE37, 0xCE37,
    0xCE37, 0xCE37, 0xCE37, 0xCE37, 0xCDF7, 0xCDF7, 0xCDF7, 0xCDF7, 0xCDF7, 0xCDF7, 0xCDF7, 0xCDF7,
    0xCDF7, 0xC5B6, 0xC5B6, 0xBDB6, 0xBDB6, 0xBDB6, 0xBDB6, 0xC5F6, 0xC5F6, 0xC5F6, 0xC5F6, 0xC5F6,
    0xC5F6, 0xC5F6, 0xC5F6, 0xC5F6, 0xC5F6, 0xC5B6, 0xC5B6, 0xBD95, 0xBD95, 0xC5F6, 0xC5F6, 0xC617,
    0xC617, 0xCE37, 0xCE37, 0xCE37, 0xCE37, 0xCE37, 0xCE37, 0xCE37, 0xCDF7, 0xCDF7, 0xCDF7, 0xCDF7,
    0xCDF7, 0xCE37, 0xCE37, 0xCDF7, 0xCDF7, 0xBD75, 0xBD75, 0xB575, 0xB575, 0xB554, 0xB554, 0xC5B6,
    0xC5B6, 0xC5F6, 0xC5F6, 0xC5F6, 0xC5F6, 0xC5F6, 0xC5F6, 0xC5F6, 0xC5F6, 0xBD95, 0xBD95, 0xB554,
    0xB554, 0xC5F6, 0xC5F6, 0xCE37, 0xCE37, 0xCE37, 0xCE37, 0xCE37, 0xCE37, 0xCE37, 0xCE37, 0xC617,
    0xCDF7, 0xCDF7, 0xCDF7, 0xCDF7, 0xCDF7, 0xCE37, 0xCE37, 0xCDF7, 0xCDF7, 0xBD75, 0xBD75, 0xB575,
    0xB575, 0xB554, 0xB554, 0xC5B6, 0xC5B6, 0xC5F6, 0xC5F6, 0xC5F6, 0xC5F6, 0xC5F6, 0xC5F6, 0xC5F6,
    0xC5F6, 0xBD95, 0xBD95, 0xB554, 0xB554, 0xC5F6, 0xC5F6, 0xCE37, 0xCE37, 0xCE37, 0xCE37, 0xCE37,
    0xCE37, 0xCE37, 0xCE37, 0xC617, 0xCDD6, 0xCDF7, 0xCDF7, 0xCDF7, 0xCDF7, 0xCE37, 0xCE37, 0xC5F6,
    0xC5F6, 0xB554, 0xB554, 0xB554, 0xB554, 0xB554, 0xB554, 0xAD34, 0xAD34, 0xAD13, 0xAD13, 0xB575,
    0xB575, 0xA4D2, 0xA4D2, 0xB554, 0xB554, 0xA4F2, 0xA4F2, 0xAD33, 0xAD33, 0xCE17, 0xCE17, 0xCE37,
    0xCE37, 0xCE37, 0xCE37, 0xC617, 0xC617, 0xC5F6, 0xC5F6, 0xC5F6, 0xCDD6, 0xCDF7, 0xCDF7, 0xCDF7,
    0xCDF7, 0xCE37, 0xCE37, 0xC5F6, 0xC5F6, 0xB554, 0xB554, 0xB554, 0xB554, 0xB554, 0xB554, 0xAD34,
    0xAD34, 0xAD13, 0xAD13, 0xB575, 0xB575, 0xA4D2, 0xA4D2, 0xB554, 0xB554, 0xA4F2, 0xA4F2, 0xAD33,
    0xAD33, 0xCE17, 0xCE17, 0xCE37, 0xCE37, 0xCE37, 0xCE37, 0xC617, 0xC617, 0xC5F6, 0xC5F6, 0xC5F6,
    0xCDD6, 0xC617, 0xC617, 0xC617, 0xC617, 0xC617, 0xC617, 0xC5F6, 0xC5F6, 0x8C0F, 0x8C0F, 0x6B2C,
    0x6B2C, 0x6B2B, 0x6B2B, 0xAD34, 0xAD34, 0xA4D2, 0xA4D2, 0xA4D2, 0xA4D2, 0xA4D2, 0xA4D2, 0xB554,
    0xB554, 0x8C0F, 0x8C0F, 0x9491, 0x9491, 0xC5F6, 0xC5F6, 0xCE37, 0xCE37, 0xCE37, 0xCE37, 0xC617,
    0xC617, 0xC5F6, 0xC5F6, 0xBDB6, 0xCDD6, 0xC617, 0xC617, 0xC617, 0xC617, 0xC617, 0xC617, 0xC5F6,
    0xC5F6, 0x8C0F, 0x8C0F, 0x6B2C, 0x6B2C, 0x6B2B, 0x6B2B, 0xAD34, 0xAD34, 0xA4D2, 0xA4D2, 0xA4D2,
    0xA4D2, 0xA4D2, 0xA4D2, 0xB554, 0xB554, 0x8C0F, 0x8C0F, 0x9491, 0x9491, 0xC5F6, 0xC5F6, 0xCE37,
    0xCE37, 0xCE37, 0xCE37, 0xC617, 0xC617, 0xC5F6, 0xC5F6, 0xBDB6, 0xC5B6, 0xC5F6, 0xC5F6, 0xC617,
    0xC617, 0xC5F6, 0xC5F6, 0xC5F6, 0xC5F6, 0xBD95, 0xBD95, 0x4A28, 0x4A28, 0x2903, 0x2903, 0x1040,
    0x1040, 0x6B2C, 0x6B2C, 0x8C30, 0x8C30, 0x630B, 0x630B, 0x41C6, 0x41C6, 0x20E2, 0x20E2, 0x6B0B,
    0x6B0B, 0xC617, 0xC617, 0xC617, 0xC617, 0xC617, 0xC617, 0xC5F6, 0xC5F6, 0xBDB6, 0xBDB6, 0xB575,
    0xC5B6, 0xC5F6, 0xC5F6, 0xC617, 0xC617, 0xC5F6, 0xC5F6, 0xC5F6, 0xC5F6, 0xBD95, 0xBD95, 0x4A28,
    0x4A28, 0x2903, 0x2903, 0x1040, 0x1040, 0x6B2C, 0x6B2C, 0x8C30, 0x8C30, 0x630B, 0x630B, 0x41C6,
    0x41C6, 0x20E2, 0x20E2, 0x6B0B, 0x6B0B, 0xC617, 0xC617, 0xC617, 0xC617, 0xC617, 0xC617, 0xC5F6,
    0xC5F6, 0xBDB6, 0xBDB6, 0xB575, 0xB554, 0xB575, 0xB575, 0xBDB6, 0xBDB6, 0xBDB6, 0xBDB6, 0xB575,
    0xB575, 0xB575, 0xB575, 0xB534, 0xB534, 0x41E7, 0x41E7, 0x4A07, 0x4A07, 0x41E7, 0x41E7, 0x4A07,
    0x4A07, 0x5269, 0x5269, 0x3985, 0x3985, 0x83CE, 0x83CE, 0xC5F6, 0xC5F6, 0xC5B6, 0xC5B6, 0xC5F6,
    0xC5F6, 0xBDB6, 0xBDB6, 0xBDB6, 0xBDB6, 0xBDB6, 0xBDB6, 0xB554, 0xB554, 0xB575, 0xB575, 0xBDB6,
    0xBDB6, 0xBDB6, 0xBDB6, 0xB575, 0xB575, 0xB575, 0xB575, 0xB534, 0xB534, 0x41E7, 0x41E7, 0x4A07,
    0x4A07, 0x41E7, 0x41E7, 0x4A07, 0x4A07, 0x5269, 0x5269, 0x3985, 0x3985, 0x83CE, 0x83CE, 0xC5F6,
    0xC5F6, 0xC5B6, 0xC5B6, 0xC5F6, 0xC5F6, 0xBDB6, 0xBDB6, 0xBDB6, 0xBDB6, 0xBDB6, 0xBDB6, 0xB554,
    0xB554, 0xB575, 0xB575, 0xB575, 0xB575, 0xB554, 0xB554, 0xB575, 0xB575, 0xB554, 0xB554, 0xB575,
    0xB575, 0xAD34, 0xAD34, 0x736D, 0x736D, 0x4A07, 0x4A07, 0x41C6, 0x41C6, 0x5268, 0x5268, 0x9450,
    0x9450, 0xC5F6, 0xC5F6, 0xBDB5, 0xBDB5, 0xB554, 0xB554, 0xB554, 0xB554, 0xB554, 0xB554, 0xB575,
    0xB575, 0xAD34, 0xAD34, 0xAD34, 0xB554, 0xB575, 0xB575, 0xB575, 0xB575, 0xB554, 0xB554, 0xB575,
    0xB575, 0xB554, 0xB554, 0xB575, 0xB575, 0xAD34, 0xAD34, 0x736D, 0x736D, 0x4A07, 0x4A07, 0x41C6,
    0x41C6, 0x5268, 0x5268, 0x9450, 0x9450, 0xC5F6, 0xC5F6, 0xBDB5, 0xBDB5, 0xB554, 0xB554, 0xB554,
    0xB554, 0xB554, 0xB554, 0xB575, 0xB575, 0xAD34, 0xAD34, 0xAD34, 0xAD13, 0xA4D2, 0xA4D2, 0xAD34,
    0xAD34, 0xAD34, 0xAD34, 0xA4D2, 0xA4D2, 0xAD13, 0xAD13, 0xA4D2, 0xA4D2, 0xA4D2, 0xA4D2, 0x736D,
    0x736D, 0x5269, 0x5269, 0x5228, 0x5228, 0x7BAE, 0x7BAE, 0x8C0F, 0x8C0F, 0x8C30, 0x8C30, 0x9CB2,
    0x9CB2, 0x9C91, 0x9C91, 0xAD13, 0xAD13, 0xAD13, 0xAD13, 0xA4D2, 0xA4D2, 0xA4D2, 0xA4D2, 0xA4D2,
    0xAD13, 0xA4D2, 0xA4D2, 0xAD34, 0xAD34, 0xAD34, 0xAD34, 0xA4D2, 0xA4D2, 0xAD13, 0xAD13, 0xA4D2,
    0xA4D2, 0xA4D2, 0xA4D2, 0x736D, 0x736D, 0x5269, 0x5269, 0x5228, 0x5228, 0x7BAE, 0x7BAE, 0x8C0F,
    0x8C0F, 0x8C30, 0x8C30, 0x9CB2, 0x9CB2, 0x9C91, 0x9C91, 0xAD13, 0xAD13, 0xAD13, 0xAD13, 0xA4D2,
    0xA4D2, 0xA4D2, 0xA4D2, 0xA4D2, 0x8C30, 0x9491, 0x9491, 0x8C30, 0x8C30, 0x9450, 0x9450, 0x9450,
    0x9450, 0x8C0F, 0x8C0F, 0x9450, 0x9450, 0x7BAE, 0x7BAE, 0x734C, 0x734C, 0x5269, 0x5269, 0x62CA,
    0x62CA, 0x6AEB, 0x6AEB, 0x8C0F, 0x8C0F, 0x8C30, 0x8C30, 0x9450, 0x9450, 0x9450, 0x9450, 0x9471,
    0x9471, 0x9471, 0x9471, 0x9450, 0x9450, 0x9450, 0x9450, 0x9450, 0x8C30, 0x9491, 0x9491, 0x8C30,
    0x8C30, 0x9450, 0x9450, 0x8C30, 0x734C, 0x736D, 0x7BAE, 0x83CE, 0x83EE, 0x7B8D, 0x7B8D, 0x736D,
    0x736D, 0x6B2C, 0x62EB, 0x6B0B, 0x62EB, 0x6AEB, 0x6AEB, 0x8C0F, 0x8C0F, 0x8C30, 0x8C30, 0x9450,
    0x9450, 0x9450, 0x9450, 0x9471, 0x9471, 0x9471, 0x9471, 0x9450, 0x9450, 0x9450, 0x9450, 0x9450,
    0x8C30, 0x8C0F, 0x8C0F, 0x83EE, 0x7BAD, 0x7BAD, 0x736D, 0x734C, 0x736D, 0x736D, 0x736D, 0x736D,
    0x736D, 0x736D, 0x736D, 0x734C, 0x734C, 0x736D, 0x62CA, 0x3985, 0x39A6, 0x62EB, 0x734C, 0x734C,
    0x732C, 0x6B2C, 0x6B2C, 0x7B8D, 0x7B8D, 0x736D, 0x736D, 0x736D, 0x736D, 0x736D, 0x736D, 0x7BAE,
    0x7BAE, 0x83EF, 0x83EF, 0x8C0F, 0x8C30, 0x8C0F, 0x8C0F, 0x83EE, 0x736D, 0x62EB, 0x39A6, 0x3985,
    0x39A5, 0x4A28, 0x6B0B, 0x736D, 0x736D, 0x736D, 0x736D, 0x736D, 0x736D, 0x5A89, 0x28E3, 0x28E3,
    0x4A28, 0x3165, 0x734C, 0x736D, 0x736D, 0x734C, 0x734C, 0x7B6D, 0x7B6D, 0x736D, 0x734C, 0x6B0B,
    0x62EA, 0x62EA, 0x6B2C, 0x7BAE, 0x7BAE, 0x83EF, 0x83EF, 0x8C0F, 0x7BAE, 0x7B8D, 0x7B8D, 0x736D,
    0x6B2C, 0x3965, 0x39A5, 0x3985, 0x3965, 0x41C6, 0x3985, 0x5248, 0x6B2C, 0x734C, 0x736D, 0x5A69,
    0x41C6, 0x2903, 0x20E2, 0x2903, 0x41C6, 0x3144, 0x62CA, 0x736D, 0x734C, 0x734C, 0x736D, 0x736D,
    0x736D, 0x5269, 0x39A5, 0x3985, 0x3144, 0x2923, 0x3124, 0x5A89, 0x736D, 0x7B8D, 0x7B8D, 0x7BAE,
    0x7BAE, 0x7B8D, 0x7B8D, 0x736D, 0x3985, 0x3144, 0x4A28, 0x736D, 0x62EB, 0x3144, 0x62EA, 0x39A5,
    0x6B2C, 0x736D, 0x5AA9, 0x2923, 0x20E2, 0x2903, 0x5248, 0x734C, 0x62EB, 0x3164, 0x3164, 0x49E7,
    0x6B2C, 0x5AAA, 0x41C6, 0x39A5, 0x5269, 0x3144, 0x39A6, 0x3985, 0x4A07, 0x5A89, 0x39A6, 0x39A5,
    0x734C, 0x7B8D, 0x7B8D, 0x7BAE, 0x7B8D, 0x736D, 0x736D, 0x5AAA, 0x28E3, 0x41C6, 0x736D, 0x736D,
    0x736D, 0x5AA9, 0x39A5, 0x39A6, 0x5248, 0x5A89, 0x2903, 0x2923, 0x2903, 0x62CA, 0x736D, 0x736D,
    0x736D, 0x6B2C, 0x41C6, 0x3985, 0x41E6, 0x3124, 0x4A07, 0x2924, 0x3124, 0x2923, 0x5A89, 0x62EB,
    0x62CA, 0x62CA, 0x62CA, 0x4A07, 0x41C6, 0x6B2B, 0x734C, 0x736D, 0x7B8D, 0x736D, 0x736D, 0x5248,
    0x2903, 0x6B0B, 0x736D, 0x734C, 0x736D, 0x736D, 0x5A89, 0x3144, 0x28E3, 0x2903, 0x2923, 0x3985,
    0x6B0B, 0x736D, 0x736D, 0x734C, 0x734C, 0x736D, 0x6B0B, 0x41C6, 0x2903, 0x28E3, 0x2903, 0x2903,
    0x41E6, 0x6B2C, 0x734C, 0x62CA, 0x62CA, 0x62CA, 0x62CA, 0x6B0B, 0x41E7, 0x41C6, 0x62EA, 0x736D,
    0x736D, 0x6B2C, 0x6B2C, 0x734C, 0x736D, 0x736D, 0x734C, 0x736D, 0x736D, 0x736D, 0x736D, 0x62EB,
    0x41C6, 0x39A5, 0x62EB, 0x736D, 0x736D, 0x736D, 0x736D, 0x736D, 0x736D, 0x736D, 0x736D, 0x736D,
    0x5AAA, 0x41E7, 0x39A5, 0x41C6, 0x62CA, 0x732C, 0x6AEA, 0x62CA, 0x62CA, 0x62CA, 0x62CA, 0x62CA,
    0x62CA, 0x5269, 0x62CA, 0x6B2C, 0x736D, 0x6B2C, 0x6B2C, 0x732C, 0x732C, 0x6B2B, 0x6B0B, 0x6B0B,
    0x734C, 0x734C, 0x736D, 0x734C, 0x6B2C, 0x734C, 0x734C, 0x6B0B, 0x736D, 0x736D, 0x736D, 0x736D,
    0x736D, 0x736D, 0x736D, 0x736D, 0x736D, 0x736D, 0x736D, 0x736D, 0x734C, 0x62A9, 0x62A9, 0x62CA,
    0x62CA, 0x62CA, 0x62CA, 0x62CA, 0x62CA, 0x6B2C, 0x6B2C, 0x6B2C, 0x83CE, 0x62EB, 0x62EB, 0x62CA,
    0x62CA, 0x6289, 0x6289, 0x5A89, 0x62AA, 0x62EA, 0x62EA, 0x6B0B, 0x62EB, 0x62CA, 0x62CA, 0x62EB,
    0x62EB, 0x732B, 0x734C, 0x734C, 0x734C, 0x734C, 0x736D, 0x736D, 0x736D, 0x736D, 0x736C, 0x734C,
    0x6AEA, 0x62CA, 0x62CA, 0x62CA, 0x62CA, 0x62CA, 0x62CA, 0x5AA9, 0x5AA9, 0x5AA9, 0x5AA9, 0x62CA,
    0x83CE, 0x62EB, 0x62EB, 0x62CA, 0x62CA, 0x6289, 0x6289, 0x5A89, 0x5A89, 0x62CA, 0x62CA, 0x62CA,
    0x62CA, 0x62CA, 0x62CA, 0x62CA, 0x62CA, 0x6B0B, 0x6B0B, 0x6B0B, 0x732C, 0x732C, 0x6B0B, 0x6B0B,
    0x6B0B, 0x6B0B, 0x6B0B, 0x6AEA, 0x6AEA, 0x62CA, 0x62CA, 0x62CA, 0x62CA, 0x62CA, 0x62CA, 0x5AA9,
    0x5AA9, 0x5AA9, 0x5AA9, 0x62CA
};